    Updating crates.io index
 Downloading crates ...
  Downloaded num-integer v0.1.46
  Downloaded ahash v0.8.12
  Downloaded quote v1.0.46
  Downloaded num-complex v0.4.6
  Downloaded quinn-udp v0.5.14
  Downloaded quick-xml v0.41.0
  Downloaded rand_chacha v0.9.0
  Downloaded plotters-svg v0.3.7
  Downloaded quinn v0.11.11
  Downloaded futures-task v0.3.32
  Downloaded rand v0.10.1
  Downloaded itoa v1.0.18
  Downloaded proc-macro2 v1.0.106
  Downloaded humantime v2.3.0
  Downloaded hyper-rustls v0.27.9
  Downloaded integer-encoding v3.0.4
  Downloaded alloc-stdlib v0.2.4
  Downloaded rand_core v0.9.5
  Downloaded quinn-proto v0.11.15
  Downloaded getrandom v0.2.17
  Downloaded lru-slab v0.1.2
  Downloaded want v0.3.1
  Downloaded lock_api v0.4.14
  Downloaded zmij v1.0.21
  Downloaded untrusted v0.9.0
  Downloaded zeroize v1.9.0
  Downloaded zerovec-derive v0.11.3
  Downloaded anstyle v1.0.14
  Downloaded iana-time-zone v0.1.65
  Downloaded yoke v0.8.3
  Downloaded arrayvec v0.7.7
  Downloaded getrandom v0.4.3
  Downloaded http-body-util v0.1.3
  Downloaded icu_properties v2.2.0
  Downloaded matchit v0.8.4
  Downloaded uuid v1.23.4
  Downloaded icu_normalizer v2.2.0
  Downloaded rawpointer v0.2.1
  Downloaded object_store v0.13.2
  Downloaded zerocopy-derive v0.8.52
  Downloaded tiny-keccak v2.0.2
  Downloaded thiserror-impl v2.0.18
  Downloaded memchr v2.8.2
  Downloaded mio v1.2.1
  Downloaded num-rational v0.4.2
  Downloaded typenum v1.20.1
  Downloaded pin-project-lite v0.2.17
  Downloaded simba v0.9.1
  Downloaded hashbrown v0.17.1
  Downloaded idna v1.1.0
  Downloaded libm v0.2.16
  Downloaded oorandom v11.1.5
  Downloaded ordered-float v2.10.1
  Downloaded rand v0.9.4
  Downloaded rustc-hash v2.1.2
  Downloaded rustversion v1.0.22
  Downloaded plotters-backend v0.3.7
  Downloaded rand_core v0.10.1
  Downloaded signal-hook-registry v1.4.8
  Downloaded digest v0.10.7
  Downloaded errno v0.3.14
  Downloaded autocfg v1.5.1
  Downloaded tinyvec_macros v0.1.1
  Downloaded rustls-native-certs v0.8.4
  Downloaded serde_path_to_error v0.1.20
  Downloaded simdutf8 v0.1.5
  Downloaded paste v1.0.15
  Downloaded num-traits v0.2.19
  Downloaded tokio-macros v2.7.0
  Downloaded flate2 v1.1.9
  Downloaded arrow-data v58.4.0
  Downloaded clap_lex v1.1.0
  Downloaded synstructure v0.13.2
  Downloaded tinytemplate v1.2.1
  Downloaded pkg-config v0.3.33
  Downloaded tracing-attributes v0.1.31
  Downloaded regex v1.12.4
  Downloaded tinyvec v1.11.0
  Downloaded const-random v0.1.18
  Downloaded plotters v0.3.7
  Downloaded snap v1.1.1
  Downloaded thiserror v2.0.18
  Downloaded brotli-decompressor v5.0.3
  Downloaded parking_lot v0.12.5
  Downloaded serde_core v1.0.228
  Downloaded serde_urlencoded v0.7.1
  Downloaded sync_wrapper v1.0.2
  Downloaded try-lock v0.2.5
  Downloaded parquet v58.4.0
  Downloaded rustls-pki-types v1.15.0
  Downloaded chrono v0.4.45
  Downloaded tower-service v0.3.3
  Downloaded flatbuffers v25.12.19
  Downloaded rustls-platform-verifier v0.7.0
  Downloaded slab v0.4.12
  Downloaded potential_utf v0.1.5
  Downloaded thrift v0.17.0
  Downloaded blake3 v1.8.5
  Downloaded lz4_flex v0.13.1
  Downloaded rustls v0.23.45
  Downloaded serde_derive v1.0.228
  Downloaded scopeguard v1.2.0
  Downloaded percent-encoding v2.3.2
  Downloaded serde v1.0.228
  Downloaded parking_lot_core v0.9.12
  Downloaded safe_arch v0.7.4
  Downloaded semver v1.0.28
  Downloaded rustls-webpki v0.103.15
  Downloaded smallvec v1.15.2
  Downloaded serde_json v1.0.150
  Downloaded tempfile v3.27.0
  Downloaded rayon-core v1.13.0
  Downloaded rustix v1.1.4
  Downloaded ryu v1.0.23
  Downloaded object_store v0.14.1
  Downloaded once_cell v1.21.4
  Downloaded same-file v1.0.6
  Downloaded stable_deref_trait v1.2.1
  Downloaded subtle v2.6.1
  Downloaded tokio-rustls v0.26.4
  Downloaded tower-layer v0.3.3
  Downloaded ppv-lite86 v0.2.21
  Downloaded spin v0.10.1
  Downloaded reqwest v0.13.4
  Downloaded block-buffer v0.12.1
  Downloaded openssl-probe v0.2.1
  Downloaded shlex v2.0.1
  Downloaded sha2-asm v0.6.4
  Downloaded regex-syntax v0.8.11
  Downloaded async-trait v0.1.89
  Downloaded cfg-if v1.0.4
  Downloaded tower v0.5.3
  Downloaded rustc_version v0.4.1
  Downloaded futures-core v0.3.32
  Downloaded cfg_aliases v0.2.1
  Downloaded tracing-core v0.1.36
  Downloaded yoke-derive v0.8.2
  Downloaded base64 v0.22.1
  Downloaded socket2 v0.6.4
  Downloaded byteorder v1.5.0
  Downloaded cpufeatures v0.3.0
  Downloaded regex-automata v0.4.14
  Downloaded seq-macro v0.3.6
  Downloaded sha2 v0.10.9
  Downloaded tinystr v0.8.3
  Downloaded rayon v1.12.0
  Downloaded syn v2.0.118
  Downloaded tower-http v0.6.11
  Downloaded const-random-macro v0.1.16
  Downloaded chacha20 v0.10.1
  Downloaded dunce v1.0.5
  Downloaded crossbeam-epoch v0.9.20
  Downloaded tokio-util v0.7.18
  Downloaded clap_builder v4.6.0
  Downloaded writeable v0.6.3
  Downloaded anes v0.1.6
  Downloaded tracing v0.1.44
  Downloaded axum-core v0.5.6
  Downloaded digest v0.11.3
  Downloaded find-msvc-tools v0.1.9
  Downloaded futures-channel v0.3.32
  Downloaded fastrand v2.4.1
  Downloaded arrow-select v58.4.0
  Downloaded crossbeam-deque v0.8.6
  Downloaded criterion v0.7.0
  Downloaded hyper v1.10.1
  Downloaded litemap v0.8.2
  Downloaded cpufeatures v0.2.17
  Downloaded crc-catalog v2.5.0
  Downloaded crunchy v0.2.4
  Downloaded either v1.16.0
  Downloaded fnv v1.0.7
  Downloaded ipnet v2.12.0
  Downloaded bitflags v2.13.0
  Downloaded form_urlencoded v1.2.2
  Downloaded tokio v1.52.3
  Downloaded getrandom v0.3.4
  Downloaded ring v0.17.14
  Downloaded brotli v8.0.4
  Downloaded url v2.5.8
  Downloaded crc-fast v1.9.0
  Downloaded futures-macro v0.3.32
  Downloaded equivalent v1.0.2
  Downloaded alloc-no-stdlib v2.0.4
  Downloaded utf8_iter v1.0.4
  Downloaded httparse v1.10.1
  Downloaded futures-sink v0.3.32
  Downloaded nalgebra-macros v0.2.2
  Downloaded zstd v0.13.3
  Downloaded icu_provider v2.2.0
  Downloaded log v0.4.33
  Downloaded zerofrom-derive v0.1.7
  Downloaded generic-array v0.14.7
  Downloaded hybrid-array v0.4.13
  Downloaded unicode-ident v1.0.24
  Downloaded arrow-schema v58.4.0
  Downloaded twox-hash v2.1.2
  Downloaded clap v4.6.1
  Downloaded hyper-util v0.1.20
  Downloaded crypto-common v0.2.2
  Downloaded num-bigint v0.4.6
  Downloaded wide v0.7.33
  Downloaded ciborium v0.2.2
  Downloaded itertools v0.15.0
  Downloaded zerovec v0.11.6
  Downloaded half v2.7.1
  Downloaded ciborium-ll v0.2.2
  Downloaded futures-util v0.3.32
  Downloaded http v1.4.2
  Downloaded arrow-array v58.4.0
  Downloaded aho-corasick v1.1.4
  Downloaded axum v0.8.9
  Downloaded h2 v0.4.16
  Downloaded icu_normalizer_data v2.2.0
  Downloaded nalgebra v0.33.3
  Downloaded nix v0.31.3
  Downloaded arrow-ipc v58.4.0
  Downloaded cmake v0.1.58
  Downloaded zerofrom v0.1.8
  Downloaded crossbeam-utils v0.8.21
  Downloaded idna_adapter v1.2.2
  Downloaded atomic-waker v1.1.2
  Downloaded block-buffer v0.10.4
  Downloaded cast v0.3.0
  Downloaded criterion-plot v0.6.0
  Downloaded approx v0.5.1
  Downloaded version_check v0.9.5
  Downloaded crypto-common v0.1.7
  Downloaded displaydoc v0.2.6
  Downloaded jobserver v0.1.34
  Downloaded matrixmultiply v0.3.11
  Downloaded memory-stats v1.2.0
  Downloaded zstd-safe v7.2.4
  Downloaded arrow-buffer v58.4.0
  Downloaded icu_locale_core v2.2.0
  Downloaded icu_collections v2.2.0
  Downloaded mime v0.3.17
  Downloaded arrayref v0.3.9
  Downloaded futures-io v0.3.32
  Downloaded crc v3.3.0
  Downloaded httpdate v1.0.3
  Downloaded ciborium-io v0.2.2
  Downloaded constant_time_eq v0.4.2
  Downloaded md-5 v0.11.0
  Downloaded bytemuck v1.25.1
  Downloaded itertools v0.14.0
  Downloaded indexmap v2.14.0
  Downloaded aws-lc-sys v0.45.0
  Downloaded http-body v1.0.1
  Downloaded futures v0.3.32
  Downloaded icu_properties_data v2.2.0
  Downloaded walkdir v2.5.0
  Downloaded zerotrie v0.2.4
  Downloaded fs_extra v1.3.0
  Downloaded cc v1.2.65
  Downloaded zlib-rs v0.6.5
  Downloaded itertools v0.13.0
  Downloaded aws-lc-rs v1.18.1
  Downloaded zstd-sys v2.0.16+zstd.1.5.7
  Downloaded bytes v1.12.0
  Downloaded zerocopy v0.8.52
  Downloaded libc v0.2.186
  Downloaded linux-raw-sys v0.12.1
   Compiling proc-macro2 v1.0.106
   Compiling quote v1.0.46
   Compiling unicode-ident v1.0.24
   Compiling syn v2.0.118
   Compiling libc v0.2.186
   Compiling autocfg v1.5.1
   Compiling jobserver v0.1.34
   Compiling libm v0.2.16
   Compiling shlex v2.0.1
   Compiling find-msvc-tools v0.1.9
   Compiling cc v1.2.65
   Compiling num-traits v0.2.19
   Compiling cfg-if v1.0.4
   Compiling bytes v1.12.0
   Compiling once_cell v1.21.4
   Compiling synstructure v0.13.2
   Compiling pkg-config v0.3.33
   Compiling zerofrom-derive v0.1.7
   Compiling itoa v1.0.18
   Compiling pin-project-lite v0.2.17
   Compiling serde_core v1.0.228
   Compiling zerofrom v0.1.8
   Compiling yoke-derive v0.8.2
   Compiling stable_deref_trait v1.2.1
   Compiling memchr v2.8.2
   Compiling futures-core v0.3.32
   Compiling yoke v0.8.3
   Compiling zerovec-derive v0.11.3
   Compiling version_check v0.9.5
   Compiling zerovec v0.11.6
   Compiling errno v0.3.14
   Compiling displaydoc v0.2.6
   Compiling smallvec v1.15.2
   Compiling zerocopy v0.8.52
   Compiling futures-sink v0.3.32
   Compiling serde v1.0.228
   Compiling signal-hook-registry v1.4.8
   Compiling socket2 v0.6.4
   Compiling mio v1.2.1
   Compiling zerocopy-derive v0.8.52
   Compiling serde_derive v1.0.228
   Compiling tokio-macros v2.7.0
   Compiling log v0.4.33
   Compiling tokio v1.52.3
   Compiling http v1.4.2
   Compiling tracing-core v0.1.36
   Compiling tracing-attributes v0.1.31
   Compiling slab v0.4.12
   Compiling typenum v1.20.1
   Compiling tracing v0.1.44
   Compiling futures-channel v0.3.32
   Compiling tinystr v0.8.3
   Compiling cmake v0.1.58
   Compiling litemap v0.8.2
   Compiling fs_extra v1.3.0
   Compiling writeable v0.6.3
   Compiling hashbrown v0.17.1
   Compiling dunce v1.0.5
   Compiling aws-lc-sys v0.45.0
   Compiling icu_locale_core v2.2.0
   Compiling zerotrie v0.2.4
   Compiling potential_utf v0.1.5
   Compiling futures-macro v0.3.32
   Compiling icu_normalizer_data v2.2.0
   Compiling utf8_iter v1.0.4
   Compiling futures-io v0.3.32
   Compiling percent-encoding v2.3.2
   Compiling futures-task v0.3.32
   Compiling icu_properties_data v2.2.0
   Compiling futures-util v0.3.32
   Compiling icu_collections v2.2.0
   Compiling icu_provider v2.2.0
   Compiling half v2.7.1
   Compiling num-integer v0.1.46
   Compiling either v1.16.0
   Compiling bitflags v2.13.0
   Compiling zeroize v1.9.0
   Compiling aws-lc-rs v1.18.1
   Compiling icu_properties v2.2.0
   Compiling icu_normalizer v2.2.0
   Compiling form_urlencoded v1.2.2
   Compiling http-body v1.0.1
   Compiling generic-array v0.14.7
   Compiling idna_adapter v1.2.2
   Compiling rustls-pki-types v1.15.0
   Compiling zstd-sys v2.0.16+zstd.1.5.7
   Compiling equivalent v1.0.2
   Compiling iana-time-zone v0.1.65
   Compiling getrandom v0.3.4
   Compiling crossbeam-utils v0.8.21
   Compiling tower-service v0.3.3
   Compiling zmij v1.0.21
   Compiling httparse v1.10.1
   Compiling chrono v0.4.45
   Compiling indexmap v2.14.0
   Compiling idna v1.1.0
   Compiling num-bigint v0.4.6
   Compiling tokio-util v0.7.18
   Compiling ahash v0.8.12
   Compiling num-complex v0.4.6
   Compiling semver v1.0.28
   Compiling crossbeam-epoch v0.9.20
   Compiling base64 v0.22.1
   Compiling serde_json v1.0.150
   Compiling untrusted v0.9.0
   Compiling try-lock v0.2.5
   Compiling atomic-waker v1.1.2
   Compiling rustls v0.23.45
   Compiling parking_lot_core v0.9.12
   Compiling fnv v1.0.7
   Compiling h2 v0.4.16
   Compiling want v0.3.1
   Compiling rustls-webpki v0.103.15
   Compiling rustc_version v0.4.1
   Compiling arrow-buffer v58.4.0
   Compiling url v2.5.8
   Compiling sync_wrapper v1.0.2
   Compiling arrow-schema v58.4.0
   Compiling scopeguard v1.2.0
   Compiling thiserror v2.0.18
   Compiling rand_core v0.10.1
   Compiling subtle v2.6.1
   Compiling zstd-safe v7.2.4
   Compiling getrandom v0.4.3
   Compiling tower-layer v0.3.3
   Compiling httpdate v1.0.3
   Compiling paste v1.0.15
   Compiling hyper v1.10.1
   Compiling lock_api v0.4.14
   Compiling arrow-data v58.4.0
   Compiling flatbuffers v25.12.19
   Compiling block-buffer v0.10.4
   Compiling crypto-common v0.1.7
   Compiling hybrid-array v0.4.13
   Compiling thiserror-impl v2.0.18
   Compiling rayon-core v1.13.0
   Compiling alloc-no-stdlib v2.0.4
   Compiling ipnet v2.12.0
   Compiling hyper-util v0.1.20
   Compiling alloc-stdlib v0.2.4
   Compiling digest v0.10.7
   Compiling parking_lot v0.12.5
   Compiling arrow-array v58.4.0
   Compiling crossbeam-deque v0.8.6
   Compiling tower v0.5.3
   Compiling http-body-util v0.1.3
   Compiling async-trait v0.1.89
   Compiling humantime v2.3.0
   Compiling cfg_aliases v0.2.1
   Compiling rustversion v1.0.22
   Compiling snap v1.1.1
   Compiling cpufeatures v0.3.0
   Compiling openssl-probe v0.2.1
   Compiling bytemuck v1.25.1
   Compiling safe_arch v0.7.4
   Compiling rustls-native-certs v0.8.4
   Compiling nix v0.31.3
   Compiling arrow-select v58.4.0
   Compiling zstd v0.13.3
   Compiling brotli-decompressor v5.0.3
   Compiling crypto-common v0.2.2
   Compiling block-buffer v0.12.1
   Compiling tokio-rustls v0.26.4
   Compiling itertools v0.14.0
   Compiling aho-corasick v1.1.4
   Compiling ordered-float v2.10.1
   Compiling matrixmultiply v0.3.11
   Compiling integer-encoding v3.0.4
   Compiling rustix v1.1.4
   Compiling byteorder v1.5.0
   Compiling ryu v1.0.23
   Compiling same-file v1.0.6
   Compiling crc-catalog v2.5.0
   Compiling twox-hash v2.1.2
   Compiling zlib-rs v0.6.5
   Compiling regex-syntax v0.8.11
   Compiling regex-automata v0.4.14
   Compiling flate2 v1.1.9
   Compiling lz4_flex v0.13.1
   Compiling crc v3.3.0
   Compiling walkdir v2.5.0
   Compiling serde_urlencoded v0.7.1
   Compiling thrift v0.17.0
   Compiling object_store v0.13.2
   Compiling hyper-rustls v0.27.9
   Compiling digest v0.11.3
   Compiling brotli v8.0.4
   Compiling arrow-ipc v58.4.0
   Compiling rayon v1.12.0
   Compiling rustls-platform-verifier v0.7.0
   Compiling wide v0.7.33
   Compiling chacha20 v0.10.1
   Compiling tower-http v0.6.11
   Compiling futures v0.3.32
   Compiling approx v0.5.1
   Compiling blake3 v1.8.5
   Compiling plotters-backend v0.3.7
   Compiling simdutf8 v0.1.5
   Compiling rawpointer v0.2.1
   Compiling spin v0.10.1
   Compiling seq-macro v0.3.6
   Compiling clap_lex v1.1.0
   Compiling ciborium-io v0.2.2
   Compiling anstyle v1.0.14
   Compiling linux-raw-sys v0.12.1
   Compiling cpufeatures v0.2.17
   Compiling sha2 v0.10.9
   Compiling clap_builder v4.6.0
   Compiling ciborium-ll v0.2.2
   Compiling parquet v58.4.0
   Compiling crc-fast v1.9.0
   Compiling plotters-svg v0.3.7
   Compiling simba v0.9.1
   Compiling reqwest v0.13.4
   Compiling rand v0.10.1
   Compiling md-5 v0.11.0
   Compiling regex v1.12.4
   Compiling itertools v0.13.0
   Compiling itertools v0.15.0
   Compiling num-rational v0.4.2
   Compiling ppv-lite86 v0.2.21
   Compiling quick-xml v0.41.0
   Compiling nalgebra-macros v0.2.2
   Compiling mime v0.3.17
   Compiling arrayref v0.3.9
   Compiling constant_time_eq v0.4.2
   Compiling fastrand v2.4.1
   Compiling cast v0.3.0
   Compiling borsuk-fma v0.1.0 (/mnt/borsuk-reducer/source/crates/borsuk-fma)
   Compiling rand_core v0.9.5
   Compiling arrayvec v0.7.7
   Compiling rand_chacha v0.9.0
   Compiling borsuk-pq4 v0.1.0 (/mnt/borsuk-reducer/source/crates/borsuk-pq4)
   Compiling criterion-plot v0.6.0
   Compiling tempfile v3.27.0
   Compiling axum-core v0.5.6
   Compiling nalgebra v0.33.3
   Compiling object_store v0.14.1
   Compiling plotters v0.3.7
   Compiling ciborium v0.2.2
   Compiling clap v4.6.1
   Compiling uuid v1.23.4
   Compiling tinytemplate v1.2.1
   Compiling serde_path_to_error v0.1.20
   Compiling anes v0.1.6
   Compiling oorandom v11.1.5
   Compiling matchit v0.8.4
   Compiling axum v0.8.9
   Compiling criterion v0.7.0
   Compiling borsuk v0.1.0 (/mnt/borsuk-reducer/source/crates/borsuk)
warning: unused imports: `NativeAnnRef` and `native_ann_root_bytes`
   --> crates/borsuk/src/index.rs:121:9
    |
121 |         NativeAnnRef, NativeBoundedAnnRef, native_ann_root_bytes, native_bounded_ann_root_bytes,
    |         ^^^^^^^^^^^^                       ^^^^^^^^^^^^^^^^^^^^^
    |
    = note: `#[warn(unused_imports)]` (part of `#[warn(unused)]`) on by default

warning: unnecessary parentheses around `if` condition
  --> crates/borsuk/src/physical_interval.rs:85:8
   |
85 |     if (geometry.page_count == 0
   |        ^
...
91 |         || primary_pages.is_empty())
   |                                    ^
   |
   = note: `#[warn(unused_parens)]` (part of `#[warn(unused)]`) on by default
help: remove these parentheses
   |
85 ~     if geometry.page_count == 0
86 |         || geometry.full_page_units == 0
...
90 |         || geometry.max_gets == 0
91 ~         || primary_pages.is_empty()
   |

warning: unnecessary parentheses around `if` condition
   --> crates/borsuk/src/resident_fp16_tier.rs:614:12
    |
614 |         if (query.len() != self.dimensions
    |            ^
...
617 |             || top_k > candidates.len())
    |                                        ^
    |
help: remove these parentheses
    |
614 ~         if query.len() != self.dimensions
615 |             || query.iter().any(|x| !x.is_finite())
616 |             || top_k == 0
617 ~             || top_k > candidates.len()
    |

warning: method `refresh_resident_global_ann_from_summaries` is never used
     --> crates/borsuk/src/index.rs:25681:8
      |
 4126 | impl BorsukIndex {
      | ---------------- method in this implementation
...
25681 |     fn refresh_resident_global_ann_from_summaries(
      |        ^^^^^^^^^^^^^^^^^^^^^^^^^^^^^^^^^^^^^^^^^^
      |
      = note: `#[warn(dead_code)]` (part of `#[warn(unused)]`) on by default

warning: function `native_ann_root_from_bytes` is never used
   --> crates/borsuk/src/native_ann.rs:530:15
    |
530 | pub(crate) fn native_ann_root_from_bytes(bytes: &[u8]) -> Result<NativeAnnRef> {
    |               ^^^^^^^^^^^^^^^^^^^^^^^^^^

warning: function `native_bounded_ann_root_from_bytes` is never used
   --> crates/borsuk/src/native_ann.rs:556:15
    |
556 | pub(crate) fn native_bounded_ann_root_from_bytes(bytes: &[u8]) -> Result<NativeBoundedAnnRef> {
    |               ^^^^^^^^^^^^^^^^^^^^^^^^^^^^^^^^^^

warning: constant `PQ_WIDTH` is never used
  --> crates/borsuk/src/native_ann_build.rs:26:7
   |
26 | const PQ_WIDTH: usize = 16;
   |       ^^^^^^^^

warning: function `fit_quantizer` is never used
   --> crates/borsuk/src/native_ann_build.rs:154:4
    |
154 | fn fit_quantizer(
    |    ^^^^^^^^^^^^^

warning: function `padded_codebooks` is never used
   --> crates/borsuk/src/native_ann_build.rs:189:4
    |
189 | fn padded_codebooks(quantizer: &RotatedProductQuantizer, dimensions: usize) -> Vec<f32> {
    |    ^^^^^^^^^^^^^^^^

warning: function `encode_codebooks` is never used
   --> crates/borsuk/src/native_ann_build.rs:205:4
    |
205 | fn encode_codebooks(row: &[f32], summary: &[f32], dimensions: usize) -> Result<Vec<u8>> {
    |    ^^^^^^^^^^^^^^^^

warning: function `encode_row_codes` is never used
   --> crates/borsuk/src/native_ann_build.rs:249:4
    |
249 | fn encode_row_codes(codes: Vec<u8>) -> Result<Vec<u8>> {
    |    ^^^^^^^^^^^^^^^^

warning: function `encode_summary_codes` is never used
   --> crates/borsuk/src/native_ann_build.rs:267:4
    |
267 | fn encode_summary_codes(codes: Vec<u8>, pages: usize) -> Result<Vec<u8>> {
    |    ^^^^^^^^^^^^^^^^^^^^

warning: function `build_native_generation` is never used
   --> crates/borsuk/src/native_ann_build.rs:722:15
    |
722 | pub(crate) fn build_native_generation<'a>(
    |               ^^^^^^^^^^^^^^^^^^^^^^^

warning: struct `NativeAnnHandle` is never constructed
   --> crates/borsuk/src/native_ann_read.rs:163:19
    |
163 | pub(crate) struct NativeAnnHandle {
    |                   ^^^^^^^^^^^^^^^

warning: struct `NativeBoundedAnnHandle` is never constructed
   --> crates/borsuk/src/native_ann_read.rs:183:19
    |
183 | pub(crate) struct NativeBoundedAnnHandle {
    |                   ^^^^^^^^^^^^^^^^^^^^^^

warning: methods `generation` and `search` are never used
    --> crates/borsuk/src/native_ann_read.rs:989:25
     |
 895 | impl NativeAnnSnapshot {
     | ---------------------- methods in this implementation
...
 989 |     pub(crate) const fn generation(&self) -> u64 {
     |                         ^^^^^^^^^^
...
1039 |     pub(crate) fn search(&self, query: &[f32], k: usize) -> Result<NativeSearchOutcome> {
     |                   ^^^^^^

warning: methods `generation` and `search` are never used
    --> crates/borsuk/src/native_ann_read.rs:1319:25
     |
1194 | impl NativeBoundedAnnSnapshot {
     | ----------------------------- methods in this implementation
...
1319 |     pub(crate) const fn generation(&self) -> u64 {
     |                         ^^^^^^^^^^
...
1370 |     pub(crate) fn search(&self, query: &[f32], k: usize) -> Result<NativeBoundedSearchOutcome> {
     |                   ^^^^^^

warning: associated items `new`, `snapshot`, and `replace_if_newer` are never used
    --> crates/borsuk/src/native_ann_read.rs:1533:19
     |
1532 | impl NativeBoundedAnnHandle {
     | --------------------------- associated items in this implementation
1533 |     pub(crate) fn new(snapshot: Arc<NativeBoundedAnnSnapshot>) -> Self {
     |                   ^^^
...
1539 |     pub(crate) fn snapshot(&self) -> Arc<NativeBoundedAnnSnapshot> {
     |                   ^^^^^^^^
...
1548 |     pub(crate) fn replace_if_newer(
     |                   ^^^^^^^^^^^^^^^^

warning: associated items `new`, `snapshot`, and `replace_if_newer` are never used
    --> crates/borsuk/src/native_ann_read.rs:1567:19
     |
1566 | impl NativeAnnHandle {
     | -------------------- associated items in this implementation
1567 |     pub(crate) fn new(snapshot: Arc<NativeAnnSnapshot>) -> Self {
     |                   ^^^
...
1573 |     pub(crate) fn snapshot(&self) -> Arc<NativeAnnSnapshot> {
     |                   ^^^^^^^^
...
1582 |     pub(crate) fn replace_if_newer(&self, replacement: Arc<NativeAnnSnapshot>) -> Result<bool> {
     |                   ^^^^^^^^^^^^^^^^

warning: constant `CANDIDATE_WIDTHS` is never used
  --> crates/borsuk/src/v41_forest_probe.rs:23:7
   |
23 | const CANDIDATE_WIDTHS: [usize; 5] = [64, 80, 96, 112, 123];
   |       ^^^^^^^^^^^^^^^^

warning: constant `LEAF_LIMITS` is never used
  --> crates/borsuk/src/v41_forest_probe.rs:24:7
   |
24 | const LEAF_LIMITS: [usize; 6] = [1, 2, 4, 8, 16, 32];
   |       ^^^^^^^^^^^

warning: constant `CALIBRATION_MIX_PPM` is never used
  --> crates/borsuk/src/v41_forest_probe.rs:25:7
   |
25 | const CALIBRATION_MIX_PPM: [u32; 4] = [1_000_000, 750_000, 500_000, 250_000];
   |       ^^^^^^^^^^^^^^^^^^^

warning: constant `MASS_FEATURES` is never used
  --> crates/borsuk/src/v41_forest_probe.rs:30:7
   |
30 | const MASS_FEATURES: usize = 8;
   |       ^^^^^^^^^^^^^

warning: struct `CandidateWidthScreen` is never constructed
  --> crates/borsuk/src/v41_forest_probe.rs:82:8
   |
82 | struct CandidateWidthScreen {
   |        ^^^^^^^^^^^^^^^^^^^^

warning: struct `LeafLimitScreen` is never constructed
  --> crates/borsuk/src/v41_forest_probe.rs:88:8
   |
88 | struct LeafLimitScreen {
   |        ^^^^^^^^^^^^^^^

warning: struct `CalibrationScreen` is never constructed
  --> crates/borsuk/src/v41_forest_probe.rs:95:8
   |
95 | struct CalibrationScreen {
   |        ^^^^^^^^^^^^^^^^^

warning: struct `LocalModeScreen` is never constructed
   --> crates/borsuk/src/v41_forest_probe.rs:102:8
    |
102 | struct LocalModeScreen {
    |        ^^^^^^^^^^^^^^^

warning: struct `ProbeResult` is never constructed
   --> crates/borsuk/src/v41_forest_probe.rs:113:8
    |
113 | struct ProbeResult {
    |        ^^^^^^^^^^^

warning: type alias `CalibratedLeafSummary` is never used
   --> crates/borsuk/src/v41_forest_probe.rs:177:6
    |
177 | type CalibratedLeafSummary = Vec<(OwnerPair, f64)>;
    |      ^^^^^^^^^^^^^^^^^^^^^

warning: function `gt_greedy` is never used
   --> crates/borsuk/src/v41_forest_probe.rs:424:4
    |
424 | fn gt_greedy(
    |    ^^^^^^^^^

warning: function `local_mode_pair_ranking` is never used
   --> crates/borsuk/src/v41_forest_probe.rs:577:4
    |
577 | fn local_mode_pair_ranking(
    |    ^^^^^^^^^^^^^^^^^^^^^^^

warning: function `local_mode_tree_rrf` is never used
   --> crates/borsuk/src/v41_forest_probe.rs:621:4
    |
621 | fn local_mode_tree_rrf(
    |    ^^^^^^^^^^^^^^^^^^^

warning: function `local_mode_page_features` is never used
   --> crates/borsuk/src/v41_forest_probe.rs:672:4
    |
672 | fn local_mode_page_features(
    |    ^^^^^^^^^^^^^^^^^^^^^^^^

warning: function `page_truth_masses` is never used
   --> crates/borsuk/src/v41_forest_probe.rs:754:4
    |
754 | fn page_truth_masses(
    |    ^^^^^^^^^^^^^^^^^

warning: function `fit_mass_model` is never used
   --> crates/borsuk/src/v41_forest_probe.rs:772:4
    |
772 | fn fit_mass_model(examples: &[([f64; MASS_FEATURES], f64)]) -> [f64; MASS_FEATURES] {
    |    ^^^^^^^^^^^^^^

warning: function `select_mass_pages` is never used
   --> crates/borsuk/src/v41_forest_probe.rs:816:4
    |
816 | fn select_mass_pages(
    |    ^^^^^^^^^^^^^^^^^

warning: function `initial_nonlinear_parameters` is never used
    --> crates/borsuk/src/v41_forest_probe.rs:1393:4
     |
1393 | fn initial_nonlinear_parameters() -> Vec<f64> {
     |    ^^^^^^^^^^^^^^^^^^^^^^^^^^^^

warning: function `calibrated_leaf_summaries` is never used
    --> crates/borsuk/src/v41_forest_probe.rs:1567:4
     |
1567 | fn calibrated_leaf_summaries(
     |    ^^^^^^^^^^^^^^^^^^^^^^^^^

warning: function `calibrated_pair_weights` is never used
    --> crates/borsuk/src/v41_forest_probe.rs:1661:4
     |
1661 | fn calibrated_pair_weights(
     |    ^^^^^^^^^^^^^^^^^^^^^^^

warning: function `blend_pair_weights` is never used
    --> crates/borsuk/src/v41_forest_probe.rs:1684:4
     |
1684 | fn blend_pair_weights(
     |    ^^^^^^^^^^^^^^^^^^

warning: function `discovery_mode` is never used
   --> crates/borsuk/src/two_bit_store.rs:352:21
    |
352 | pub(crate) async fn discovery_mode(
    |                     ^^^^^^^^^^^^^^

warning: missing documentation for a constant
  --> crates/borsuk/src/budget_object_fitter.rs:12:1
   |
12 | pub const SEED: u64 = 20260923;
   | ^^^^^^^^^^^^^^^^^^^
   |
   = note: requested on the command line with `-W missing-docs`

warning: missing documentation for a constant
  --> crates/borsuk/src/budget_object_fitter.rs:13:1
   |
13 | pub const MAX_OPERATIONS: u64 = 512_000_000_000;
   | ^^^^^^^^^^^^^^^^^^^^^^^^^^^^^

warning: missing documentation for a constant
  --> crates/borsuk/src/budget_object_fitter.rs:14:1
   |
14 | pub const MAX_CAPACITY_BYTES: usize = 8 * 1024 * 1024 * 1024;
   | ^^^^^^^^^^^^^^^^^^^^^^^^^^^^^^^^^^^

warning: missing documentation for a struct field
  --> crates/borsuk/src/budget_object_fitter.rs:25:5
   |
25 |     pub source: Hash,
   |     ^^^^^^^^^^^^^^^^

warning: missing documentation for a struct field
  --> crates/borsuk/src/budget_object_fitter.rs:26:5
   |
26 |     pub dimension: usize,
   |     ^^^^^^^^^^^^^^^^^^^^

warning: missing documentation for a struct field
  --> crates/borsuk/src/budget_object_fitter.rs:27:5
   |
27 |     pub rows: u64,
   |     ^^^^^^^^^^^^^

warning: missing documentation for a struct field
  --> crates/borsuk/src/budget_object_fitter.rs:28:5
   |
28 |     pub anchors: &'a [TrainingSample<'a>],
   |     ^^^^^^^^^^^^^^^^^^^^^^^^^^^^^^^^^^^^^

warning: missing documentation for a struct field
  --> crates/borsuk/src/budget_object_fitter.rs:29:5
   |
29 |     pub snapshot: Snapshot,
   |     ^^^^^^^^^^^^^^^^^^^^^^

warning: missing documentation for a struct field
  --> crates/borsuk/src/budget_object_fitter.rs:30:5
   |
30 |     pub budget: Budget,
   |     ^^^^^^^^^^^^^^^^^^

warning: missing documentation for a struct
  --> crates/borsuk/src/budget_object_fitter.rs:34:1
   |
34 | pub struct Progress {
   | ^^^^^^^^^^^^^^^^^^^

warning: missing documentation for a struct field
  --> crates/borsuk/src/budget_object_fitter.rs:35:5
   |
35 |     pub round: usize,
   |     ^^^^^^^^^^^^^^^^

warning: missing documentation for a struct field
  --> crates/borsuk/src/budget_object_fitter.rs:36:5
   |
36 |     pub epoch: usize,
   |     ^^^^^^^^^^^^^^^^

warning: missing documentation for a struct field
  --> crates/borsuk/src/budget_object_fitter.rs:37:5
   |
37 |     pub batch: usize,
   |     ^^^^^^^^^^^^^^^^

warning: missing documentation for a struct field
  --> crates/borsuk/src/budget_object_fitter.rs:38:5
   |
38 |     pub group: Option<u32>,
   |     ^^^^^^^^^^^^^^^^^^^^^^

warning: missing documentation for a struct field
  --> crates/borsuk/src/budget_object_fitter.rs:39:5
   |
39 |     pub operations: u64,
   |     ^^^^^^^^^^^^^^^^^^^

warning: missing documentation for an enum
  --> crates/borsuk/src/budget_object_fitter.rs:43:1
   |
43 | pub enum FitEvent {
   | ^^^^^^^^^^^^^^^^^

warning: missing documentation for a variant
  --> crates/borsuk/src/budget_object_fitter.rs:44:5
   |
44 |     Checkpoint {
   |     ^^^^^^^^^^

warning: missing documentation for a struct field
  --> crates/borsuk/src/budget_object_fitter.rs:45:9
   |
45 |         round: usize,
   |         ^^^^^^^^^^^^

warning: missing documentation for a struct field
  --> crates/borsuk/src/budget_object_fitter.rs:46:9
   |
46 |         receipt: Acceptance,
   |         ^^^^^^^^^^^^^^^^^^^

warning: missing documentation for a variant
  --> crates/borsuk/src/budget_object_fitter.rs:48:5
   |
48 |     Proposal {
   |     ^^^^^^^^

warning: missing documentation for a struct field
  --> crates/borsuk/src/budget_object_fitter.rs:49:9
   |
49 |         round: usize,
   |         ^^^^^^^^^^^^

warning: missing documentation for a struct field
  --> crates/borsuk/src/budget_object_fitter.rs:50:9
   |
50 |         group: u32,
   |         ^^^^^^^^^^

warning: missing documentation for a struct field
  --> crates/borsuk/src/budget_object_fitter.rs:51:9
   |
51 |         destination: u32,
   |         ^^^^^^^^^^^^^^^^

warning: missing documentation for a struct field
  --> crates/borsuk/src/budget_object_fitter.rs:52:9
   |
52 |         swap: Option<u32>,
   |         ^^^^^^^^^^^^^^^^^

warning: missing documentation for a struct field
  --> crates/borsuk/src/budget_object_fitter.rs:53:9
   |
53 |         receipt: Acceptance,
   |         ^^^^^^^^^^^^^^^^^^^

warning: missing documentation for a variant
  --> crates/borsuk/src/budget_object_fitter.rs:55:5
   |
55 |     NoTeacher {
   |     ^^^^^^^^^

warning: missing documentation for a struct field
  --> crates/borsuk/src/budget_object_fitter.rs:56:9
   |
56 |         round: usize,
   |         ^^^^^^^^^^^^

warning: missing documentation for a struct field
  --> crates/borsuk/src/budget_object_fitter.rs:57:9
   |
57 |         group: u32,
   |         ^^^^^^^^^^

warning: missing documentation for a variant
  --> crates/borsuk/src/budget_object_fitter.rs:59:5
   |
59 |     CapacityRefused {
   |     ^^^^^^^^^^^^^^^

warning: missing documentation for a struct field
  --> crates/borsuk/src/budget_object_fitter.rs:60:9
   |
60 |         round: usize,
   |         ^^^^^^^^^^^^

warning: missing documentation for a struct field
  --> crates/borsuk/src/budget_object_fitter.rs:61:9
   |
61 |         group: u32,
   |         ^^^^^^^^^^

warning: missing documentation for a struct field
  --> crates/borsuk/src/budget_object_fitter.rs:62:9
   |
62 |         destination: u32,
   |         ^^^^^^^^^^^^^^^^

warning: missing documentation for a struct field
  --> crates/borsuk/src/budget_object_fitter.rs:70:5
   |
70 |     pub source: Hash,
   |     ^^^^^^^^^^^^^^^^

warning: missing documentation for a struct field
  --> crates/borsuk/src/budget_object_fitter.rs:71:5
   |
71 |     pub training: Hash,
   |     ^^^^^^^^^^^^^^^^^^

warning: missing documentation for a struct field
  --> crates/borsuk/src/budget_object_fitter.rs:72:5
   |
72 |     pub snapshot: Snapshot,
   |     ^^^^^^^^^^^^^^^^^^^^^^

warning: missing documentation for a struct field
  --> crates/borsuk/src/budget_object_fitter.rs:73:5
   |
73 |     pub budget: Budget,
   |     ^^^^^^^^^^^^^^^^^^

warning: missing documentation for a struct field
  --> crates/borsuk/src/budget_object_fitter.rs:74:5
   |
74 |     pub parameters: Vec<f32>,
   |     ^^^^^^^^^^^^^^^^^^^^^^^^

warning: missing documentation for a struct field
  --> crates/borsuk/src/budget_object_fitter.rs:75:5
   |
75 |     pub owners: Vec<u32>,
   |     ^^^^^^^^^^^^^^^^^^^^

warning: missing documentation for a struct field
  --> crates/borsuk/src/budget_object_fitter.rs:78:5
   |
78 |     pub side: usize,
   |     ^^^^^^^^^^^^^^^

warning: missing documentation for a struct field
  --> crates/borsuk/src/budget_object_fitter.rs:79:5
   |
79 |     pub model: Hash,
   |     ^^^^^^^^^^^^^^^

warning: missing documentation for a struct field
  --> crates/borsuk/src/budget_object_fitter.rs:80:5
   |
80 |     pub membership: Hash,
   |     ^^^^^^^^^^^^^^^^^^^^

warning: missing documentation for a struct field
  --> crates/borsuk/src/budget_object_fitter.rs:81:5
   |
81 |     pub events: Vec<FitEvent>,
   |     ^^^^^^^^^^^^^^^^^^^^^^^^^

warning: missing documentation for a struct field
  --> crates/borsuk/src/budget_object_fitter.rs:82:5
   |
82 |     pub work: Work,
   |     ^^^^^^^^^^^^^^

warning: missing documentation for a struct field
  --> crates/borsuk/src/budget_object_fitter.rs:83:5
   |
83 |     pub memory: Memory,
   |     ^^^^^^^^^^^^^^^^^^

warning: missing documentation for a struct field
  --> crates/borsuk/src/budget_object_fitter.rs:92:5
   |
92 |     pub error: Error,
   |     ^^^^^^^^^^^^^^^^

warning: missing documentation for a struct field
  --> crates/borsuk/src/budget_object_fitter.rs:93:5
   |
93 |     pub work: Work,
   |     ^^^^^^^^^^^^^^

warning: missing documentation for a struct field
  --> crates/borsuk/src/budget_object_fitter.rs:94:5
   |
94 |     pub memory: Memory,
   |     ^^^^^^^^^^^^^^^^^^

warning: missing documentation for a struct field
  --> crates/borsuk/src/budget_object_fitter.rs:95:5
   |
95 |     pub completed: bool,
   |     ^^^^^^^^^^^^^^^^^^^

warning: missing documentation for a struct field
  --> crates/borsuk/src/budget_object_fitter.rs:96:5
   |
96 |     pub stage: FitStage,
   |     ^^^^^^^^^^^^^^^^^^^

warning: missing documentation for an enum
   --> crates/borsuk/src/budget_object_fitter.rs:103:1
    |
103 | pub enum FitStage {
    | ^^^^^^^^^^^^^^^^^

warning: missing documentation for a variant
   --> crates/borsuk/src/budget_object_fitter.rs:104:5
    |
104 |     Admission,
    |     ^^^^^^^^^

warning: missing documentation for a variant
   --> crates/borsuk/src/budget_object_fitter.rs:105:5
    |
105 |     Initialization,
    |     ^^^^^^^^^^^^^^

warning: missing documentation for a variant
   --> crates/borsuk/src/budget_object_fitter.rs:106:5
    |
106 |     ObservationPreparation,
    |     ^^^^^^^^^^^^^^^^^^^^^^

warning: missing documentation for a variant
   --> crates/borsuk/src/budget_object_fitter.rs:107:5
    |
107 |     InitialCoverage,
    |     ^^^^^^^^^^^^^^^

warning: missing documentation for a variant
   --> crates/borsuk/src/budget_object_fitter.rs:108:5
    |
108 |     Training {
    |     ^^^^^^^^

warning: missing documentation for a struct field
   --> crates/borsuk/src/budget_object_fitter.rs:109:9
    |
109 |         round: usize,
    |         ^^^^^^^^^^^^

warning: missing documentation for a variant
   --> crates/borsuk/src/budget_object_fitter.rs:111:5
    |
111 |     Checkpoint {
    |     ^^^^^^^^^^

warning: missing documentation for a struct field
   --> crates/borsuk/src/budget_object_fitter.rs:112:9
    |
112 |         round: usize,
    |         ^^^^^^^^^^^^

warning: missing documentation for a variant
   --> crates/borsuk/src/budget_object_fitter.rs:114:5
    |
114 |     Destinations {
    |     ^^^^^^^^^^^^

warning: missing documentation for a struct field
   --> crates/borsuk/src/budget_object_fitter.rs:115:9
    |
115 |         round: usize,
    |         ^^^^^^^^^^^^

warning: missing documentation for a struct field
   --> crates/borsuk/src/budget_object_fitter.rs:116:9
    |
116 |         group: u32,
    |         ^^^^^^^^^^

warning: missing documentation for a variant
   --> crates/borsuk/src/budget_object_fitter.rs:118:5
    |
118 |     Proposal {
    |     ^^^^^^^^

warning: missing documentation for a struct field
   --> crates/borsuk/src/budget_object_fitter.rs:119:9
    |
119 |         round: usize,
    |         ^^^^^^^^^^^^

warning: missing documentation for a struct field
   --> crates/borsuk/src/budget_object_fitter.rs:120:9
    |
120 |         group: u32,
    |         ^^^^^^^^^^

warning: missing documentation for a struct field
   --> crates/borsuk/src/budget_object_fitter.rs:121:9
    |
121 |         destination: u32,
    |         ^^^^^^^^^^^^^^^^

warning: missing documentation for a variant
   --> crates/borsuk/src/budget_object_fitter.rs:123:5
    |
123 |     Finalization,
    |     ^^^^^^^^^^^^

warning: missing documentation for a struct
   --> crates/borsuk/src/budget_object_fitter.rs:126:1
    |
126 | pub struct FitIdentity {
    | ^^^^^^^^^^^^^^^^^^^^^^

warning: missing documentation for a struct field
   --> crates/borsuk/src/budget_object_fitter.rs:127:5
    |
127 |     pub source: Hash,
    |     ^^^^^^^^^^^^^^^^

warning: missing documentation for a struct field
   --> crates/borsuk/src/budget_object_fitter.rs:128:5
    |
128 |     pub training: Hash,
    |     ^^^^^^^^^^^^^^^^^^

warning: missing documentation for a struct field
   --> crates/borsuk/src/budget_object_fitter.rs:129:5
    |
129 |     pub model: Hash,
    |     ^^^^^^^^^^^^^^^

warning: missing documentation for a struct field
   --> crates/borsuk/src/budget_object_fitter.rs:130:5
    |
130 |     pub membership: Hash,
    |     ^^^^^^^^^^^^^^^^^^^^

warning: missing documentation for a struct field
   --> crates/borsuk/src/budget_object_fitter.rs:131:5
    |
131 |     pub snapshot: Snapshot,
    |     ^^^^^^^^^^^^^^^^^^^^^^

warning: missing documentation for a struct field
   --> crates/borsuk/src/budget_object_fitter.rs:132:5
    |
132 |     pub budget: Budget,
    |     ^^^^^^^^^^^^^^^^^^

warning: missing documentation for a constant
 --> crates/borsuk/src/budget_object_selector.rs:9:1
  |
9 | pub const HIDDEN: usize = 64;
  | ^^^^^^^^^^^^^^^^^^^^^^^

warning: missing documentation for a constant
  --> crates/borsuk/src/budget_object_selector.rs:10:1
   |
10 | pub const MIXTURES: usize = 4;
   | ^^^^^^^^^^^^^^^^^^^^^^^^^

warning: missing documentation for a constant
  --> crates/borsuk/src/budget_object_selector.rs:11:1
   |
11 | pub const HEAD_TOP: usize = 8;
   | ^^^^^^^^^^^^^^^^^^^^^^^^^

warning: missing documentation for a constant
  --> crates/borsuk/src/budget_object_selector.rs:12:1
   |
12 | pub const MAX_CANDIDATES: usize = 256;
   | ^^^^^^^^^^^^^^^^^^^^^^^^^^^^^^^

warning: missing documentation for a constant
  --> crates/borsuk/src/budget_object_selector.rs:13:1
   |
13 | pub const MAX_SELECTED: usize = 15;
   | ^^^^^^^^^^^^^^^^^^^^^^^^^^^^^

warning: missing documentation for a constant
  --> crates/borsuk/src/budget_object_selector.rs:14:1
   |
14 | pub const MAX_READS: u64 = 32;
   | ^^^^^^^^^^^^^^^^^^^^^^^^

warning: missing documentation for a constant
  --> crates/borsuk/src/budget_object_selector.rs:15:1
   |
15 | pub const MAX_BYTES: u64 = 16 * 1024 * 1024;
   | ^^^^^^^^^^^^^^^^^^^^^^^^

warning: missing documentation for a type alias
  --> crates/borsuk/src/budget_object_selector.rs:16:1
   |
16 | pub type Hash = [u8; 32];
   | ^^^^^^^^^^^^^

warning: missing documentation for an enum
  --> crates/borsuk/src/budget_object_selector.rs:19:1
   |
19 | pub enum Error {
   | ^^^^^^^^^^^^^^

warning: missing documentation for a variant
  --> crates/borsuk/src/budget_object_selector.rs:20:5
   |
20 |     Invalid(&'static str),
   |     ^^^^^^^

warning: missing documentation for a variant
  --> crates/borsuk/src/budget_object_selector.rs:21:5
   |
21 |     Overflow,
   |     ^^^^^^^^

warning: missing documentation for a variant
  --> crates/borsuk/src/budget_object_selector.rs:24:5
   |
24 |     IdentityMismatch,
   |     ^^^^^^^^^^^^^^^^

warning: missing documentation for a struct
  --> crates/borsuk/src/budget_object_selector.rs:35:1
   |
35 | pub struct Limits {
   | ^^^^^^^^^^^^^^^^^

warning: missing documentation for a struct
  --> crates/borsuk/src/budget_object_selector.rs:44:1
   |
44 | pub struct Memory {
   | ^^^^^^^^^^^^^^^^^

warning: missing documentation for a struct field
  --> crates/borsuk/src/budget_object_selector.rs:45:5
   |
45 |     pub peak_capacity_bytes: usize,
   |     ^^^^^^^^^^^^^^^^^^^^^^^^^^^^^^

warning: missing documentation for a struct field
  --> crates/borsuk/src/budget_object_selector.rs:46:5
   |
46 |     pub retained_capacity_bytes: usize,
   |     ^^^^^^^^^^^^^^^^^^^^^^^^^^^^^^^^^^

warning: missing documentation for a struct
  --> crates/borsuk/src/budget_object_selector.rs:52:1
   |
52 | pub struct Work {
   | ^^^^^^^^^^^^^^^

warning: missing documentation for a struct field
  --> crates/borsuk/src/budget_object_selector.rs:53:5
   |
53 |     pub operations: u64,
   |     ^^^^^^^^^^^^^^^^^^^

warning: missing documentation for a struct
  --> crates/borsuk/src/budget_object_selector.rs:57:1
   |
57 | pub struct Storage {
   | ^^^^^^^^^^^^^^^^^^

warning: missing documentation for a struct field
  --> crates/borsuk/src/budget_object_selector.rs:58:5
   |
58 |     pub borrowed_bytes: usize,
   |     ^^^^^^^^^^^^^^^^^^^^^^^^^

warning: missing documentation for a struct field
  --> crates/borsuk/src/budget_object_selector.rs:61:5
   |
61 |     pub borrowed_directory_bytes: usize,
   |     ^^^^^^^^^^^^^^^^^^^^^^^^^^^^^^^^^^^

warning: missing documentation for a struct field
  --> crates/borsuk/src/budget_object_selector.rs:64:5
   |
64 |     pub validation_peak_capacity_bytes: usize,
   |     ^^^^^^^^^^^^^^^^^^^^^^^^^^^^^^^^^^^^^^^^^

warning: missing documentation for a struct field
  --> crates/borsuk/src/budget_object_selector.rs:65:5
   |
65 |     pub validation_operations: u64,
   |     ^^^^^^^^^^^^^^^^^^^^^^^^^^^^^^

warning: missing documentation for a function
  --> crates/borsuk/src/budget_object_selector.rs:83:1
   |
83 | pub fn parameter_count(d: usize, s: usize) -> Result<usize, Error> {
   | ^^^^^^^^^^^^^^^^^^^^^^^^^^^^^^^^^^^^^^^^^^^^^^^^^^^^^^^^^^^^^^^^^^

warning: missing documentation for an associated function
   --> crates/borsuk/src/budget_object_selector.rs:184:5
    |
184 |     pub fn new(dimension: usize, side: usize, parameters: &'a [f32]) -> Result<Self, Error> {
    |     ^^^^^^^^^^^^^^^^^^^^^^^^^^^^^^^^^^^^^^^^^^^^^^^^^^^^^^^^^^^^^^^^^^^^^^^^^^^^^^^^^^^^^^^

warning: missing documentation for a method
   --> crates/borsuk/src/budget_object_selector.rs:204:5
    |
204 |     pub fn dimension(&self) -> usize {
    |     ^^^^^^^^^^^^^^^^^^^^^^^^^^^^^^^^

warning: missing documentation for a method
   --> crates/borsuk/src/budget_object_selector.rs:207:5
    |
207 |     pub fn side(&self) -> usize {
    |     ^^^^^^^^^^^^^^^^^^^^^^^^^^^

warning: missing documentation for a method
   --> crates/borsuk/src/budget_object_selector.rs:210:5
    |
210 |     pub fn sha256(&self) -> Hash {
    |     ^^^^^^^^^^^^^^^^^^^^^^^^^^^^

warning: missing documentation for a method
   --> crates/borsuk/src/budget_object_selector.rs:213:5
    |
213 |     pub fn borrowed_parameter_bytes(&self) -> usize {
    |     ^^^^^^^^^^^^^^^^^^^^^^^^^^^^^^^^^^^^^^^^^^^^^^^

warning: missing documentation for a method
   --> crates/borsuk/src/budget_object_selector.rs:216:5
    |
216 |     pub fn owned_capacity_bytes(&self) -> usize {
    |     ^^^^^^^^^^^^^^^^^^^^^^^^^^^^^^^^^^^^^^^^^^^

warning: missing documentation for a method
   --> crates/borsuk/src/budget_object_selector.rs:219:5
    |
219 |     pub fn validation_operations(&self) -> u64 {
    |     ^^^^^^^^^^^^^^^^^^^^^^^^^^^^^^^^^^^^^^^^^^

warning: missing documentation for a struct
   --> crates/borsuk/src/budget_object_selector.rs:226:1
    |
226 | pub struct Object {
    | ^^^^^^^^^^^^^^^^^

warning: missing documentation for a struct field
   --> crates/borsuk/src/budget_object_selector.rs:227:5
    |
227 |     pub groups: u16,
    |     ^^^^^^^^^^^^^^^

warning: missing documentation for a struct field
   --> crates/borsuk/src/budget_object_selector.rs:228:5
    |
228 |     pub rows: u16,
    |     ^^^^^^^^^^^^^

warning: missing documentation for a struct field
   --> crates/borsuk/src/budget_object_selector.rs:229:5
    |
229 |     pub body_bytes: u64,
    |     ^^^^^^^^^^^^^^^^^^^

warning: missing documentation for an associated function
   --> crates/borsuk/src/budget_object_selector.rs:246:5
    |
246 | /     pub fn new(
247 | |         dimension: usize,
248 | |         side: usize,
249 | |         total_rows: u64,
...   |
252 | |         limits: Limits,
253 | |     ) -> Result<Self, Error> {
    | |____________________________^

warning: missing documentation for a method
   --> crates/borsuk/src/budget_object_selector.rs:353:5
    |
353 |     pub fn sha256(&self) -> Hash {
    |     ^^^^^^^^^^^^^^^^^^^^^^^^^^^^

warning: missing documentation for a method
   --> crates/borsuk/src/budget_object_selector.rs:356:5
    |
356 |     pub fn storage(&self) -> Storage {
    |     ^^^^^^^^^^^^^^^^^^^^^^^^^^^^^^^^

warning: missing documentation for a method
   --> crates/borsuk/src/budget_object_selector.rs:359:5
    |
359 |     pub fn total_rows(&self) -> u64 {
    |     ^^^^^^^^^^^^^^^^^^^^^^^^^^^^^^^

warning: missing documentation for a method
   --> crates/borsuk/src/budget_object_selector.rs:362:5
    |
362 |     pub fn owners(&self) -> &[u32] {
    |     ^^^^^^^^^^^^^^^^^^^^^^^^^^^^^^

warning: missing documentation for a method
   --> crates/borsuk/src/budget_object_selector.rs:365:5
    |
365 |     pub fn digests(&self) -> &[Hash] {
    |     ^^^^^^^^^^^^^^^^^^^^^^^^^^^^^^^^

warning: missing documentation for a method
   --> crates/borsuk/src/budget_object_selector.rs:368:5
    |
368 |     pub fn objects(&self) -> &[Object] {
    |     ^^^^^^^^^^^^^^^^^^^^^^^^^^^^^^^^^^

warning: missing documentation for a struct
   --> crates/borsuk/src/budget_object_selector.rs:381:1
    |
381 | pub struct Charge {
    | ^^^^^^^^^^^^^^^^^

warning: missing documentation for a struct field
   --> crates/borsuk/src/budget_object_selector.rs:382:5
    |
382 |     pub reads: u64,
    |     ^^^^^^^^^^^^^^

warning: missing documentation for a struct field
   --> crates/borsuk/src/budget_object_selector.rs:383:5
    |
383 |     pub bytes: u64,
    |     ^^^^^^^^^^^^^^

warning: missing documentation for an associated constant
   --> crates/borsuk/src/budget_object_selector.rs:386:5
    |
386 |     pub const ZERO: Self = Self { reads: 0, bytes: 0 };
    |     ^^^^^^^^^^^^^^^^^^^^

warning: missing documentation for a struct
   --> crates/borsuk/src/budget_object_selector.rs:395:1
    |
395 | pub struct Budget {
    | ^^^^^^^^^^^^^^^^^

warning: missing documentation for a struct field
   --> crates/borsuk/src/budget_object_selector.rs:396:5
    |
396 |     pub max_reads: u64,
    |     ^^^^^^^^^^^^^^^^^^

warning: missing documentation for a struct field
   --> crates/borsuk/src/budget_object_selector.rs:397:5
    |
397 |     pub max_bytes: u64,
    |     ^^^^^^^^^^^^^^^^^^

warning: missing documentation for a struct field
   --> crates/borsuk/src/budget_object_selector.rs:398:5
    |
398 |     pub head: Charge,
    |     ^^^^^^^^^^^^^^^^

warning: missing documentation for a struct field
   --> crates/borsuk/src/budget_object_selector.rs:399:5
    |
399 |     pub root: Charge,
    |     ^^^^^^^^^^^^^^^^

warning: missing documentation for a struct field
   --> crates/borsuk/src/budget_object_selector.rs:400:5
    |
400 |     pub delta: Charge,
    |     ^^^^^^^^^^^^^^^^^

warning: missing documentation for a struct field
   --> crates/borsuk/src/budget_object_selector.rs:401:5
    |
401 |     pub attempts: Charge,
    |     ^^^^^^^^^^^^^^^^^^^^

warning: missing documentation for a struct
   --> crates/borsuk/src/budget_object_selector.rs:419:1
    |
419 | pub struct Snapshot {
    | ^^^^^^^^^^^^^^^^^^^

warning: missing documentation for a struct field
   --> crates/borsuk/src/budget_object_selector.rs:420:5
    |
420 |     pub root: Hash,
    |     ^^^^^^^^^^^^^^

warning: missing documentation for a struct field
   --> crates/borsuk/src/budget_object_selector.rs:421:5
    |
421 |     pub coefficients: Hash,
    |     ^^^^^^^^^^^^^^^^^^^^^^

warning: missing documentation for a struct field
   --> crates/borsuk/src/budget_object_selector.rs:422:5
    |
422 |     pub delta: Hash,
    |     ^^^^^^^^^^^^^^^

warning: missing documentation for a struct field
   --> crates/borsuk/src/budget_object_selector.rs:423:5
    |
423 |     pub revision: u64,
    |     ^^^^^^^^^^^^^^^^^

warning: missing documentation for a struct
   --> crates/borsuk/src/budget_object_selector.rs:435:1
    |
435 | pub struct GroupWeight {
    | ^^^^^^^^^^^^^^^^^^^^^^

warning: missing documentation for a struct field
   --> crates/borsuk/src/budget_object_selector.rs:436:5
    |
436 |     pub group: u32,
    |     ^^^^^^^^^^^^^^

warning: missing documentation for a struct field
   --> crates/borsuk/src/budget_object_selector.rs:437:5
    |
437 |     pub weight: u16,
    |     ^^^^^^^^^^^^^^^

warning: missing documentation for a struct
   --> crates/borsuk/src/budget_object_selector.rs:483:1
    |
483 | pub struct Identity {
    | ^^^^^^^^^^^^^^^^^^^

warning: missing documentation for a struct field
   --> crates/borsuk/src/budget_object_selector.rs:484:5
    |
484 |     pub model: Hash,
    |     ^^^^^^^^^^^^^^^

warning: missing documentation for a struct field
   --> crates/borsuk/src/budget_object_selector.rs:485:5
    |
485 |     pub membership: Hash,
    |     ^^^^^^^^^^^^^^^^^^^^

warning: missing documentation for a struct field
   --> crates/borsuk/src/budget_object_selector.rs:486:5
    |
486 |     pub query: Hash,
    |     ^^^^^^^^^^^^^^^

warning: missing documentation for a struct field
   --> crates/borsuk/src/budget_object_selector.rs:487:5
    |
487 |     pub snapshot: Snapshot,
    |     ^^^^^^^^^^^^^^^^^^^^^^

warning: missing documentation for a struct
   --> crates/borsuk/src/budget_object_selector.rs:526:1
    |
526 | pub struct Binding {
    | ^^^^^^^^^^^^^^^^^^

warning: missing documentation for a struct field
   --> crates/borsuk/src/budget_object_selector.rs:527:5
    |
527 |     pub identity: Identity,
    |     ^^^^^^^^^^^^^^^^^^^^^^

warning: missing documentation for a struct field
   --> crates/borsuk/src/budget_object_selector.rs:528:5
    |
528 |     pub neighbors: Hash,
    |     ^^^^^^^^^^^^^^^^^^^

warning: missing documentation for a struct field
   --> crates/borsuk/src/budget_object_selector.rs:529:5
    |
529 |     pub budget: Budget,
    |     ^^^^^^^^^^^^^^^^^^

warning: missing documentation for a struct field
   --> crates/borsuk/src/budget_object_selector.rs:530:5
    |
530 |     pub requested_rows: u64,
    |     ^^^^^^^^^^^^^^^^^^^^^^^

warning: missing documentation for a struct
   --> crates/borsuk/src/budget_object_selector.rs:534:1
    |
534 | pub struct Score {
    | ^^^^^^^^^^^^^^^^

warning: missing documentation for a struct field
   --> crates/borsuk/src/budget_object_selector.rs:535:5
    |
535 |     pub label: u32,
    |     ^^^^^^^^^^^^^^

warning: missing documentation for a struct field
   --> crates/borsuk/src/budget_object_selector.rs:536:5
    |
536 |     pub probability: f32,
    |     ^^^^^^^^^^^^^^^^^^^^

warning: missing documentation for a struct
   --> crates/borsuk/src/budget_object_selector.rs:539:1
    |
539 | pub struct SelectedObject {
    | ^^^^^^^^^^^^^^^^^^^^^^^^^

warning: missing documentation for a struct field
   --> crates/borsuk/src/budget_object_selector.rs:540:5
    |
540 |     pub label: u32,
    |     ^^^^^^^^^^^^^^

warning: missing documentation for a struct field
   --> crates/borsuk/src/budget_object_selector.rs:541:5
    |
541 |     pub rows: u16,
    |     ^^^^^^^^^^^^^

warning: missing documentation for a struct field
   --> crates/borsuk/src/budget_object_selector.rs:542:5
    |
542 |     pub body_bytes: u64,
    |     ^^^^^^^^^^^^^^^^^^^

warning: missing documentation for a struct field
   --> crates/borsuk/src/budget_object_selector.rs:543:5
    |
543 |     pub reserved_bytes: u64,
    |     ^^^^^^^^^^^^^^^^^^^^^^^

warning: missing documentation for a struct field
   --> crates/borsuk/src/budget_object_selector.rs:544:5
    |
544 |     pub digest: Hash,
    |     ^^^^^^^^^^^^^^^^

warning: missing documentation for a struct
   --> crates/borsuk/src/budget_object_selector.rs:547:1
    |
547 | pub struct SkippedObject {
    | ^^^^^^^^^^^^^^^^^^^^^^^^

warning: missing documentation for a struct field
   --> crates/borsuk/src/budget_object_selector.rs:548:5
    |
548 |     pub label: u32,
    |     ^^^^^^^^^^^^^^

warning: missing documentation for a struct field
   --> crates/borsuk/src/budget_object_selector.rs:549:5
    |
549 |     pub required: Charge,
    |     ^^^^^^^^^^^^^^^^^^^^

warning: missing documentation for a struct field
   --> crates/borsuk/src/budget_object_selector.rs:550:5
    |
550 |     pub remaining: Charge,
    |     ^^^^^^^^^^^^^^^^^^^^^

warning: missing documentation for an enum
   --> crates/borsuk/src/budget_object_selector.rs:553:1
    |
553 | pub enum Refusal {
    | ^^^^^^^^^^^^^^^^

warning: missing documentation for a variant
   --> crates/borsuk/src/budget_object_selector.rs:554:5
    |
554 |     Reservations,
    |     ^^^^^^^^^^^^

warning: missing documentation for a variant
   --> crates/borsuk/src/budget_object_selector.rs:555:5
    |
555 |     NoBodyFits,
    |     ^^^^^^^^^^

warning: missing documentation for a variant
   --> crates/borsuk/src/budget_object_selector.rs:556:5
    |
556 |     ZeroGain,
    |     ^^^^^^^^

warning: missing documentation for a variant
   --> crates/borsuk/src/budget_object_selector.rs:557:5
    |
557 |     LowerTailRegression,
    |     ^^^^^^^^^^^^^^^^^^^

warning: missing documentation for a variant
   --> crates/borsuk/src/budget_object_selector.rs:558:5
    |
558 |     IncompleteSelection,
    |     ^^^^^^^^^^^^^^^^^^^

warning: missing documentation for an enum
   --> crates/borsuk/src/budget_object_selector.rs:561:1
    |
561 | pub enum Disposition {
    | ^^^^^^^^^^^^^^^^^^^^

warning: missing documentation for a variant
   --> crates/borsuk/src/budget_object_selector.rs:562:5
    |
562 |     Selected,
    |     ^^^^^^^^

warning: missing documentation for a variant
   --> crates/borsuk/src/budget_object_selector.rs:563:5
    |
563 |     Underfill { requested: u64, visible: u64 },
    |     ^^^^^^^^^

warning: missing documentation for a struct field
   --> crates/borsuk/src/budget_object_selector.rs:563:17
    |
563 |     Underfill { requested: u64, visible: u64 },
    |                 ^^^^^^^^^^^^^^

warning: missing documentation for a struct field
   --> crates/borsuk/src/budget_object_selector.rs:563:33
    |
563 |     Underfill { requested: u64, visible: u64 },
    |                                 ^^^^^^^^^^^^

warning: missing documentation for a variant
   --> crates/borsuk/src/budget_object_selector.rs:564:5
    |
564 |     Refused(Refusal),
    |     ^^^^^^^

warning: missing documentation for a method
   --> crates/borsuk/src/budget_object_selector.rs:585:5
    |
585 |     pub fn binding(&self) -> Binding {
    |     ^^^^^^^^^^^^^^^^^^^^^^^^^^^^^^^^

warning: missing documentation for a method
   --> crates/borsuk/src/budget_object_selector.rs:588:5
    |
588 |     pub fn candidates(&self) -> &[u32] {
    |     ^^^^^^^^^^^^^^^^^^^^^^^^^^^^^^^^^^

warning: missing documentation for a method
   --> crates/borsuk/src/budget_object_selector.rs:591:5
    |
591 |     pub fn occupied_candidates(&self) -> &[Score] {
    |     ^^^^^^^^^^^^^^^^^^^^^^^^^^^^^^^^^^^^^^^^^^^^^

warning: missing documentation for a method
   --> crates/borsuk/src/budget_object_selector.rs:594:5
    |
594 |     pub fn selected(&self) -> &[SelectedObject] {
    |     ^^^^^^^^^^^^^^^^^^^^^^^^^^^^^^^^^^^^^^^^^^^

warning: missing documentation for a method
   --> crates/borsuk/src/budget_object_selector.rs:597:5
    |
597 |     pub fn skipped(&self) -> &[SkippedObject] {
    |     ^^^^^^^^^^^^^^^^^^^^^^^^^^^^^^^^^^^^^^^^^

warning: missing documentation for a method
   --> crates/borsuk/src/budget_object_selector.rs:609:5
    |
609 |     pub fn visible_rows(&self) -> u64 {
    |     ^^^^^^^^^^^^^^^^^^^^^^^^^^^^^^^^^

warning: missing documentation for a method
   --> crates/borsuk/src/budget_object_selector.rs:612:5
    |
612 |     pub fn covered_weight(&self) -> u64 {
    |     ^^^^^^^^^^^^^^^^^^^^^^^^^^^^^^^^^^^

warning: missing documentation for a method
   --> crates/borsuk/src/budget_object_selector.rs:615:5
    |
615 |     pub fn disposition(&self) -> Disposition {
    |     ^^^^^^^^^^^^^^^^^^^^^^^^^^^^^^^^^^^^^^^^

warning: missing documentation for a method
   --> crates/borsuk/src/budget_object_selector.rs:618:5
    |
618 |     pub fn work(&self) -> Work {
    |     ^^^^^^^^^^^^^^^^^^^^^^^^^^

warning: missing documentation for a method
   --> crates/borsuk/src/budget_object_selector.rs:621:5
    |
621 |     pub fn memory(&self) -> Memory {
    |     ^^^^^^^^^^^^^^^^^^^^^^^^^^^^^^

warning: missing documentation for a method
   --> crates/borsuk/src/budget_object_selector.rs:625:5
    |
625 | /     pub fn validate(
626 | |         &self,
627 | |         model: &Model<'_>,
628 | |         membership: &Membership<'_>,
...   |
633 | |         requested_rows: u64,
634 | |     ) -> Result<(), Error> {
    | |__________________________^

warning: missing documentation for a function
   --> crates/borsuk/src/budget_object_selector.rs:790:1
    |
790 | / pub fn select(
791 | |     model: &Model<'_>,
792 | |     membership: &Membership<'_>,
793 | |     query: &[f32],
...   |
798 | |     limits: Limits,
799 | | ) -> Result<Plan, Error> {
    | |________________________^

warning: missing documentation for a method
    --> crates/borsuk/src/budget_object_selector.rs:1039:5
     |
1039 |     pub fn model_identity(&self) -> Hash {
     |     ^^^^^^^^^^^^^^^^^^^^^^^^^^^^^^^^^^^^

warning: missing documentation for a method
    --> crates/borsuk/src/budget_object_selector.rs:1042:5
     |
1042 |     pub fn query_identity(&self) -> Hash {
     |     ^^^^^^^^^^^^^^^^^^^^^^^^^^^^^^^^^^^^

warning: missing documentation for a method
    --> crates/borsuk/src/budget_object_selector.rs:1045:5
     |
1045 |     pub fn probabilities(&self) -> &[f32] {
     |     ^^^^^^^^^^^^^^^^^^^^^^^^^^^^^^^^^^^^^

warning: missing documentation for a method
    --> crates/borsuk/src/budget_object_selector.rs:1048:5
     |
1048 |     pub fn candidates(&self) -> &[u32] {
     |     ^^^^^^^^^^^^^^^^^^^^^^^^^^^^^^^^^^

warning: missing documentation for a method
    --> crates/borsuk/src/budget_object_selector.rs:1051:5
     |
1051 |     pub fn ranked(&self) -> &[Score] {
     |     ^^^^^^^^^^^^^^^^^^^^^^^^^^^^^^^^

warning: missing documentation for a method
    --> crates/borsuk/src/budget_object_selector.rs:1054:5
     |
1054 |     pub fn work(&self) -> Work {
     |     ^^^^^^^^^^^^^^^^^^^^^^^^^^

warning: missing documentation for a method
    --> crates/borsuk/src/budget_object_selector.rs:1057:5
     |
1057 |     pub fn memory(&self) -> Memory {
     |     ^^^^^^^^^^^^^^^^^^^^^^^^^^^^^^

warning: missing documentation for a function
    --> crates/borsuk/src/budget_object_selector.rs:1061:1
     |
1061 | / pub fn prepare_query(
1062 | |     model: &Model<'_>,
1063 | |     query: &[f32],
1064 | |     limits: Limits,
1065 | | ) -> Result<PreparedQuery, Error> {
     | |_________________________________^

warning: missing documentation for a function
    --> crates/borsuk/src/budget_object_selector.rs:1133:1
     |
1133 | / pub fn select_prepared(
1134 | |     prepared: &PreparedQuery,
1135 | |     model: &Model<'_>,
1136 | |     membership: &Membership<'_>,
...    |
1142 | |     limits: Limits,
1143 | | ) -> Result<Plan, Error> {
     | |________________________^

warning: missing documentation for a struct field
    --> crates/borsuk/src/budget_object_selector.rs:1162:5
     |
1162 |     pub identity: Identity,
     |     ^^^^^^^^^^^^^^^^^^^^^^

warning: missing documentation for a struct field
    --> crates/borsuk/src/budget_object_selector.rs:1163:5
     |
1163 |     pub ranked: Vec<Score>,
     |     ^^^^^^^^^^^^^^^^^^^^^^

warning: missing documentation for a struct field
    --> crates/borsuk/src/budget_object_selector.rs:1164:5
     |
1164 |     pub work: Work,
     |     ^^^^^^^^^^^^^^

warning: missing documentation for a struct field
    --> crates/borsuk/src/budget_object_selector.rs:1165:5
     |
1165 |     pub memory: Memory,
     |     ^^^^^^^^^^^^^^^^^^

warning: missing documentation for a method
    --> crates/borsuk/src/budget_object_selector.rs:1168:5
     |
1168 |     pub fn winner_omitted(&self, plan: &Plan) -> Result<bool, Error> {
     |     ^^^^^^^^^^^^^^^^^^^^^^^^^^^^^^^^^^^^^^^^^^^^^^^^^^^^^^^^^^^^^^^^

warning: missing documentation for a function
    --> crates/borsuk/src/budget_object_selector.rs:1178:1
     |
1178 | / pub fn full_grid_rank(
1179 | |     model: &Model<'_>,
1180 | |     membership: &Membership<'_>,
1181 | |     query: &[f32],
1182 | |     snapshot: Snapshot,
1183 | |     limits: Limits,
1184 | | ) -> Result<ModelRanking, Error> {
     | |________________________________^

warning: missing documentation for a struct
    --> crates/borsuk/src/budget_object_selector.rs:1222:1
     |
1222 | pub struct Cover {
     | ^^^^^^^^^^^^^^^^

warning: missing documentation for a struct field
    --> crates/borsuk/src/budget_object_selector.rs:1223:5
     |
1223 |     pub labels: Vec<u32>,
     |     ^^^^^^^^^^^^^^^^^^^^

warning: missing documentation for a struct field
    --> crates/borsuk/src/budget_object_selector.rs:1224:5
     |
1224 |     pub covered_weight: u64,
     |     ^^^^^^^^^^^^^^^^^^^^^^^

warning: missing documentation for a struct field
    --> crates/borsuk/src/budget_object_selector.rs:1225:5
     |
1225 |     pub charge: Charge,
     |     ^^^^^^^^^^^^^^^^^^

warning: missing documentation for a struct
    --> crates/borsuk/src/budget_object_selector.rs:1228:1
     |
1228 | pub struct CoverOracle {
     | ^^^^^^^^^^^^^^^^^^^^^^

warning: missing documentation for a struct field
    --> crates/borsuk/src/budget_object_selector.rs:1229:5
     |
1229 |     pub membership: Hash,
     |     ^^^^^^^^^^^^^^^^^^^^

warning: missing documentation for a struct field
    --> crates/borsuk/src/budget_object_selector.rs:1230:5
     |
1230 |     pub neighbors: Hash,
     |     ^^^^^^^^^^^^^^^^^^^

warning: missing documentation for a struct field
    --> crates/borsuk/src/budget_object_selector.rs:1231:5
     |
1231 |     pub budget: Budget,
     |     ^^^^^^^^^^^^^^^^^^

warning: missing documentation for a struct field
    --> crates/borsuk/src/budget_object_selector.rs:1232:5
     |
1232 |     pub refusal: Option<Refusal>,
     |     ^^^^^^^^^^^^^^^^^^^^^^^^^^^^

warning: missing documentation for a struct field
    --> crates/borsuk/src/budget_object_selector.rs:1235:5
     |
1235 |     pub legal: Cover,
     |     ^^^^^^^^^^^^^^^^

warning: missing documentation for a struct field
    --> crates/borsuk/src/budget_object_selector.rs:1236:5
     |
1236 |     pub candidate_restricted: Cover,
     |     ^^^^^^^^^^^^^^^^^^^^^^^^^^^^^^^

warning: missing documentation for a struct field
    --> crates/borsuk/src/budget_object_selector.rs:1237:5
     |
1237 |     pub work: Work,
     |     ^^^^^^^^^^^^^^

warning: missing documentation for a struct field
    --> crates/borsuk/src/budget_object_selector.rs:1238:5
     |
1238 |     pub memory: Memory,
     |     ^^^^^^^^^^^^^^^^^^

warning: missing documentation for a struct
    --> crates/borsuk/src/budget_object_selector.rs:1359:1
     |
1359 | pub struct Evaluation<'a> {
     | ^^^^^^^^^^^^^^^^^^^^^^^^^

warning: missing documentation for a struct field
    --> crates/borsuk/src/budget_object_selector.rs:1360:5
     |
1360 |     pub model: &'a Model<'a>,
     |     ^^^^^^^^^^^^^^^^^^^^^^^^

warning: missing documentation for a struct field
    --> crates/borsuk/src/budget_object_selector.rs:1361:5
     |
1361 |     pub membership: &'a Membership<'a>,
     |     ^^^^^^^^^^^^^^^^^^^^^^^^^^^^^^^^^^

warning: missing documentation for a struct field
    --> crates/borsuk/src/budget_object_selector.rs:1362:5
     |
1362 |     pub snapshot: Snapshot,
     |     ^^^^^^^^^^^^^^^^^^^^^^

warning: missing documentation for a struct
    --> crates/borsuk/src/budget_object_selector.rs:1365:1
     |
1365 | pub struct TrainingSample<'a> {
     | ^^^^^^^^^^^^^^^^^^^^^^^^^^^^^

warning: missing documentation for a struct field
    --> crates/borsuk/src/budget_object_selector.rs:1366:5
     |
1366 |     pub query: &'a [f32],
     |     ^^^^^^^^^^^^^^^^^^^^

warning: missing documentation for a struct field
    --> crates/borsuk/src/budget_object_selector.rs:1367:5
     |
1367 |     pub neighbors: &'a [GroupWeight],
     |     ^^^^^^^^^^^^^^^^^^^^^^^^^^^^^^^^

warning: missing documentation for a struct field
    --> crates/borsuk/src/budget_object_selector.rs:1368:5
     |
1368 |     pub requested_rows: u64,
     |     ^^^^^^^^^^^^^^^^^^^^^^^

warning: missing documentation for an enum
    --> crates/borsuk/src/budget_object_selector.rs:1371:1
     |
1371 | pub enum AcceptanceDecision {
     | ^^^^^^^^^^^^^^^^^^^^^^^^^^^

warning: missing documentation for a variant
    --> crates/borsuk/src/budget_object_selector.rs:1372:5
     |
1372 |     Accepted,
     |     ^^^^^^^^

warning: missing documentation for a variant
    --> crates/borsuk/src/budget_object_selector.rs:1373:5
     |
1373 |     Refused(Refusal),
     |     ^^^^^^^

warning: missing documentation for a struct
    --> crates/borsuk/src/budget_object_selector.rs:1376:1
     |
1376 | pub struct Acceptance {
     | ^^^^^^^^^^^^^^^^^^^^^

warning: missing documentation for a struct field
    --> crates/borsuk/src/budget_object_selector.rs:1377:5
     |
1377 |     pub before_model: Hash,
     |     ^^^^^^^^^^^^^^^^^^^^^^

warning: missing documentation for a struct field
    --> crates/borsuk/src/budget_object_selector.rs:1378:5
     |
1378 |     pub after_model: Hash,
     |     ^^^^^^^^^^^^^^^^^^^^^

warning: missing documentation for a struct field
    --> crates/borsuk/src/budget_object_selector.rs:1379:5
     |
1379 |     pub before_membership: Hash,
     |     ^^^^^^^^^^^^^^^^^^^^^^^^^^^

warning: missing documentation for a struct field
    --> crates/borsuk/src/budget_object_selector.rs:1380:5
     |
1380 |     pub after_membership: Hash,
     |     ^^^^^^^^^^^^^^^^^^^^^^^^^^

warning: missing documentation for a struct field
    --> crates/borsuk/src/budget_object_selector.rs:1381:5
     |
1381 |     pub before_snapshot: Snapshot,
     |     ^^^^^^^^^^^^^^^^^^^^^^^^^^^^^

warning: missing documentation for a struct field
    --> crates/borsuk/src/budget_object_selector.rs:1382:5
     |
1382 |     pub after_snapshot: Snapshot,
     |     ^^^^^^^^^^^^^^^^^^^^^^^^^^^^

warning: missing documentation for a struct field
    --> crates/borsuk/src/budget_object_selector.rs:1383:5
     |
1383 |     pub training: Hash,
     |     ^^^^^^^^^^^^^^^^^^

warning: missing documentation for a struct field
    --> crates/borsuk/src/budget_object_selector.rs:1384:5
     |
1384 |     pub budget: Budget,
     |     ^^^^^^^^^^^^^^^^^^

warning: missing documentation for a struct field
    --> crates/borsuk/src/budget_object_selector.rs:1385:5
     |
1385 |     pub before_total: u64,
     |     ^^^^^^^^^^^^^^^^^^^^^

warning: missing documentation for a struct field
    --> crates/borsuk/src/budget_object_selector.rs:1386:5
     |
1386 |     pub after_total: u64,
     |     ^^^^^^^^^^^^^^^^^^^^

warning: missing documentation for a struct field
    --> crates/borsuk/src/budget_object_selector.rs:1387:5
     |
1387 |     pub before_lower_tail: u64,
     |     ^^^^^^^^^^^^^^^^^^^^^^^^^^

warning: missing documentation for a struct field
    --> crates/borsuk/src/budget_object_selector.rs:1388:5
     |
1388 |     pub after_lower_tail: u64,
     |     ^^^^^^^^^^^^^^^^^^^^^^^^^

warning: missing documentation for a struct field
    --> crates/borsuk/src/budget_object_selector.rs:1389:5
     |
1389 |     pub lower_tail_rank: usize,
     |     ^^^^^^^^^^^^^^^^^^^^^^^^^^

warning: missing documentation for a struct field
    --> crates/borsuk/src/budget_object_selector.rs:1390:5
     |
1390 |     pub decision: AcceptanceDecision,
     |     ^^^^^^^^^^^^^^^^^^^^^^^^^^^^^^^^

warning: missing documentation for a struct field
    --> crates/borsuk/src/budget_object_selector.rs:1391:5
     |
1391 |     pub modeled_reads: u64,
     |     ^^^^^^^^^^^^^^^^^^^^^^

warning: missing documentation for a struct field
    --> crates/borsuk/src/budget_object_selector.rs:1392:5
     |
1392 |     pub reserved_bytes: u64,
     |     ^^^^^^^^^^^^^^^^^^^^^^^

warning: missing documentation for a struct field
    --> crates/borsuk/src/budget_object_selector.rs:1393:5
     |
1393 |     pub actual_modeled_bytes: u64,
     |     ^^^^^^^^^^^^^^^^^^^^^^^^^^^^^

warning: missing documentation for a struct field
    --> crates/borsuk/src/budget_object_selector.rs:1394:5
     |
1394 |     pub work: Work,
     |     ^^^^^^^^^^^^^^

warning: missing documentation for a struct field
    --> crates/borsuk/src/budget_object_selector.rs:1395:5
     |
1395 |     pub memory: Memory,
     |     ^^^^^^^^^^^^^^^^^^

warning: missing documentation for a method
    --> crates/borsuk/src/budget_object_selector.rs:1398:5
     |
1398 |     pub fn accepted(&self) -> bool {
     |     ^^^^^^^^^^^^^^^^^^^^^^^^^^^^^^

warning: missing documentation for a method
    --> crates/borsuk/src/budget_object_selector.rs:1662:5
     |
1662 |     pub fn normalized_query(&self) -> &[f32] {
     |     ^^^^^^^^^^^^^^^^^^^^^^^^^^^^^^^^^^^^^^^^

warning: missing documentation for a method
    --> crates/borsuk/src/budget_object_selector.rs:1665:5
     |
1665 |     pub fn query_identity(&self) -> Hash {
     |     ^^^^^^^^^^^^^^^^^^^^^^^^^^^^^^^^^^^^

warning: missing documentation for a method
    --> crates/borsuk/src/budget_object_selector.rs:1697:5
     |
1697 |     pub fn observations(&self) -> &[PreparedObservation<'a>] {
     |     ^^^^^^^^^^^^^^^^^^^^^^^^^^^^^^^^^^^^^^^^^^^^^^^^^^^^^^^^

warning: missing documentation for a method
    --> crates/borsuk/src/budget_object_selector.rs:1700:5
     |
1700 |     pub fn sha256(&self) -> Hash {
     |     ^^^^^^^^^^^^^^^^^^^^^^^^^^^^

warning: missing documentation for a method
    --> crates/borsuk/src/budget_object_selector.rs:1703:5
     |
1703 |     pub fn work(&self) -> Work {
     |     ^^^^^^^^^^^^^^^^^^^^^^^^^^

warning: missing documentation for a method
    --> crates/borsuk/src/budget_object_selector.rs:1706:5
     |
1706 |     pub fn memory(&self) -> Memory {
     |     ^^^^^^^^^^^^^^^^^^^^^^^^^^^^^^

warning: missing documentation for a function
    --> crates/borsuk/src/budget_object_selector.rs:1710:1
     |
1710 | / pub fn prepare_training<'a>(
1711 | |     model: &Model<'_>,
1712 | |     membership: &Membership<'_>,
1713 | |     samples: &[TrainingSample<'a>],
1714 | |     limits: Limits,
1715 | | ) -> Result<PreparedTraining<'a>, Error> {
     | |________________________________________^

warning: missing documentation for a function
    --> crates/borsuk/src/budget_object_selector.rs:1777:1
     |
1777 | / pub fn prepare_observed_query(
1778 | |     model: &Model<'_>,
1779 | |     observation: &PreparedObservation<'_>,
1780 | |     limits: Limits,
1781 | | ) -> Result<PreparedQuery, Error> {
     | |_________________________________^

warning: missing documentation for a function
    --> crates/borsuk/src/budget_object_selector.rs:1797:1
     |
1797 | / pub fn select_observed(
1798 | |     prepared: &PreparedQuery,
1799 | |     model: &Model<'_>,
1800 | |     membership: &Membership<'_>,
...    |
1804 | |     limits: Limits,
1805 | | ) -> Result<Plan, Error> {
     | |________________________^

warning: missing documentation for a method
    --> crates/borsuk/src/budget_object_selector.rs:1844:5
     |
1844 |     pub fn complete(&self) -> bool {
     |     ^^^^^^^^^^^^^^^^^^^^^^^^^^^^^^

warning: missing documentation for a method
    --> crates/borsuk/src/budget_object_selector.rs:1847:5
     |
1847 |     pub fn work(&self) -> Work {
     |     ^^^^^^^^^^^^^^^^^^^^^^^^^^

warning: missing documentation for a method
    --> crates/borsuk/src/budget_object_selector.rs:1850:5
     |
1850 |     pub fn memory(&self) -> Memory {
     |     ^^^^^^^^^^^^^^^^^^^^^^^^^^^^^^

warning: missing documentation for a method
    --> crates/borsuk/src/budget_object_selector.rs:1853:5
     |
1853 | /     pub fn validate(
1854 | |         &self,
1855 | |         model: &Model<'_>,
1856 | |         membership: &Membership<'_>,
...    |
1859 | |         budget: Budget,
1860 | |     ) -> Result<(), Error> {
     | |__________________________^

warning: missing documentation for an enum
 --> crates/borsuk/src/budgeted_page_rank.rs:9:1
  |
9 | pub enum BudgetedPageError {
  | ^^^^^^^^^^^^^^^^^^^^^^^^^^

warning: missing documentation for a variant
  --> crates/borsuk/src/budgeted_page_rank.rs:10:5
   |
10 |     InvalidGeometry,
   |     ^^^^^^^^^^^^^^^

warning: missing documentation for a variant
  --> crates/borsuk/src/budgeted_page_rank.rs:11:5
   |
11 |     InvalidScore,
   |     ^^^^^^^^^^^^

warning: missing documentation for a variant
  --> crates/borsuk/src/budgeted_page_rank.rs:12:5
   |
12 |     InvalidCandidate,
   |     ^^^^^^^^^^^^^^^^

warning: missing documentation for a variant
  --> crates/borsuk/src/budgeted_page_rank.rs:13:5
   |
13 |     InvalidPrimary,
   |     ^^^^^^^^^^^^^^

warning: missing documentation for a variant
  --> crates/borsuk/src/budgeted_page_rank.rs:14:5
   |
14 |     ArithmeticOverflow,
   |     ^^^^^^^^^^^^^^^^^^

warning: missing documentation for a variant
  --> crates/borsuk/src/budgeted_page_rank.rs:15:5
   |
15 |     InsufficientBudget,
   |     ^^^^^^^^^^^^^^^^^^

warning: missing documentation for a struct
  --> crates/borsuk/src/budgeted_page_rank.rs:19:1
   |
19 | pub struct BudgetedPagePlan {
   | ^^^^^^^^^^^^^^^^^^^^^^^^^^^

warning: missing documentation for a struct field
  --> crates/borsuk/src/budgeted_page_rank.rs:20:5
   |
20 |     pub selected_pages: Vec<usize>,
   |     ^^^^^^^^^^^^^^^^^^^^^^^^^^^^^^

warning: missing documentation for a struct field
  --> crates/borsuk/src/budgeted_page_rank.rs:21:5
   |
21 |     pub ranges: Vec<Range<usize>>,
   |     ^^^^^^^^^^^^^^^^^^^^^^^^^^^^^

warning: missing documentation for a struct field
  --> crates/borsuk/src/budgeted_page_rank.rs:22:5
   |
22 |     pub planned_bytes: usize,
   |     ^^^^^^^^^^^^^^^^^^^^^^^^

warning: missing documentation for a struct field
  --> crates/borsuk/src/budgeted_page_rank.rs:23:5
   |
23 |     pub primary_pages_retained: usize,
   |     ^^^^^^^^^^^^^^^^^^^^^^^^^^^^^^^^^

warning: missing documentation for a struct field
  --> crates/borsuk/src/budgeted_page_rank.rs:24:5
   |
24 |     pub target_pages: usize,
   |     ^^^^^^^^^^^^^^^^^^^^^^^

warning: missing documentation for a struct field
  --> crates/borsuk/src/budgeted_page_rank.rs:25:5
   |
25 |     pub target_shortfall: usize,
   |     ^^^^^^^^^^^^^^^^^^^^^^^^^^^

warning: missing documentation for an enum
  --> crates/borsuk/src/contiguous_page_hierarchy.rs:15:1
   |
15 | pub enum HierarchyError {
   | ^^^^^^^^^^^^^^^^^^^^^^^

warning: missing documentation for a variant
  --> crates/borsuk/src/contiguous_page_hierarchy.rs:16:5
   |
16 |     InvalidGeometry,
   |     ^^^^^^^^^^^^^^^

warning: missing documentation for a variant
  --> crates/borsuk/src/contiguous_page_hierarchy.rs:17:5
   |
17 |     InvalidArtifact,
   |     ^^^^^^^^^^^^^^^

warning: missing documentation for a variant
  --> crates/borsuk/src/contiguous_page_hierarchy.rs:18:5
   |
18 |     InvalidQuery,
   |     ^^^^^^^^^^^^

warning: missing documentation for a variant
  --> crates/borsuk/src/contiguous_page_hierarchy.rs:19:5
   |
19 |     ArithmeticOverflow,
   |     ^^^^^^^^^^^^^^^^^^

warning: missing documentation for a variant
  --> crates/borsuk/src/contiguous_page_hierarchy.rs:20:5
   |
20 |     Scorer(UnitCentroidError),
   |     ^^^^^^

warning: missing documentation for a struct
  --> crates/borsuk/src/contiguous_page_hierarchy.rs:50:1
   |
50 | pub struct ContiguousPageHierarchy {
   | ^^^^^^^^^^^^^^^^^^^^^^^^^^^^^^^^^^

warning: missing documentation for a struct
  --> crates/borsuk/src/contiguous_page_hierarchy.rs:62:1
   |
62 | pub struct HierarchySearch {
   | ^^^^^^^^^^^^^^^^^^^^^^^^^^

warning: missing documentation for a struct field
  --> crates/borsuk/src/contiguous_page_hierarchy.rs:63:5
   |
63 |     pub scored_pages: Vec<(usize, f32)>,
   |     ^^^^^^^^^^^^^^^^^^^^^^^^^^^^^^^^^^^

warning: missing documentation for a struct field
  --> crates/borsuk/src/contiguous_page_hierarchy.rs:64:5
   |
64 |     pub node_expansions: usize,
   |     ^^^^^^^^^^^^^^^^^^^^^^^^^^

warning: missing documentation for a struct field
  --> crates/borsuk/src/contiguous_page_hierarchy.rs:65:5
   |
65 |     pub vector_evaluations: usize,
   |     ^^^^^^^^^^^^^^^^^^^^^^^^^^^^^

warning: missing documentation for a struct field
  --> crates/borsuk/src/contiguous_page_hierarchy.rs:66:5
   |
66 |     pub beam_exhausted: bool,
   |     ^^^^^^^^^^^^^^^^^^^^^^^^

warning: missing documentation for an associated function
   --> crates/borsuk/src/contiguous_page_hierarchy.rs:134:5
    |
134 |     pub fn build(scorer: &UnitCentroidPages, fanout: usize) -> Result<Self, HierarchyError> {
    |     ^^^^^^^^^^^^^^^^^^^^^^^^^^^^^^^^^^^^^^^^^^^^^^^^^^^^^^^^^^^^^^^^^^^^^^^^^^^^^^^^^^^^^^^

warning: missing documentation for a method
   --> crates/borsuk/src/contiguous_page_hierarchy.rs:235:5
    |
235 |     pub fn height(&self) -> usize {
    |     ^^^^^^^^^^^^^^^^^^^^^^^^^^^^^

warning: missing documentation for a method
   --> crates/borsuk/src/contiguous_page_hierarchy.rs:270:5
    |
270 |     pub fn encode(&self) -> Result<Vec<u8>, HierarchyError> {
    |     ^^^^^^^^^^^^^^^^^^^^^^^^^^^^^^^^^^^^^^^^^^^^^^^^^^^^^^^

warning: missing documentation for an associated function
   --> crates/borsuk/src/contiguous_page_hierarchy.rs:334:5
    |
334 |     pub fn decode(bytes: &[u8]) -> Result<Self, HierarchyError> {
    |     ^^^^^^^^^^^^^^^^^^^^^^^^^^^^^^^^^^^^^^^^^^^^^^^^^^^^^^^^^^^

warning: missing documentation for a method
   --> crates/borsuk/src/contiguous_page_hierarchy.rs:494:5
    |
494 | /     pub fn search(
495 | |         &self,
496 | |         scorer: &UnitCentroidPages,
497 | |         query: &[f32],
...   |
500 | |         max_node_expansions: usize,
501 | |     ) -> Result<HierarchySearch, HierarchyError> {
    | |________________________________________________^

warning: missing documentation for a type alias
 --> crates/borsuk/src/corrected_four_bit.rs:6:1
  |
6 | pub type Result<T> = std::result::Result<T, Box<dyn std::error::Error + Send + Sync>>;
  | ^^^^^^^^^^^^^^^^^^

warning: missing documentation for a constant
 --> crates/borsuk/src/corrected_four_bit.rs:7:1
  |
7 | pub const CODEC: &str = "borsuk-corrected-four-bit-direction-v1";
  | ^^^^^^^^^^^^^^^^^^^^^

warning: missing documentation for a struct
  --> crates/borsuk/src/corrected_four_bit.rs:12:1
   |
12 | pub struct Limits {
   | ^^^^^^^^^^^^^^^^^

warning: missing documentation for a struct field
  --> crates/borsuk/src/corrected_four_bit.rs:13:5
   |
13 |     pub memory_bytes: usize,
   |     ^^^^^^^^^^^^^^^^^^^^^^^

warning: missing documentation for a struct field
  --> crates/borsuk/src/corrected_four_bit.rs:14:5
   |
14 |     pub operations: u64,
   |     ^^^^^^^^^^^^^^^^^^^

warning: missing documentation for a function
  --> crates/borsuk/src/corrected_four_bit.rs:61:1
   |
61 | pub fn encode_work(d: usize) -> Result<u64> {
   | ^^^^^^^^^^^^^^^^^^^^^^^^^^^^^^^^^^^^^^^^^^^

warning: missing documentation for a function
  --> crates/borsuk/src/corrected_four_bit.rs:72:1
   |
72 | pub fn workspace_bytes(d: usize) -> Result<usize> {
   | ^^^^^^^^^^^^^^^^^^^^^^^^^^^^^^^^^^^^^^^^^^^^^^^^^

warning: missing documentation for a struct
  --> crates/borsuk/src/corrected_four_bit.rs:77:1
   |
77 | pub struct Rotation {
   | ^^^^^^^^^^^^^^^^^^^

warning: missing documentation for a struct field
  --> crates/borsuk/src/corrected_four_bit.rs:81:5
   |
81 |     pub gram_defect_bound: f64,
   |     ^^^^^^^^^^^^^^^^^^^^^^^^^^

warning: missing documentation for a struct
  --> crates/borsuk/src/corrected_four_bit.rs:83:1
   |
83 | pub struct EncodedRow {
   | ^^^^^^^^^^^^^^^^^^^^^

warning: missing documentation for a struct field
  --> crates/borsuk/src/corrected_four_bit.rs:84:5
   |
84 |     pub bytes: Vec<u8>,
   |     ^^^^^^^^^^^^^^^^^^

warning: missing documentation for a struct
  --> crates/borsuk/src/corrected_four_bit.rs:89:1
   |
89 | pub struct PreparedQuery {
   | ^^^^^^^^^^^^^^^^^^^^^^^^

warning: missing documentation for an associated function
   --> crates/borsuk/src/corrected_four_bit.rs:136:5
    |
136 |     pub fn generate(d: usize, seed: [u8; 32], limits: Limits) -> Result<Self> {
    |     ^^^^^^^^^^^^^^^^^^^^^^^^^^^^^^^^^^^^^^^^^^^^^^^^^^^^^^^^^^^^^^^^^^^^^^^^^

warning: missing documentation for an associated function
   --> crates/borsuk/src/corrected_four_bit.rs:238:5
    |
238 |     pub fn from_bytes(body: &[u8], expected_sha256: [u8; 32], limits: Limits) -> Result<Self> {
    |     ^^^^^^^^^^^^^^^^^^^^^^^^^^^^^^^^^^^^^^^^^^^^^^^^^^^^^^^^^^^^^^^^^^^^^^^^^^^^^^^^^^^^^^^^^

warning: missing documentation for a method
   --> crates/borsuk/src/corrected_four_bit.rs:265:5
    |
265 |     pub fn to_bytes(&self, limits: Limits) -> Result<Vec<u8>> {
    |     ^^^^^^^^^^^^^^^^^^^^^^^^^^^^^^^^^^^^^^^^^^^^^^^^^^^^^^^^^

warning: missing documentation for a method
   --> crates/borsuk/src/corrected_four_bit.rs:278:5
    |
278 |     pub fn dimensions(&self) -> usize {
    |     ^^^^^^^^^^^^^^^^^^^^^^^^^^^^^^^^^

warning: missing documentation for a method
   --> crates/borsuk/src/corrected_four_bit.rs:281:5
    |
281 |     pub fn digest(&self) -> [u8; 32] {
    |     ^^^^^^^^^^^^^^^^^^^^^^^^^^^^^^^^

warning: missing documentation for a method
   --> crates/borsuk/src/corrected_four_bit.rs:284:5
    |
284 |     pub fn retained_bytes(&self) -> usize {
    |     ^^^^^^^^^^^^^^^^^^^^^^^^^^^^^^^^^^^^^

warning: missing documentation for a method
   --> crates/borsuk/src/corrected_four_bit.rs:332:5
    |
332 |     pub fn prepare_query(&self, query: &[f32], limits: Limits) -> Result<PreparedQuery> {
    |     ^^^^^^^^^^^^^^^^^^^^^^^^^^^^^^^^^^^^^^^^^^^^^^^^^^^^^^^^^^^^^^^^^^^^^^^^^^^^^^^^^^^

warning: missing documentation for a method
   --> crates/borsuk/src/corrected_four_bit.rs:340:5
    |
340 |     pub fn capacity_bytes(&self) -> usize {
    |     ^^^^^^^^^^^^^^^^^^^^^^^^^^^^^^^^^^^^^

warning: missing documentation for a method
   --> crates/borsuk/src/corrected_four_bit.rs:343:5
    |
343 |     pub fn score(&self, rotation: &Rotation, row: &[u8]) -> Result<f32> {
    |     ^^^^^^^^^^^^^^^^^^^^^^^^^^^^^^^^^^^^^^^^^^^^^^^^^^^^^^^^^^^^^^^^^^^

warning: missing documentation for a struct field
   --> crates/borsuk/src/exact_sq8_mirror.rs:111:5
    |
111 |     pub start: usize,
    |     ^^^^^^^^^^^^^^^^

warning: missing documentation for a struct field
   --> crates/borsuk/src/exact_sq8_mirror.rs:112:5
    |
112 |     pub bytes: Vec<u8>,
    |     ^^^^^^^^^^^^^^^^^^

warning: missing documentation for a struct field
   --> crates/borsuk/src/exact_sq8_mirror.rs:113:5
    |
113 |     pub verified_block_reads: usize,
    |     ^^^^^^^^^^^^^^^^^^^^^^^^^^^^^^^

warning: missing documentation for an enum
 --> crates/borsuk/src/graph_generation_resources.rs:9:1
  |
9 | pub enum GraphResourceError {
  | ^^^^^^^^^^^^^^^^^^^^^^^^^^^

warning: missing documentation for a variant
  --> crates/borsuk/src/graph_generation_resources.rs:10:5
   |
10 |     InvalidGeometry,
   |     ^^^^^^^^^^^^^^^

warning: missing documentation for a variant
  --> crates/borsuk/src/graph_generation_resources.rs:11:5
   |
11 |     ArithmeticOverflow,
   |     ^^^^^^^^^^^^^^^^^^

warning: missing documentation for a variant
  --> crates/borsuk/src/graph_generation_resources.rs:12:5
   |
12 |     InsufficientBudget,
   |     ^^^^^^^^^^^^^^^^^^

warning: missing documentation for a struct field
  --> crates/borsuk/src/graph_generation_resources.rs:20:5
   |
20 |     pub rows: u64,
   |     ^^^^^^^^^^^^^

warning: missing documentation for a struct field
  --> crates/borsuk/src/graph_generation_resources.rs:21:5
   |
21 |     pub dimensions: u64,
   |     ^^^^^^^^^^^^^^^^^^^

warning: missing documentation for a struct field
  --> crates/borsuk/src/graph_generation_resources.rs:22:5
   |
22 |     pub page_rows: u64,
   |     ^^^^^^^^^^^^^^^^^^

warning: missing documentation for a struct field
  --> crates/borsuk/src/graph_generation_resources.rs:23:5
   |
23 |     pub unit_rows: u64,
   |     ^^^^^^^^^^^^^^^^^^

warning: missing documentation for a struct field
  --> crates/borsuk/src/graph_generation_resources.rs:24:5
   |
24 |     pub blocks_per_page: u64,
   |     ^^^^^^^^^^^^^^^^^^^^^^^^

warning: missing documentation for a struct field
  --> crates/borsuk/src/graph_generation_resources.rs:25:5
   |
25 |     pub source_verification_block_bytes: u64,
   |     ^^^^^^^^^^^^^^^^^^^^^^^^^^^^^^^^^^^^^^^^

warning: missing documentation for a struct field
  --> crates/borsuk/src/graph_generation_resources.rs:26:5
   |
26 |     pub graph_encoded_bytes: u64,
   |     ^^^^^^^^^^^^^^^^^^^^^^^^^^^^

warning: missing documentation for a struct field
  --> crates/borsuk/src/graph_generation_resources.rs:27:5
   |
27 |     pub graph_resident_bytes: u64,
   |     ^^^^^^^^^^^^^^^^^^^^^^^^^^^^^

warning: missing documentation for a struct field
  --> crates/borsuk/src/graph_generation_resources.rs:28:5
   |
28 |     pub max_active_queries: u64,
   |     ^^^^^^^^^^^^^^^^^^^^^^^^^^^

warning: missing documentation for a struct field
  --> crates/borsuk/src/graph_generation_resources.rs:29:5
   |
29 |     pub transient_bytes_per_query: u64,
   |     ^^^^^^^^^^^^^^^^^^^^^^^^^^^^^^^^^^

warning: missing documentation for a struct field
  --> crates/borsuk/src/graph_generation_resources.rs:30:5
   |
30 |     pub already_pinned_bytes: u64,
   |     ^^^^^^^^^^^^^^^^^^^^^^^^^^^^^

warning: missing documentation for a struct
  --> crates/borsuk/src/graph_generation_resources.rs:34:1
   |
34 | pub struct GraphResourceEstimate {
   | ^^^^^^^^^^^^^^^^^^^^^^^^^^^^^^^^

warning: missing documentation for a struct field
  --> crates/borsuk/src/graph_generation_resources.rs:35:5
   |
35 |     pub router_code_bytes: u64,
   |     ^^^^^^^^^^^^^^^^^^^^^^^^^^

warning: missing documentation for a struct field
  --> crates/borsuk/src/graph_generation_resources.rs:36:5
   |
36 |     pub router_summary_bytes: u64,
   |     ^^^^^^^^^^^^^^^^^^^^^^^^^^^^^

warning: missing documentation for a struct field
  --> crates/borsuk/src/graph_generation_resources.rs:37:5
   |
37 |     pub decoded_centroid_bytes: u64,
   |     ^^^^^^^^^^^^^^^^^^^^^^^^^^^^^^^

warning: missing documentation for a struct field
  --> crates/borsuk/src/graph_generation_resources.rs:38:5
   |
38 |     pub source_digest_bytes: u64,
   |     ^^^^^^^^^^^^^^^^^^^^^^^^^^^^

warning: missing documentation for a struct field
  --> crates/borsuk/src/graph_generation_resources.rs:39:5
   |
39 |     pub steady_payload_bytes: u64,
   |     ^^^^^^^^^^^^^^^^^^^^^^^^^^^^^

warning: missing documentation for a struct field
  --> crates/borsuk/src/graph_generation_resources.rs:40:5
   |
40 |     pub hydration_peak_bytes: u64,
   |     ^^^^^^^^^^^^^^^^^^^^^^^^^^^^^

warning: missing documentation for a struct field
  --> crates/borsuk/src/graph_generation_resources.rs:41:5
   |
41 |     pub transient_limit_bytes: u64,
   |     ^^^^^^^^^^^^^^^^^^^^^^^^^^^^^^

warning: missing documentation for a struct field
  --> crates/borsuk/src/graph_generation_resources.rs:42:5
   |
42 |     pub total_peak_bytes: u64,
   |     ^^^^^^^^^^^^^^^^^^^^^^^^^

warning: missing documentation for a struct field
   --> crates/borsuk/src/hierarchical_semantic_cells.rs:299:15
    |
299 |     Centers { left: Vec<f32>, right: Vec<f32>, separation: f32, cut: Option<(f32, usize)> },
    |               ^^^^^^^^^^^^^^

warning: missing documentation for a struct field
   --> crates/borsuk/src/hierarchical_semantic_cells.rs:299:31
    |
299 |     Centers { left: Vec<f32>, right: Vec<f32>, separation: f32, cut: Option<(f32, usize)> },
    |                               ^^^^^^^^^^^^^^^

warning: missing documentation for a struct field
   --> crates/borsuk/src/hierarchical_semantic_cells.rs:299:48
    |
299 |     Centers { left: Vec<f32>, right: Vec<f32>, separation: f32, cut: Option<(f32, usize)> },
    |                                                ^^^^^^^^^^^^^^^

warning: missing documentation for a struct field
   --> crates/borsuk/src/hierarchical_semantic_cells.rs:299:65
    |
299 |     Centers { left: Vec<f32>, right: Vec<f32>, separation: f32, cut: Option<(f32, usize)> },
    |                                                                 ^^^^^^^^^^^^^^^^^^^^^^^^^

warning: missing documentation for a struct field
   --> crates/borsuk/src/hierarchical_semantic_cells.rs:301:18
    |
301 |     Coordinate { axis: usize, cut: (f32, usize), range: f32 },
    |                  ^^^^^^^^^^^

warning: missing documentation for a struct field
   --> crates/borsuk/src/hierarchical_semantic_cells.rs:301:31
    |
301 |     Coordinate { axis: usize, cut: (f32, usize), range: f32 },
    |                               ^^^^^^^^^^^^^^^^^

warning: missing documentation for a struct field
   --> crates/borsuk/src/hierarchical_semantic_cells.rs:301:50
    |
301 |     Coordinate { axis: usize, cut: (f32, usize), range: f32 },
    |                                                  ^^^^^^^^^^

warning: missing documentation for a struct field
   --> crates/borsuk/src/hierarchical_semantic_cells.rs:352:25
    |
352 | pub struct ReplayCell { pub cell_id: usize, pub ids: Vec<usize> }
    |                         ^^^^^^^^^^^^^^^^^^

warning: missing documentation for a struct field
   --> crates/borsuk/src/hierarchical_semantic_cells.rs:352:45
    |
352 | pub struct ReplayCell { pub cell_id: usize, pub ids: Vec<usize> }
    |                                             ^^^^^^^^^^^^^^^^^^^

warning: missing documentation for a struct field
   --> crates/borsuk/src/hierarchical_semantic_cells.rs:356:5
    |
356 |     pub depth: usize,
    |     ^^^^^^^^^^^^^^^^

warning: missing documentation for a struct field
   --> crates/borsuk/src/hierarchical_semantic_cells.rs:357:5
    |
357 |     pub boundary: Option<SplitBoundary>,
    |     ^^^^^^^^^^^^^^^^^^^^^^^^^^^^^^^^^^^

warning: missing documentation for a struct field
   --> crates/borsuk/src/hierarchical_semantic_cells.rs:358:5
    |
358 |     pub children: Option<[usize; 2]>,
    |     ^^^^^^^^^^^^^^^^^^^^^^^^^^^^^^^^

warning: missing documentation for a struct field
   --> crates/borsuk/src/hierarchical_semantic_cells.rs:359:5
    |
359 |     pub cell: Option<ReplayCell>,
    |     ^^^^^^^^^^^^^^^^^^^^^^^^^^^^

warning: missing documentation for a struct field
   --> crates/borsuk/src/hierarchical_semantic_cells.rs:364:5
    |
364 |     pub logical_rows: usize,
    |     ^^^^^^^^^^^^^^^^^^^^^^^

warning: missing documentation for a struct field
   --> crates/borsuk/src/hierarchical_semantic_cells.rs:365:5
    |
365 |     pub dimensions: usize,
    |     ^^^^^^^^^^^^^^^^^^^^^

warning: missing documentation for a struct field
   --> crates/borsuk/src/hierarchical_semantic_cells.rs:366:5
    |
366 |     pub nodes: Vec<ReplayNode>,
    |     ^^^^^^^^^^^^^^^^^^^^^^^^^^

warning: missing documentation for a struct field
   --> crates/borsuk/src/hierarchical_semantic_cells.rs:945:27
    |
945 | pub struct SelectedCell { pub cell_id: usize, pub primary: bool, pub distance_bits: u32 }
    |                           ^^^^^^^^^^^^^^^^^^

warning: missing documentation for a struct field
   --> crates/borsuk/src/hierarchical_semantic_cells.rs:945:47
    |
945 | pub struct SelectedCell { pub cell_id: usize, pub primary: bool, pub distance_bits: u32 }
    |                                               ^^^^^^^^^^^^^^^^^

warning: missing documentation for a struct field
   --> crates/borsuk/src/hierarchical_semantic_cells.rs:945:66
    |
945 | pub struct SelectedCell { pub cell_id: usize, pub primary: bool, pub distance_bits: u32 }
    |                                                                  ^^^^^^^^^^^^^^^^^^^^^^

warning: missing documentation for a struct field
    --> crates/borsuk/src/hierarchical_semantic_cells.rs:1317:5
     |
1317 |     pub root: Artifact,
     |     ^^^^^^^^^^^^^^^^^^

warning: missing documentation for a struct field
    --> crates/borsuk/src/hierarchical_semantic_cells.rs:1318:5
     |
1318 |     pub directory: Artifact,
     |     ^^^^^^^^^^^^^^^^^^^^^^^

warning: missing documentation for a struct field
    --> crates/borsuk/src/hierarchical_semantic_cells.rs:1319:5
     |
1319 |     pub cell_file: PathBuf,
     |     ^^^^^^^^^^^^^^^^^^^^^^

warning: missing documentation for a struct field
    --> crates/borsuk/src/hierarchical_semantic_cells.rs:1320:5
     |
1320 |     pub cell_bytes: usize,
     |     ^^^^^^^^^^^^^^^^^^^^^

warning: missing documentation for a struct field
    --> crates/borsuk/src/hierarchical_semantic_cells.rs:1321:5
     |
1321 |     pub rows: usize,
     |     ^^^^^^^^^^^^^^^

warning: missing documentation for a struct field
    --> crates/borsuk/src/hierarchical_semantic_cells.rs:1322:5
     |
1322 |     pub dimensions: usize,
     |     ^^^^^^^^^^^^^^^^^^^^^

warning: missing documentation for a struct field
    --> crates/borsuk/src/hierarchical_semantic_cells.rs:1323:5
     |
1323 |     pub cells: usize,
     |     ^^^^^^^^^^^^^^^^

warning: missing documentation for a struct field
    --> crates/borsuk/src/hierarchical_semantic_cells.rs:1324:5
     |
1324 |     pub directory_admission: DirectoryAdmission,
     |     ^^^^^^^^^^^^^^^^^^^^^^^^^^^^^^^^^^^^^^^^^^^

warning: missing documentation for a struct field
    --> crates/borsuk/src/hierarchical_semantic_cells.rs:1325:5
     |
1325 |     pub modeled_metadata_payload_bytes: usize,
     |     ^^^^^^^^^^^^^^^^^^^^^^^^^^^^^^^^^^^^^^^^^

warning: missing documentation for an enum
  --> crates/borsuk/src/object_native_generation.rs:46:1
   |
46 | pub enum ObjectNativeOpenError {
   | ^^^^^^^^^^^^^^^^^^^^^^^^^^^^^^

warning: missing documentation for a variant
  --> crates/borsuk/src/object_native_generation.rs:47:5
   |
47 |     Io(std::io::Error),
   |     ^^

warning: missing documentation for a variant
  --> crates/borsuk/src/object_native_generation.rs:48:5
   |
48 |     Store(object_store::Error),
   |     ^^^^^

warning: missing documentation for a variant
  --> crates/borsuk/src/object_native_generation.rs:49:5
   |
49 |     Invalid(&'static str),
   |     ^^^^^^^

warning: missing documentation for a variant
  --> crates/borsuk/src/object_native_generation.rs:50:5
   |
50 |     HashMismatch(&'static str),
   |     ^^^^^^^^^^^^

warning: missing documentation for a variant
  --> crates/borsuk/src/object_native_generation.rs:51:5
   |
51 |     Router(RouterArtifactError),
   |     ^^^^^^

warning: missing documentation for a variant
  --> crates/borsuk/src/object_native_generation.rs:52:5
   |
52 |     Page(PageError),
   |     ^^^^

warning: missing documentation for a variant
  --> crates/borsuk/src/object_native_generation.rs:53:5
   |
53 |     Centroid(UnitCentroidError),
   |     ^^^^^^^^

warning: missing documentation for a variant
  --> crates/borsuk/src/object_native_generation.rs:54:5
   |
54 |     Graph(UnitCentroidGraphError),
   |     ^^^^^

warning: missing documentation for an enum
  --> crates/borsuk/src/object_native_generation.rs:58:1
   |
58 | pub enum ObjectNativePlanError {
   | ^^^^^^^^^^^^^^^^^^^^^^^^^^^^^^

warning: missing documentation for a variant
  --> crates/borsuk/src/object_native_generation.rs:59:5
   |
59 |     Router(Pq64Error),
   |     ^^^^^^

warning: missing documentation for a variant
  --> crates/borsuk/src/object_native_generation.rs:60:5
   |
60 |     Graph(UnitCentroidGraphError),
   |     ^^^^^

warning: missing documentation for a variant
  --> crates/borsuk/src/object_native_generation.rs:61:5
   |
61 |     Centroid(UnitCentroidError),
   |     ^^^^^^^^

warning: missing documentation for a variant
  --> crates/borsuk/src/object_native_generation.rs:62:5
   |
62 |     Budget(BudgetedPageError),
   |     ^^^^^^

warning: missing documentation for a variant
  --> crates/borsuk/src/object_native_generation.rs:63:5
   |
63 |     Arithmetic,
   |     ^^^^^^^^^^

warning: missing documentation for an enum
  --> crates/borsuk/src/object_native_generation.rs:67:1
   |
67 | pub enum ObjectNativeSearchError {
   | ^^^^^^^^^^^^^^^^^^^^^^^^^^^^^^^^

warning: missing documentation for a variant
  --> crates/borsuk/src/object_native_generation.rs:68:5
   |
68 |     Plan(ObjectNativePlanError),
   |     ^^^^

warning: missing documentation for a variant
  --> crates/borsuk/src/object_native_generation.rs:69:5
   |
69 |     Read(RankedSq8Failure),
   |     ^^^^

warning: missing documentation for a struct
  --> crates/borsuk/src/object_native_generation.rs:72:1
   |
72 | pub struct ObjectNativeSearchResult {
   | ^^^^^^^^^^^^^^^^^^^^^^^^^^^^^^^^^^^

warning: missing documentation for a struct field
  --> crates/borsuk/src/object_native_generation.rs:73:5
   |
73 |     pub plan: BudgetedPagePlan,
   |     ^^^^^^^^^^^^^^^^^^^^^^^^^^

warning: missing documentation for a struct field
  --> crates/borsuk/src/object_native_generation.rs:74:5
   |
74 |     pub ranked: RankedSq8,
   |     ^^^^^^^^^^^^^^^^^^^^^

warning: missing documentation for a struct field
   --> crates/borsuk/src/object_native_generation.rs:100:5
    |
100 |     pub max_memory_bytes: u64,
    |     ^^^^^^^^^^^^^^^^^^^^^^^^^

warning: missing documentation for a struct field
   --> crates/borsuk/src/object_native_generation.rs:101:5
    |
101 |     pub max_active_queries: u64,
    |     ^^^^^^^^^^^^^^^^^^^^^^^^^^^

warning: missing documentation for a struct field
   --> crates/borsuk/src/object_native_generation.rs:102:5
    |
102 |     pub max_query_bytes: u64,
    |     ^^^^^^^^^^^^^^^^^^^^^^^^

warning: missing documentation for a struct field
   --> crates/borsuk/src/object_native_generation.rs:103:5
    |
103 |     pub max_query_gets: usize,
    |     ^^^^^^^^^^^^^^^^^^^^^^^^^

warning: missing documentation for a struct field
   --> crates/borsuk/src/object_native_generation.rs:104:5
    |
104 |     pub max_parallel_gets: usize,
    |     ^^^^^^^^^^^^^^^^^^^^^^^^^^^^

warning: missing documentation for a struct field
   --> crates/borsuk/src/object_native_generation.rs:105:5
    |
105 |     pub max_router_regions: usize,
    |     ^^^^^^^^^^^^^^^^^^^^^^^^^^^^^

warning: missing documentation for a struct field
   --> crates/borsuk/src/object_native_generation.rs:106:5
    |
106 |     pub max_router_shortlist: usize,
    |     ^^^^^^^^^^^^^^^^^^^^^^^^^^^^^^^

warning: missing documentation for a struct field
   --> crates/borsuk/src/object_native_generation.rs:107:5
    |
107 |     pub already_pinned_bytes: u64,
    |     ^^^^^^^^^^^^^^^^^^^^^^^^^^^^^

warning: missing documentation for a method
   --> crates/borsuk/src/object_native_generation.rs:880:5
    |
880 |     pub fn router(&self) -> &SourceRouterArtifact {
    |     ^^^^^^^^^^^^^^^^^^^^^^^^^^^^^^^^^^^^^^^^^^^^^

warning: missing documentation for a method
   --> crates/borsuk/src/object_native_generation.rs:883:5
    |
883 |     pub fn pages(&self) -> &PageAuthority {
    |     ^^^^^^^^^^^^^^^^^^^^^^^^^^^^^^^^^^^^^

warning: missing documentation for a method
   --> crates/borsuk/src/object_native_generation.rs:886:5
    |
886 |     pub fn centroids(&self) -> &UnitCentroidPages {
    |     ^^^^^^^^^^^^^^^^^^^^^^^^^^^^^^^^^^^^^^^^^^^^^

warning: missing documentation for a method
   --> crates/borsuk/src/object_native_generation.rs:889:5
    |
889 |     pub fn graph(&self) -> &UnitCentroidGraph {
    |     ^^^^^^^^^^^^^^^^^^^^^^^^^^^^^^^^^^^^^^^^^

warning: missing documentation for a method
   --> crates/borsuk/src/object_native_generation.rs:892:5
    |
892 |     pub fn object_key(&self) -> &ObjectPath {
    |     ^^^^^^^^^^^^^^^^^^^^^^^^^^^^^^^^^^^^^^^

warning: missing documentation for a method
   --> crates/borsuk/src/object_native_generation.rs:895:5
    |
895 |     pub fn etag(&self) -> &str {
    |     ^^^^^^^^^^^^^^^^^^^^^^^^^^

warning: missing documentation for a variant
  --> crates/borsuk/src/pq64_nominee.rs:10:5
   |
10 |     InvalidGeometry,
   |     ^^^^^^^^^^^^^^^

warning: missing documentation for a variant
  --> crates/borsuk/src/pq64_nominee.rs:11:5
   |
11 |     InvalidPlane,
   |     ^^^^^^^^^^^^

warning: missing documentation for a variant
  --> crates/borsuk/src/pq64_nominee.rs:12:5
   |
12 |     InvalidQuery,
   |     ^^^^^^^^^^^^

warning: missing documentation for a variant
  --> crates/borsuk/src/pq64_nominee.rs:13:5
   |
13 |     InvalidRequest,
   |     ^^^^^^^^^^^^^^

warning: missing documentation for an associated function
  --> crates/borsuk/src/pq64_nominee.rs:81:5
   |
81 |     pub fn new(rows: usize, dimensions: usize, books: Vec<f32>, codes: Vec<u8>) -> Result<Self, Pq64Error> {
   |     ^^^^^^^^^^^^^^^^^^^^^^^^^^^^^^^^^^^^^^^^^^^^^^^^^^^^^^^^^^^^^^^^^^^^^^^^^^^^^^^^^^^^^^^^^^^^^^^^^^^^^^

warning: missing documentation for a method
  --> crates/borsuk/src/pq64_nominee.rs:98:5
   |
98 |     pub fn rows(&self) -> usize { self.router.rows }
   |     ^^^^^^^^^^^^^^^^^^^^^^^^^^^

warning: missing documentation for a method
  --> crates/borsuk/src/pq64_nominee.rs:99:5
   |
99 |     pub fn dimensions(&self) -> usize { self.router.dimensions }
   |     ^^^^^^^^^^^^^^^^^^^^^^^^^^^^^^^^^

warning: missing documentation for a method
   --> crates/borsuk/src/pq64_nominee.rs:100:5
    |
100 |     pub fn prepare_query(&self, query: &[f32]) -> Result<Pq64CosinePreparedQuery<'_>, Pq64Error> {
    |     ^^^^^^^^^^^^^^^^^^^^^^^^^^^^^^^^^^^^^^^^^^^^^^^^^^^^^^^^^^^^^^^^^^^^^^^^^^^^^^^^^^^^^^^^^^^^

warning: missing documentation for a method
   --> crates/borsuk/src/pq64_nominee.rs:104:5
    |
104 |     pub fn resident_bytes(&self) -> usize {
    |     ^^^^^^^^^^^^^^^^^^^^^^^^^^^^^^^^^^^^^

warning: missing documentation for a method
   --> crates/borsuk/src/pq64_nominee.rs:314:5
    |
314 |     pub fn rows(&self) -> usize {
    |     ^^^^^^^^^^^^^^^^^^^^^^^^^^^

warning: missing documentation for a method
   --> crates/borsuk/src/pq64_nominee.rs:317:5
    |
317 |     pub fn dimensions(&self) -> usize {
    |     ^^^^^^^^^^^^^^^^^^^^^^^^^^^^^^^^^

warning: missing documentation for a method
   --> crates/borsuk/src/pq64_nominee.rs:320:5
    |
320 |     pub fn page_rows(&self) -> usize {
    |     ^^^^^^^^^^^^^^^^^^^^^^^^^^^^^^^^

warning: missing documentation for a method
   --> crates/borsuk/src/pq64_nominee.rs:323:5
    |
323 |     pub fn blocks_per_page(&self) -> usize {
    |     ^^^^^^^^^^^^^^^^^^^^^^^^^^^^^^^^^^^^^^

warning: missing documentation for a constant
 --> crates/borsuk/src/pq_residual_four_bit.rs:5:1
  |
5 | pub const CODEC: &str = "borsuk-pq64-residual4-original-norm-v1";
  | ^^^^^^^^^^^^^^^^^^^^^

warning: missing documentation for a constant
 --> crates/borsuk/src/pq_residual_four_bit.rs:6:1
  |
6 | pub const TRAINER: &str = "extrema-f64-endpoint256-even-dp16-nearest-lowest-v1";
  | ^^^^^^^^^^^^^^^^^^^^^^^

warning: missing documentation for an associated function
  --> crates/borsuk/src/pq_residual_four_bit.rs:22:5
   |
22 |     pub fn new(low: f32, high: f32) -> Result<Self> {
   |     ^^^^^^^^^^^^^^^^^^^^^^^^^^^^^^^^^^^^^^^^^^^^^^^

warning: missing documentation for a method
  --> crates/borsuk/src/pq_residual_four_bit.rs:28:5
   |
28 |     pub fn bin(self, residual: f32) -> Result<u8> {
   |     ^^^^^^^^^^^^^^^^^^^^^^^^^^^^^^^^^^^^^^^^^^^^^

warning: missing documentation for a method
  --> crates/borsuk/src/pq_residual_four_bit.rs:40:5
   |
40 |     pub fn center(self, bin: f32) -> Result<f32> {
   |     ^^^^^^^^^^^^^^^^^^^^^^^^^^^^^^^^^^^^^^^^^^^^

warning: missing documentation for an associated function
   --> crates/borsuk/src/pq_residual_four_bit.rs:122:5
    |
122 |     pub fn new(binding: [u8; 32], centers: Vec<[f32; 16]>, counts: Vec<u8>) -> Result<Self> {
    |     ^^^^^^^^^^^^^^^^^^^^^^^^^^^^^^^^^^^^^^^^^^^^^^^^^^^^^^^^^^^^^^^^^^^^^^^^^^^^^^^^^^^^^^^

warning: missing documentation for a method
   --> crates/borsuk/src/pq_residual_four_bit.rs:146:5
    |
146 |     pub fn dimensions(&self) -> usize {
    |     ^^^^^^^^^^^^^^^^^^^^^^^^^^^^^^^^^

warning: missing documentation for a method
   --> crates/borsuk/src/pq_residual_four_bit.rs:149:5
    |
149 |     pub fn row_bytes(&self) -> usize {
    |     ^^^^^^^^^^^^^^^^^^^^^^^^^^^^^^^^

warning: missing documentation for a method
   --> crates/borsuk/src/pq_residual_four_bit.rs:152:5
    |
152 |     pub fn retained_bytes(&self) -> usize {
    |     ^^^^^^^^^^^^^^^^^^^^^^^^^^^^^^^^^^^^^

warning: missing documentation for a method
   --> crates/borsuk/src/pq_residual_four_bit.rs:155:5
    |
155 |     pub fn to_bytes(&self) -> Vec<u8> {
    |     ^^^^^^^^^^^^^^^^^^^^^^^^^^^^^^^^^

warning: missing documentation for an associated function
   --> crates/borsuk/src/pq_residual_four_bit.rs:169:5
    |
169 |     pub fn from_bytes(body: &[u8], binding: [u8; 32], sha: [u8; 32], cap: usize) -> Result<Self> {
    |     ^^^^^^^^^^^^^^^^^^^^^^^^^^^^^^^^^^^^^^^^^^^^^^^^^^^^^^^^^^^^^^^^^^^^^^^^^^^^^^^^^^^^^^^^^^^^

warning: missing documentation for a method
   --> crates/borsuk/src/pq_residual_four_bit.rs:197:5
    |
197 | /     pub fn encode(
198 | |         &self,
199 | |         row: &[u8],
200 | |         predictor: &[f32],
...   |
203 | |         out: &mut [u8],
204 | |     ) -> Result<()> {
    | |___________________^

warning: missing documentation for a method
   --> crates/borsuk/src/pq_residual_four_bit.rs:224:5
    |
224 |     pub fn prepare_query(&self, query: &[f32]) -> Result<PreparedQuery> {
    |     ^^^^^^^^^^^^^^^^^^^^^^^^^^^^^^^^^^^^^^^^^^^^^^^^^^^^^^^^^^^^^^^^^^^

warning: missing documentation for a struct
   --> crates/borsuk/src/pq_residual_four_bit.rs:237:1
    |
237 | pub struct PreparedQuery {
    | ^^^^^^^^^^^^^^^^^^^^^^^^

warning: missing documentation for a constant
  --> crates/borsuk/src/fine_sq8_groups.rs:27:1
   |
27 | pub const BUILD_SCHEMA: &str = "borsuk-fine-sq8-build-v1";
   | ^^^^^^^^^^^^^^^^^^^^^^^^^^^^

warning: missing documentation for a constant
  --> crates/borsuk/src/fine_sq8_groups.rs:31:1
   |
31 | pub const SCHEMA: &str = "borsuk-fine-sq8-v1";
   | ^^^^^^^^^^^^^^^^^^^^^^

warning: missing documentation for a constant
  --> crates/borsuk/src/fine_sq8_groups.rs:32:1
   |
32 | pub const GROUP_ROWS: usize = 16;
   | ^^^^^^^^^^^^^^^^^^^^^^^^^^^

warning: missing documentation for a constant
  --> crates/borsuk/src/fine_sq8_groups.rs:33:1
   |
33 | pub const MAX_GETS: usize = 256;
   | ^^^^^^^^^^^^^^^^^^^^^^^^^

warning: missing documentation for a constant
  --> crates/borsuk/src/fine_sq8_groups.rs:34:1
   |
34 | pub const MAX_BYTES: usize = 16 * 1024 * 1024;
   | ^^^^^^^^^^^^^^^^^^^^^^^^^^

warning: missing documentation for a struct
  --> crates/borsuk/src/fine_sq8_groups.rs:89:1
   |
89 | pub struct FineBuildReceipt {
   | ^^^^^^^^^^^^^^^^^^^^^^^^^^^

warning: missing documentation for a struct field
  --> crates/borsuk/src/fine_sq8_groups.rs:90:5
   |
90 |     pub modeled_build_payload_bytes: usize,
   |     ^^^^^^^^^^^^^^^^^^^^^^^^^^^^^^^^^^^^^^

warning: missing documentation for a struct field
  --> crates/borsuk/src/fine_sq8_groups.rs:91:5
   |
91 |     pub modeled_output_and_staging_bytes: usize,
   |     ^^^^^^^^^^^^^^^^^^^^^^^^^^^^^^^^^^^^^^^^^^^

warning: missing documentation for a struct field
  --> crates/borsuk/src/fine_sq8_groups.rs:92:5
   |
92 |     pub actual_graph_capacity_bytes: usize,
   |     ^^^^^^^^^^^^^^^^^^^^^^^^^^^^^^^^^^^^^^

warning: missing documentation for a struct field
  --> crates/borsuk/src/fine_sq8_groups.rs:93:5
   |
93 |     pub construction_graph_capacity_bytes: usize,
   |     ^^^^^^^^^^^^^^^^^^^^^^^^^^^^^^^^^^^^^^^^^^^^

warning: missing documentation for a struct field
  --> crates/borsuk/src/fine_sq8_groups.rs:94:5
   |
94 |     pub actual_pq_capacity_bytes: usize,
   |     ^^^^^^^^^^^^^^^^^^^^^^^^^^^^^^^^^^^

warning: missing documentation for a struct field
  --> crates/borsuk/src/fine_sq8_groups.rs:95:5
   |
95 |     pub source_rows: usize,
   |     ^^^^^^^^^^^^^^^^^^^^^^

warning: missing documentation for a struct field
  --> crates/borsuk/src/fine_sq8_groups.rs:96:5
   |
96 |     pub sq8_body_bytes: usize,
   |     ^^^^^^^^^^^^^^^^^^^^^^^^^

warning: missing documentation for a struct
   --> crates/borsuk/src/fine_sq8_groups.rs:113:1
    |
113 | pub struct FineBuildConfig {
    | ^^^^^^^^^^^^^^^^^^^^^^^^^^

warning: missing documentation for a struct field
   --> crates/borsuk/src/fine_sq8_groups.rs:114:5
    |
114 |     pub schema: String,
    |     ^^^^^^^^^^^^^^^^^^

warning: missing documentation for a struct field
   --> crates/borsuk/src/fine_sq8_groups.rs:115:5
    |
115 |     pub primary_root: Artifact,
    |     ^^^^^^^^^^^^^^^^^^^^^^^^^^

warning: missing documentation for a struct field
   --> crates/borsuk/src/fine_sq8_groups.rs:116:5
    |
116 |     pub max_build_payload_bytes: usize,
    |     ^^^^^^^^^^^^^^^^^^^^^^^^^^^^^^^^^^

warning: missing documentation for a struct field
   --> crates/borsuk/src/fine_sq8_groups.rs:117:5
    |
117 |     pub max_output_bytes: usize,
    |     ^^^^^^^^^^^^^^^^^^^^^^^^^^^

warning: missing documentation for a struct field
   --> crates/borsuk/src/fine_sq8_groups.rs:124:5
    |
124 |     pub max_peak_payload_bytes: usize,
    |     ^^^^^^^^^^^^^^^^^^^^^^^^^^^^^^^^^

warning: missing documentation for a struct field
   --> crates/borsuk/src/fine_sq8_groups.rs:125:5
    |
125 |     pub pinned_generation_bytes: usize,
    |     ^^^^^^^^^^^^^^^^^^^^^^^^^^^^^^^^^^

warning: missing documentation for a struct field
   --> crates/borsuk/src/fine_sq8_groups.rs:126:5
    |
126 |     pub active_queries: usize,
    |     ^^^^^^^^^^^^^^^^^^^^^^^^^

warning: missing documentation for a struct field
   --> crates/borsuk/src/fine_sq8_groups.rs:127:5
    |
127 |     pub delta_bytes: usize,
    |     ^^^^^^^^^^^^^^^^^^^^^^

warning: missing documentation for a struct field
   --> crates/borsuk/src/fine_sq8_groups.rs:128:5
    |
128 |     pub maintenance_bytes: usize,
    |     ^^^^^^^^^^^^^^^^^^^^^^^^^^^^

warning: missing documentation for a struct field
   --> crates/borsuk/src/fine_sq8_groups.rs:129:5
    |
129 |     pub runtime_bytes: usize,
    |     ^^^^^^^^^^^^^^^^^^^^^^^^

warning: missing documentation for a struct
   --> crates/borsuk/src/fine_sq8_groups.rs:133:1
    |
133 | pub struct ResourceReceipt {
    | ^^^^^^^^^^^^^^^^^^^^^^^^^^

warning: missing documentation for a struct field
   --> crates/borsuk/src/fine_sq8_groups.rs:134:5
    |
134 |     pub graph_capacity_bytes: usize,
    |     ^^^^^^^^^^^^^^^^^^^^^^^^^^^^^^^

warning: missing documentation for a struct field
   --> crates/borsuk/src/fine_sq8_groups.rs:135:5
    |
135 |     pub pq_capacity_bytes: usize,
    |     ^^^^^^^^^^^^^^^^^^^^^^^^^^^^

warning: missing documentation for a struct field
   --> crates/borsuk/src/fine_sq8_groups.rs:136:5
    |
136 |     pub map_capacity_bytes: usize,
    |     ^^^^^^^^^^^^^^^^^^^^^^^^^^^^^

warning: missing documentation for a struct field
   --> crates/borsuk/src/fine_sq8_groups.rs:137:5
    |
137 |     pub group_hash_bytes: usize,
    |     ^^^^^^^^^^^^^^^^^^^^^^^^^^^

warning: missing documentation for a struct field
   --> crates/borsuk/src/fine_sq8_groups.rs:138:5
    |
138 |     pub resident_bytes: usize,
    |     ^^^^^^^^^^^^^^^^^^^^^^^^^

warning: missing documentation for a struct field
   --> crates/borsuk/src/fine_sq8_groups.rs:139:5
    |
139 |     pub workspace_bytes_per_query: usize,
    |     ^^^^^^^^^^^^^^^^^^^^^^^^^^^^^^^^^^^^

warning: missing documentation for a struct field
   --> crates/borsuk/src/fine_sq8_groups.rs:140:5
    |
140 |     pub query_payload_bytes: usize,
    |     ^^^^^^^^^^^^^^^^^^^^^^^^^^^^^^

warning: missing documentation for a struct field
   --> crates/borsuk/src/fine_sq8_groups.rs:141:5
    |
141 |     pub startup_transient_bytes: usize,
    |     ^^^^^^^^^^^^^^^^^^^^^^^^^^^^^^^^^^

warning: missing documentation for a struct field
   --> crates/borsuk/src/fine_sq8_groups.rs:142:5
    |
142 |     pub admitted_peak_bytes: usize,
    |     ^^^^^^^^^^^^^^^^^^^^^^^^^^^^^^

warning: missing documentation for a struct
   --> crates/borsuk/src/fine_sq8_groups.rs:318:1
    |
318 | pub struct FineSq8Index {
    | ^^^^^^^^^^^^^^^^^^^^^^^

warning: missing documentation for a struct field
   --> crates/borsuk/src/fine_sq8_groups.rs:327:5
    |
327 |     pub resources: ResourceReceipt,
    |     ^^^^^^^^^^^^^^^^^^^^^^^^^^^^^^

warning: missing documentation for a method
   --> crates/borsuk/src/fine_sq8_groups.rs:653:5
    |
653 |     pub fn rows(&self) -> usize {
    |     ^^^^^^^^^^^^^^^^^^^^^^^^^^^

warning: missing documentation for a method
   --> crates/borsuk/src/fine_sq8_groups.rs:656:5
    |
656 |     pub fn dimensions(&self) -> usize {
    |     ^^^^^^^^^^^^^^^^^^^^^^^^^^^^^^^^^

warning: missing documentation for a method
   --> crates/borsuk/src/fine_sq8_groups.rs:659:5
    |
659 |     pub fn root_sha256(&self) -> &str {
    |     ^^^^^^^^^^^^^^^^^^^^^^^^^^^^^^^^^

warning: missing documentation for a method
   --> crates/borsuk/src/fine_sq8_groups.rs:662:5
    |
662 |     pub fn build_receipt(&self) -> &FineBuildReceipt {
    |     ^^^^^^^^^^^^^^^^^^^^^^^^^^^^^^^^^^^^^^^^^^^^^^^^

warning: missing documentation for a method
   --> crates/borsuk/src/fine_sq8_groups.rs:665:5
    |
665 |     pub fn new_workspace(&self) -> Result<GraphSearchWorkspace> {
    |     ^^^^^^^^^^^^^^^^^^^^^^^^^^^^^^^^^^^^^^^^^^^^^^^^^^^^^^^^^^^

warning: missing documentation for a method
   --> crates/borsuk/src/fine_sq8_groups.rs:668:5
    |
668 | /     pub fn plan(
669 | |         &self,
670 | |         query: &[f32],
671 | |         workspace: &mut GraphSearchWorkspace,
672 | |     ) -> Result<FineFetchPlan> {
    | |______________________________^

warning: missing documentation for a method
   --> crates/borsuk/src/fine_sq8_groups.rs:730:5
    |
730 | /     pub fn search(
731 | |         &self,
732 | |         plan: &FineFetchPlan,
733 | |         query: &[f32],
734 | |         k: usize,
735 | |     ) -> std::result::Result<FineSearchTrace, FineSearchFailure> {
    | |________________________________________________________________^

warning: missing documentation for a method
   --> crates/borsuk/src/fine_sq8_groups.rs:888:5
    |
888 |     pub fn feasible(&self) -> bool {
    |     ^^^^^^^^^^^^^^^^^^^^^^^^^^^^^^

warning: missing documentation for a method
   --> crates/borsuk/src/fine_sq8_groups.rs:891:5
    |
891 |     pub fn exhausted(&self) -> bool {
    |     ^^^^^^^^^^^^^^^^^^^^^^^^^^^^^^^

warning: missing documentation for a method
   --> crates/borsuk/src/fine_sq8_groups.rs:894:5
    |
894 |     pub fn nominees(&self) -> &[usize] {
    |     ^^^^^^^^^^^^^^^^^^^^^^^^^^^^^^^^^^

warning: missing documentation for a method
   --> crates/borsuk/src/fine_sq8_groups.rs:897:5
    |
897 |     pub fn ranges(&self) -> &[Range<usize>] {
    |     ^^^^^^^^^^^^^^^^^^^^^^^^^^^^^^^^^^^^^^^

warning: missing documentation for a method
   --> crates/borsuk/src/fine_sq8_groups.rs:900:5
    |
900 |     pub fn planned_bytes(&self) -> usize {
    |     ^^^^^^^^^^^^^^^^^^^^^^^^^^^^^^^^^^^^

warning: missing documentation for a struct
   --> crates/borsuk/src/fine_sq8_groups.rs:905:1
    |
905 | pub struct FineAccounting {
    | ^^^^^^^^^^^^^^^^^^^^^^^^^

warning: missing documentation for a struct field
   --> crates/borsuk/src/fine_sq8_groups.rs:906:5
    |
906 |     pub planned_bytes: usize,
    |     ^^^^^^^^^^^^^^^^^^^^^^^^

warning: missing documentation for a struct field
   --> crates/borsuk/src/fine_sq8_groups.rs:907:5
    |
907 |     pub attempted_gets: usize,
    |     ^^^^^^^^^^^^^^^^^^^^^^^^^

warning: missing documentation for a struct field
   --> crates/borsuk/src/fine_sq8_groups.rs:912:5
    |
912 |     pub verified_bytes: usize,
    |     ^^^^^^^^^^^^^^^^^^^^^^^^^

warning: missing documentation for a struct
   --> crates/borsuk/src/fine_sq8_groups.rs:946:1
    |
946 | pub struct FineSearchTrace {
    | ^^^^^^^^^^^^^^^^^^^^^^^^^^

warning: missing documentation for a struct field
   --> crates/borsuk/src/fine_sq8_groups.rs:947:5
    |
947 |     pub ranked: Vec<ScoredNominee>,
    |     ^^^^^^^^^^^^^^^^^^^^^^^^^^^^^^

warning: missing documentation for a struct field
   --> crates/borsuk/src/fine_sq8_groups.rs:948:5
    |
948 |     pub fetched_ids: Vec<i64>,
    |     ^^^^^^^^^^^^^^^^^^^^^^^^^

warning: missing documentation for a struct field
   --> crates/borsuk/src/fine_sq8_groups.rs:949:5
    |
949 |     pub nominee_ids: Vec<i64>,
    |     ^^^^^^^^^^^^^^^^^^^^^^^^^

warning: missing documentation for a struct field
   --> crates/borsuk/src/fine_sq8_groups.rs:950:5
    |
950 |     pub accounting: FineAccounting,
    |     ^^^^^^^^^^^^^^^^^^^^^^^^^^^^^^

warning: missing documentation for a struct
   --> crates/borsuk/src/fine_sq8_groups.rs:953:1
    |
953 | pub struct FineSearchFailure {
    | ^^^^^^^^^^^^^^^^^^^^^^^^^^^^

warning: missing documentation for a struct field
   --> crates/borsuk/src/fine_sq8_groups.rs:954:5
    |
954 |     pub error: String,
    |     ^^^^^^^^^^^^^^^^^

warning: missing documentation for a struct field
   --> crates/borsuk/src/fine_sq8_groups.rs:955:5
    |
955 |     pub accounting: FineAccounting,
    |     ^^^^^^^^^^^^^^^^^^^^^^^^^^^^^^

warning: missing documentation for an associated function
   --> crates/borsuk/src/fine_sq8_groups.rs:969:5
    |
969 |     pub fn new(index: Arc<FineSq8Index>) -> Self {
    |     ^^^^^^^^^^^^^^^^^^^^^^^^^^^^^^^^^^^^^^^^^^^^

warning: missing documentation for a method
    --> crates/borsuk/src/fine_sq8_groups.rs:1064:5
     |
1064 | /     pub fn plan(
1065 | |         &self,
1066 | |         query: &[f32],
1067 | |         workspace: &mut GraphSearchWorkspace,
1068 | |     ) -> Result<FineFetchPlan> {
     | |______________________________^

warning: missing documentation for a method
    --> crates/borsuk/src/fine_sq8_groups.rs:1074:5
     |
1074 | /     pub fn search(
1075 | |         &self,
1076 | |         plan: &FineFetchPlan,
1077 | |         query: &[f32],
1078 | |         k: usize,
1079 | |     ) -> std::result::Result<FineSearchTrace, FineSearchFailure> {
     | |________________________________________________________________^

warning: missing documentation for a constant
    --> crates/borsuk/src/fine_sq8_groups.rs:1725:5
     |
1725 |     pub const CONFIG_SCHEMA: &str = "borsuk-fine-pack-config-v1";
     |     ^^^^^^^^^^^^^^^^^^^^^^^^^^^^^

warning: missing documentation for a constant
    --> crates/borsuk/src/fine_sq8_groups.rs:1726:5
     |
1726 |     pub const REPORT_SCHEMA: &str = "borsuk-fine-pack-diagnostic-v1";
     |     ^^^^^^^^^^^^^^^^^^^^^^^^^^^^^

warning: missing documentation for a struct
    --> crates/borsuk/src/fine_sq8_groups.rs:1748:5
     |
1748 |     pub struct Panel {
     |     ^^^^^^^^^^^^^^^^

warning: missing documentation for a struct field
    --> crates/borsuk/src/fine_sq8_groups.rs:1749:9
     |
1749 |         pub dataset: String,
     |         ^^^^^^^^^^^^^^^^^^^

warning: missing documentation for a struct field
    --> crates/borsuk/src/fine_sq8_groups.rs:1750:9
     |
1750 |         pub root: Artifact,
     |         ^^^^^^^^^^^^^^^^^^

warning: missing documentation for a struct field
    --> crates/borsuk/src/fine_sq8_groups.rs:1751:9
     |
1751 |         pub graph: Artifact,
     |         ^^^^^^^^^^^^^^^^^^^

warning: missing documentation for a struct field
    --> crates/borsuk/src/fine_sq8_groups.rs:1752:9
     |
1752 |         pub identity: PqGraphIdentity,
     |         ^^^^^^^^^^^^^^^^^^^^^^^^^^^^^

warning: missing documentation for a struct
    --> crates/borsuk/src/fine_sq8_groups.rs:1756:5
     |
1756 |     pub struct Caps {
     |     ^^^^^^^^^^^^^^^

warning: missing documentation for a struct field
    --> crates/borsuk/src/fine_sq8_groups.rs:1757:9
     |
1757 |         pub memory_bytes: usize,
     |         ^^^^^^^^^^^^^^^^^^^^^^^

warning: missing documentation for a struct field
    --> crates/borsuk/src/fine_sq8_groups.rs:1758:9
     |
1758 |         pub output_bytes: usize,
     |         ^^^^^^^^^^^^^^^^^^^^^^^

warning: missing documentation for a struct field
    --> crates/borsuk/src/fine_sq8_groups.rs:1759:9
     |
1759 |         pub deadline_seconds: u64,
     |         ^^^^^^^^^^^^^^^^^^^^^^^^^

warning: missing documentation for a struct field
    --> crates/borsuk/src/fine_sq8_groups.rs:1760:9
     |
1760 |         pub operations: u64,
     |         ^^^^^^^^^^^^^^^^^^^

warning: missing documentation for a struct field
    --> crates/borsuk/src/fine_sq8_groups.rs:1761:9
     |
1761 |         pub cpu_threads: usize,
     |         ^^^^^^^^^^^^^^^^^^^^^^

warning: missing documentation for a struct field
    --> crates/borsuk/src/fine_sq8_groups.rs:1762:9
     |
1762 |         pub swap_bytes: usize,
     |         ^^^^^^^^^^^^^^^^^^^^^

warning: missing documentation for a struct
    --> crates/borsuk/src/fine_sq8_groups.rs:1766:5
     |
1766 |     pub struct Config {
     |     ^^^^^^^^^^^^^^^^^

warning: missing documentation for a struct field
    --> crates/borsuk/src/fine_sq8_groups.rs:1767:9
     |
1767 |         pub schema: String,
     |         ^^^^^^^^^^^^^^^^^^

warning: missing documentation for a struct field
    --> crates/borsuk/src/fine_sq8_groups.rs:1768:9
     |
1768 |         pub panels: [Panel; 2],
     |         ^^^^^^^^^^^^^^^^^^^^^^

warning: missing documentation for a struct field
    --> crates/borsuk/src/fine_sq8_groups.rs:1769:9
     |
1769 |         pub original_seal: Artifact,
     |         ^^^^^^^^^^^^^^^^^^^^^^^^^^^

warning: missing documentation for a struct field
    --> crates/borsuk/src/fine_sq8_groups.rs:1772:9
     |
1772 |         pub caps: Caps,
     |         ^^^^^^^^^^^^^^

warning: missing documentation for a struct
    --> crates/borsuk/src/fine_sq8_groups.rs:1776:5
     |
1776 |     pub struct SupervisorReceipt {
     |     ^^^^^^^^^^^^^^^^^^^^^^^^^^^^

warning: missing documentation for a struct field
    --> crates/borsuk/src/fine_sq8_groups.rs:1777:9
     |
1777 |         pub run_id: String,
     |         ^^^^^^^^^^^^^^^^^^

warning: missing documentation for a struct field
    --> crates/borsuk/src/fine_sq8_groups.rs:1778:9
     |
1778 |         pub config_sha256: String,
     |         ^^^^^^^^^^^^^^^^^^^^^^^^^

warning: missing documentation for a struct field
    --> crates/borsuk/src/fine_sq8_groups.rs:1779:9
     |
1779 |         pub report_sha256: String,
     |         ^^^^^^^^^^^^^^^^^^^^^^^^^

warning: missing documentation for a struct field
    --> crates/borsuk/src/fine_sq8_groups.rs:1780:9
     |
1780 |         pub process_exit_code: i32,
     |         ^^^^^^^^^^^^^^^^^^^^^^^^^^

warning: missing documentation for a struct field
    --> crates/borsuk/src/fine_sq8_groups.rs:1781:9
     |
1781 |         pub resource_limits_observed: bool,
     |         ^^^^^^^^^^^^^^^^^^^^^^^^^^^^^^^^^^

warning: missing documentation for a struct field
    --> crates/borsuk/src/fine_sq8_groups.rs:1782:9
     |
1782 |         pub drain_complete: bool,
     |         ^^^^^^^^^^^^^^^^^^^^^^^^

warning: missing documentation for a struct field
    --> crates/borsuk/src/fine_sq8_groups.rs:1783:9
     |
1783 |         pub cleanup_complete: bool,
     |         ^^^^^^^^^^^^^^^^^^^^^^^^^^

warning: missing documentation for a constant
    --> crates/borsuk/src/fine_sq8_groups.rs:2741:9
     |
2741 |         pub const CONFIG_SCHEMA: &str = "borsuk-fixed-sq4-config-v1";
     |         ^^^^^^^^^^^^^^^^^^^^^^^^^^^^^

warning: missing documentation for a constant
    --> crates/borsuk/src/fine_sq8_groups.rs:2742:9
     |
2742 |         pub const REPORT_SCHEMA: &str = "borsuk-fixed-sq4-report-v1";
     |         ^^^^^^^^^^^^^^^^^^^^^^^^^^^^^

warning: missing documentation for a struct
    --> crates/borsuk/src/fine_sq8_groups.rs:2769:9
     |
2769 |         pub struct Panel {
     |         ^^^^^^^^^^^^^^^^

warning: missing documentation for a struct field
    --> crates/borsuk/src/fine_sq8_groups.rs:2770:13
     |
2770 |             pub dataset: String,
     |             ^^^^^^^^^^^^^^^^^^^

warning: missing documentation for a struct field
    --> crates/borsuk/src/fine_sq8_groups.rs:2771:13
     |
2771 |             pub root: Artifact,
     |             ^^^^^^^^^^^^^^^^^^

warning: missing documentation for a struct field
    --> crates/borsuk/src/fine_sq8_groups.rs:2772:13
     |
2772 |             pub requests: Artifact,
     |             ^^^^^^^^^^^^^^^^^^^^^^

warning: missing documentation for a struct field
    --> crates/borsuk/src/fine_sq8_groups.rs:2773:13
     |
2773 |             pub truth: Artifact,
     |             ^^^^^^^^^^^^^^^^^^^

warning: missing documentation for a struct field
    --> crates/borsuk/src/fine_sq8_groups.rs:2774:13
     |
2774 |             pub truth_width: usize,
     |             ^^^^^^^^^^^^^^^^^^^^^^

warning: missing documentation for a struct
    --> crates/borsuk/src/fine_sq8_groups.rs:2778:9
     |
2778 |         pub struct Config {
     |         ^^^^^^^^^^^^^^^^^

warning: missing documentation for a struct field
    --> crates/borsuk/src/fine_sq8_groups.rs:2779:13
     |
2779 |             pub schema: String,
     |             ^^^^^^^^^^^^^^^^^^

warning: missing documentation for a struct field
    --> crates/borsuk/src/fine_sq8_groups.rs:2780:13
     |
2780 |             pub source_identity_sha256: String,
     |             ^^^^^^^^^^^^^^^^^^^^^^^^^^^^^^^^^^

warning: missing documentation for a struct field
    --> crates/borsuk/src/fine_sq8_groups.rs:2781:13
     |
2781 |             pub panels: [Panel; 2],
     |             ^^^^^^^^^^^^^^^^^^^^^^

warning: missing documentation for a struct field
    --> crates/borsuk/src/fine_sq8_groups.rs:2782:13
     |
2782 |             pub original_seal: Artifact,
     |             ^^^^^^^^^^^^^^^^^^^^^^^^^^^

warning: missing documentation for a struct field
    --> crates/borsuk/src/fine_sq8_groups.rs:2783:13
     |
2783 |             pub prefix: Artifact,
     |             ^^^^^^^^^^^^^^^^^^^^

warning: missing documentation for a struct field
    --> crates/borsuk/src/fine_sq8_groups.rs:2784:13
     |
2784 |             pub caps: Caps,
     |             ^^^^^^^^^^^^^^

warning: missing documentation for a constant
    --> crates/borsuk/src/fine_sq8_groups.rs:3088:13
     |
3088 |             pub const CONFIG_SCHEMA: &str = "borsuk-corrected-four-bit-config-v1";
     |             ^^^^^^^^^^^^^^^^^^^^^^^^^^^^^

warning: missing documentation for a constant
    --> crates/borsuk/src/fine_sq8_groups.rs:3089:13
     |
3089 |             pub const REPORT_SCHEMA: &str = "borsuk-corrected-four-bit-report-v1";
     |             ^^^^^^^^^^^^^^^^^^^^^^^^^^^^^

warning: missing documentation for a constant
    --> crates/borsuk/src/fine_sq8_groups.rs:3090:13
     |
3090 |             pub const ROOT_SCHEMA: &str = "borsuk-corrected-four-bit-generation-v1";
     |             ^^^^^^^^^^^^^^^^^^^^^^^^^^^

warning: missing documentation for a constant
    --> crates/borsuk/src/fine_sq8_groups.rs:3091:13
     |
3091 |             pub const CODEC: &str = codec::CODEC;
     |             ^^^^^^^^^^^^^^^^^^^^^

warning: missing documentation for a struct
    --> crates/borsuk/src/fine_sq8_groups.rs:3096:13
     |
3096 |             pub struct Config {
     |             ^^^^^^^^^^^^^^^^^

warning: missing documentation for a struct field
    --> crates/borsuk/src/fine_sq8_groups.rs:3097:17
     |
3097 |                 pub schema: String,
     |                 ^^^^^^^^^^^^^^^^^^

warning: missing documentation for a struct field
    --> crates/borsuk/src/fine_sq8_groups.rs:3098:17
     |
3098 |                 pub source_identity_sha256: String,
     |                 ^^^^^^^^^^^^^^^^^^^^^^^^^^^^^^^^^^

warning: missing documentation for a struct field
    --> crates/borsuk/src/fine_sq8_groups.rs:3099:17
     |
3099 |                 pub panels: [Panel; 2],
     |                 ^^^^^^^^^^^^^^^^^^^^^^

warning: missing documentation for a struct field
    --> crates/borsuk/src/fine_sq8_groups.rs:3100:17
     |
3100 |                 pub original_seal: Artifact,
     |                 ^^^^^^^^^^^^^^^^^^^^^^^^^^^

warning: missing documentation for a struct field
    --> crates/borsuk/src/fine_sq8_groups.rs:3101:17
     |
3101 |                 pub prefix: Artifact,
     |                 ^^^^^^^^^^^^^^^^^^^^

warning: missing documentation for a struct field
    --> crates/borsuk/src/fine_sq8_groups.rs:3102:17
     |
3102 |                 pub caps: Caps,
     |                 ^^^^^^^^^^^^^^

warning: missing documentation for a struct field
    --> crates/borsuk/src/fine_sq8_groups.rs:3103:17
     |
3103 |                 pub rotation_seed: [u8; 32],
     |                 ^^^^^^^^^^^^^^^^^^^^^^^^^^^

warning: missing documentation for a function
    --> crates/borsuk/src/fine_sq8_groups.rs:3134:13
     |
3134 |             pub fn source_identity() -> String {
     |             ^^^^^^^^^^^^^^^^^^^^^^^^^^^^^^^^^^

warning: missing documentation for a function
    --> crates/borsuk/src/fine_sq8_groups.rs:4075:13
     |
4075 |             pub fn check_fine_corrected_four_bit(path: &Path, sha: &str, output: &Path) -> Result<()> {
     |             ^^^^^^^^^^^^^^^^^^^^^^^^^^^^^^^^^^^^^^^^^^^^^^^^^^^^^^^^^^^^^^^^^^^^^^^^^^^^^^^^^^^^^^^^^

warning: missing documentation for a function
    --> crates/borsuk/src/fine_sq8_groups.rs:4164:13
     |
4164 |             pub fn admit_survival(body: &[u8], run_id: &str, receipt: &SupervisorReceipt) -> Result<()> {
     |             ^^^^^^^^^^^^^^^^^^^^^^^^^^^^^^^^^^^^^^^^^^^^^^^^^^^^^^^^^^^^^^^^^^^^^^^^^^^^^^^^^^^^^^^^^^^

warning: missing documentation for a constant
    --> crates/borsuk/src/fine_sq8_groups.rs:4202:13
     |
4202 |             pub const CONFIG_SCHEMA: &str = "borsuk-pq-residual-source-config-v1";
     |             ^^^^^^^^^^^^^^^^^^^^^^^^^^^^^

warning: missing documentation for a constant
    --> crates/borsuk/src/fine_sq8_groups.rs:4203:13
     |
4203 |             pub const REPORT_SCHEMA: &str = "borsuk-pq-residual-source-report-v1";
     |             ^^^^^^^^^^^^^^^^^^^^^^^^^^^^^

warning: missing documentation for a constant
    --> crates/borsuk/src/fine_sq8_groups.rs:4204:13
     |
4204 |             pub const ROOT_SCHEMA: &str = "borsuk-pq-residual-source-generation-v1";
     |             ^^^^^^^^^^^^^^^^^^^^^^^^^^^

warning: missing documentation for a constant
    --> crates/borsuk/src/fine_sq8_groups.rs:4205:13
     |
4205 |             pub const CODEC: &str = codec::CODEC;
     |             ^^^^^^^^^^^^^^^^^^^^^

warning: missing documentation for a struct
    --> crates/borsuk/src/fine_sq8_groups.rs:4212:13
     |
4212 |             pub struct Panel {
     |             ^^^^^^^^^^^^^^^^

warning: missing documentation for a struct field
    --> crates/borsuk/src/fine_sq8_groups.rs:4213:17
     |
4213 |                 pub dataset: String,
     |                 ^^^^^^^^^^^^^^^^^^^

warning: missing documentation for a struct field
    --> crates/borsuk/src/fine_sq8_groups.rs:4214:17
     |
4214 |                 pub root: Artifact,
     |                 ^^^^^^^^^^^^^^^^^^

warning: missing documentation for a struct
    --> crates/borsuk/src/fine_sq8_groups.rs:4218:13
     |
4218 |             pub struct Config {
     |             ^^^^^^^^^^^^^^^^^

warning: missing documentation for a struct field
    --> crates/borsuk/src/fine_sq8_groups.rs:4219:17
     |
4219 |                 pub schema: String,
     |                 ^^^^^^^^^^^^^^^^^^

warning: missing documentation for a struct field
    --> crates/borsuk/src/fine_sq8_groups.rs:4220:17
     |
4220 |                 pub source_identity_sha256: String,
     |                 ^^^^^^^^^^^^^^^^^^^^^^^^^^^^^^^^^^

warning: missing documentation for a struct field
    --> crates/borsuk/src/fine_sq8_groups.rs:4221:17
     |
4221 |                 pub panels: [Panel; 2],
     |                 ^^^^^^^^^^^^^^^^^^^^^^

warning: missing documentation for a struct field
    --> crates/borsuk/src/fine_sq8_groups.rs:4222:17
     |
4222 |                 pub original_seal: Artifact,
     |                 ^^^^^^^^^^^^^^^^^^^^^^^^^^^

warning: missing documentation for a struct field
    --> crates/borsuk/src/fine_sq8_groups.rs:4223:17
     |
4223 |                 pub caps: Caps,
     |                 ^^^^^^^^^^^^^^

warning: missing documentation for a struct field
    --> crates/borsuk/src/fine_sq8_groups.rs:4224:17
     |
4224 |                 pub scratch_bytes: usize,
     |                 ^^^^^^^^^^^^^^^^^^^^^^^^

warning: missing documentation for a function
    --> crates/borsuk/src/fine_sq8_groups.rs:4247:13
     |
4247 |             pub fn source_identity() -> String {
     |             ^^^^^^^^^^^^^^^^^^^^^^^^^^^^^^^^^^

warning: missing documentation for a function
    --> crates/borsuk/src/fine_sq8_groups.rs:4910:13
     |
4910 |             pub fn check_pq_residual_source(path: &Path, sha: &str, output: &Path) -> Result<()> {
     |             ^^^^^^^^^^^^^^^^^^^^^^^^^^^^^^^^^^^^^^^^^^^^^^^^^^^^^^^^^^^^^^^^^^^^^^^^^^^^^^^^^^^^

warning: missing documentation for a constant
    --> crates/borsuk/src/fine_sq8_groups.rs:5989:13
     |
5989 |             pub const CONFIG_SCHEMA: &str = "borsuk-histogram-sq4-config-v1";
     |             ^^^^^^^^^^^^^^^^^^^^^^^^^^^^^

warning: missing documentation for a constant
    --> crates/borsuk/src/fine_sq8_groups.rs:5990:13
     |
5990 |             pub const REPORT_SCHEMA: &str = "borsuk-histogram-sq4-report-v1";
     |             ^^^^^^^^^^^^^^^^^^^^^^^^^^^^^

warning: missing documentation for a constant
    --> crates/borsuk/src/fine_sq8_groups.rs:5991:13
     |
5991 |             pub const CODEC: &str = "borsuk-sq4-histogram16-original-coefficients-v1";
     |             ^^^^^^^^^^^^^^^^^^^^^

warning: missing documentation for a constant
    --> crates/borsuk/src/fine_sq8_groups.rs:5992:13
     |
5992 |             pub const ROOT_SCHEMA: &str = "borsuk-histogram-sq4-generation-v1";
     |             ^^^^^^^^^^^^^^^^^^^^^^^^^^^

warning: missing documentation for a constant
    --> crates/borsuk/src/fine_sq8_groups.rs:5993:13
     |
5993 |             pub const TRAINER: &str =
     |             ^^^^^^^^^^^^^^^^^^^^^^^

warning: missing documentation for a constant
    --> crates/borsuk/src/fine_sq8_groups.rs:5995:13
     |
5995 |             pub const BOOK_CAP: usize = 65536;
     |             ^^^^^^^^^^^^^^^^^^^^^^^^^

warning: missing documentation for a constant
    --> crates/borsuk/src/fine_sq8_groups.rs:5998:13
     |
5998 |             pub const SSE_RELATIVE_ALLOWANCE: f64 = 128. * f32::EPSILON as f64;
     |             ^^^^^^^^^^^^^^^^^^^^^^^^^^^^^^^^^^^^^

warning: missing documentation for a constant
    --> crates/borsuk/src/fine_sq8_groups.rs:5999:13
     |
5999 |             pub const SSE_ENERGY_ALLOWANCE: f64 =
     |             ^^^^^^^^^^^^^^^^^^^^^^^^^^^^^^^^^^^

warning: missing documentation for a constant
    --> crates/borsuk/src/fine_sq8_groups.rs:6001:13
     |
6001 |             pub const INTERVAL_CANCELLATION_ULPS: f64 = 64.;
     |             ^^^^^^^^^^^^^^^^^^^^^^^^^^^^^^^^^^^^^^^^^

warning: missing documentation for a function
    --> crates/borsuk/src/fine_sq8_groups.rs:6007:13
     |
6007 |             pub fn source_identity() -> String {
     |             ^^^^^^^^^^^^^^^^^^^^^^^^^^^^^^^^^^

warning: missing documentation for a struct
    --> crates/borsuk/src/fine_sq8_groups.rs:6068:13
     |
6068 |             pub struct FitReceipt {
     |             ^^^^^^^^^^^^^^^^^^^^^

warning: missing documentation for a struct field
    --> crates/borsuk/src/fine_sq8_groups.rs:6069:17
     |
6069 |                 pub histogram_capacity_bytes: usize,
     |                 ^^^^^^^^^^^^^^^^^^^^^^^^^^^^^^^^^^^

warning: missing documentation for a struct field
    --> crates/borsuk/src/fine_sq8_groups.rs:6070:17
     |
6070 |                 pub center_capacity_bytes: usize,
     |                 ^^^^^^^^^^^^^^^^^^^^^^^^^^^^^^^^

warning: missing documentation for a struct field
    --> crates/borsuk/src/fine_sq8_groups.rs:6071:17
     |
6071 |                 pub scratch_capacity_bytes: usize,
     |                 ^^^^^^^^^^^^^^^^^^^^^^^^^^^^^^^^^

warning: missing documentation for a struct field
    --> crates/borsuk/src/fine_sq8_groups.rs:6072:17
     |
6072 |                 pub admitted_training_bytes: usize,
     |                 ^^^^^^^^^^^^^^^^^^^^^^^^^^^^^^^^^^

warning: missing documentation for a struct field
    --> crates/borsuk/src/fine_sq8_groups.rs:6073:17
     |
6073 |                 pub histogram_sha256: String,
     |                 ^^^^^^^^^^^^^^^^^^^^^^^^^^^^

warning: missing documentation for a struct field
    --> crates/borsuk/src/fine_sq8_groups.rs:6074:17
     |
6074 |                 pub literal_f32_sse: f64,
     |                 ^^^^^^^^^^^^^^^^^^^^^^^^

warning: missing documentation for a struct field
    --> crates/borsuk/src/fine_sq8_groups.rs:6075:17
     |
6075 |                 pub uniform17_literal_f32_sse: f64,
     |                 ^^^^^^^^^^^^^^^^^^^^^^^^^^^^^^^^^^

warning: missing documentation for a struct field
    --> crates/borsuk/src/fine_sq8_groups.rs:6076:17
     |
6076 |                 pub sse_allowance: f64,
     |                 ^^^^^^^^^^^^^^^^^^^^^^

warning: missing documentation for a struct field
    --> crates/borsuk/src/fine_sq8_groups.rs:6077:17
     |
6077 |                 pub literal_f32_source_energy: f64,
     |                 ^^^^^^^^^^^^^^^^^^^^^^^^^^^^^^^^^^

warning: missing documentation for a struct field
    --> crates/borsuk/src/fine_sq8_groups.rs:6078:17
     |
6078 |                 pub sse_relative_allowance: f64,
     |                 ^^^^^^^^^^^^^^^^^^^^^^^^^^^^^^^

warning: missing documentation for a struct field
    --> crates/borsuk/src/fine_sq8_groups.rs:6079:17
     |
6079 |                 pub sse_energy_allowance: f64,
     |                 ^^^^^^^^^^^^^^^^^^^^^^^^^^^^^

warning: missing documentation for a struct field
    --> crates/borsuk/src/fine_sq8_groups.rs:6080:17
     |
6080 |                 pub interval_cancellation_ulps: f64,
     |                 ^^^^^^^^^^^^^^^^^^^^^^^^^^^^^^^^^^^

warning: missing documentation for a struct field
    --> crates/borsuk/src/fine_sq8_groups.rs:6081:17
     |
6081 |                 pub operations: u64,
     |                 ^^^^^^^^^^^^^^^^^^^

warning: missing documentation for a method
    --> crates/borsuk/src/fine_sq8_groups.rs:6100:17
     |
6100 |                 pub fn dimensions(&self) -> usize {
     |                 ^^^^^^^^^^^^^^^^^^^^^^^^^^^^^^^^^

warning: missing documentation for a method
    --> crates/borsuk/src/fine_sq8_groups.rs:6103:17
     |
6103 |                 pub fn centers(&self) -> &[[f32; 16]] {
     |                 ^^^^^^^^^^^^^^^^^^^^^^^^^^^^^^^^^^^^^

warning: missing documentation for a method
    --> crates/borsuk/src/fine_sq8_groups.rs:6106:17
     |
6106 |                 pub fn retained_bytes(&self) -> usize {
     |                 ^^^^^^^^^^^^^^^^^^^^^^^^^^^^^^^^^^^^^

warning: missing documentation for a method
    --> crates/borsuk/src/fine_sq8_groups.rs:6257:17
     |
6257 |                 pub fn encoding_map(&self) -> Result<Vec<[u8; 256]>> {
     |                 ^^^^^^^^^^^^^^^^^^^^^^^^^^^^^^^^^^^^^^^^^^^^^^^^^^^^

warning: missing documentation for a method
    --> crates/borsuk/src/fine_sq8_groups.rs:6319:17
     |
6319 | /                 pub fn prepare_query(
6320 | |                     &self,
6321 | |                     query: &[f32],
6322 | |                     low: &[f32],
6323 | |                     step: &[f32],
6324 | |                 ) -> Result<PackedQuery> {
     | |________________________________________^

warning: missing documentation for a method
    --> crates/borsuk/src/fine_sq8_groups.rs:6350:17
     |
6350 |                 pub fn to_bytes(&self) -> Result<Vec<u8>> {
     |                 ^^^^^^^^^^^^^^^^^^^^^^^^^^^^^^^^^^^^^^^^^

warning: missing documentation for a method
    --> crates/borsuk/src/fine_sq8_groups.rs:6426:17
     |
6426 |                 pub fn capacity_bytes(&self) -> usize {
     |                 ^^^^^^^^^^^^^^^^^^^^^^^^^^^^^^^^^^^^^

warning: missing documentation for a method
    --> crates/borsuk/src/fine_sq8_groups.rs:6429:17
     |
6429 | /                 pub fn score_row(
6430 | |                     &self,
6431 | |                     book: &Codebook,
6432 | |                     row: &[u8],
6433 | |                     ordinal: usize,
6434 | |                 ) -> Result<ScoredNominee> {
     | |__________________________________________^

warning: missing documentation for a function
    --> crates/borsuk/src/fine_sq8_groups.rs:6664:13
     |
6664 | /             pub fn check_fine_histogram_sq4(
6665 | |                 config_path: &Path,
6666 | |                 sha: &str,
6667 | |                 path: &Path,
6668 | |             ) -> Result<()> {
     | |___________________________^

warning: missing documentation for a function
    --> crates/borsuk/src/fine_sq8_groups.rs:6671:13
     |
6671 |             pub fn diagnose(config: &Config, sha: &str, path: &Path) -> Result<()> {
     |             ^^^^^^^^^^^^^^^^^^^^^^^^^^^^^^^^^^^^^^^^^^^^^^^^^^^^^^^^^^^^^^^^^^^^^^

warning: missing documentation for a function
    --> crates/borsuk/src/fine_sq8_groups.rs:6674:13
     |
6674 | /             pub fn admit_survival(
6675 | |                 body: &[u8],
6676 | |                 run_id: &str,
6677 | |                 receipt: &SupervisorReceipt,
6678 | |             ) -> Result<()> {
     | |___________________________^

warning: missing documentation for a constant
  --> crates/borsuk/src/co_selection_layout.rs:35:1
   |
35 | pub const CONFIG_SCHEMA: &str = "borsuk-co-selection-config-v1";
   | ^^^^^^^^^^^^^^^^^^^^^^^^^^^^^

warning: missing documentation for a constant
  --> crates/borsuk/src/co_selection_layout.rs:36:1
   |
36 | pub const REPORT_SCHEMA: &str = "borsuk-co-selection-diagnostic-v1";
   | ^^^^^^^^^^^^^^^^^^^^^^^^^^^^^

warning: missing documentation for a struct
   --> crates/borsuk/src/co_selection_layout.rs:107:1
    |
107 | pub struct Caps {
    | ^^^^^^^^^^^^^^^

warning: missing documentation for a struct field
   --> crates/borsuk/src/co_selection_layout.rs:108:5
    |
108 |     pub memory_bytes: usize,
    |     ^^^^^^^^^^^^^^^^^^^^^^^

warning: missing documentation for a struct field
   --> crates/borsuk/src/co_selection_layout.rs:109:5
    |
109 |     pub caller_pinned_bytes: usize,
    |     ^^^^^^^^^^^^^^^^^^^^^^^^^^^^^^

warning: missing documentation for a struct field
   --> crates/borsuk/src/co_selection_layout.rs:110:5
    |
110 |     pub source_auth_bytes: usize,
    |     ^^^^^^^^^^^^^^^^^^^^^^^^^^^^

warning: missing documentation for a struct field
   --> crates/borsuk/src/co_selection_layout.rs:111:5
    |
111 |     pub construction_operations: u64,
    |     ^^^^^^^^^^^^^^^^^^^^^^^^^^^^^^^^

warning: missing documentation for a struct field
   --> crates/borsuk/src/co_selection_layout.rs:112:5
    |
112 |     pub replay_operations: u64,
    |     ^^^^^^^^^^^^^^^^^^^^^^^^^^

warning: missing documentation for a struct field
   --> crates/borsuk/src/co_selection_layout.rs:113:5
    |
113 |     pub output_bytes: usize,
    |     ^^^^^^^^^^^^^^^^^^^^^^^

warning: missing documentation for a struct field
   --> crates/borsuk/src/co_selection_layout.rs:114:5
    |
114 |     pub deadline_seconds: u64,
    |     ^^^^^^^^^^^^^^^^^^^^^^^^^

warning: missing documentation for a struct field
   --> crates/borsuk/src/co_selection_layout.rs:115:5
    |
115 |     pub cpu_threads: usize,
    |     ^^^^^^^^^^^^^^^^^^^^^^

warning: missing documentation for a struct field
   --> crates/borsuk/src/co_selection_layout.rs:116:5
    |
116 |     pub swap_bytes: usize,
    |     ^^^^^^^^^^^^^^^^^^^^^

warning: missing documentation for an associated function
   --> crates/borsuk/src/co_selection_layout.rs:151:5
    |
151 |     pub fn new(caps: Caps) -> Result<Self> {
    |     ^^^^^^^^^^^^^^^^^^^^^^^^^^^^^^^^^^^^^^

warning: missing documentation for a struct
   --> crates/borsuk/src/co_selection_layout.rs:253:1
    |
253 | pub struct Panel {
    | ^^^^^^^^^^^^^^^^

warning: missing documentation for a struct field
   --> crates/borsuk/src/co_selection_layout.rs:254:5
    |
254 |     pub dataset: String,
    |     ^^^^^^^^^^^^^^^^^^^

warning: missing documentation for a struct field
   --> crates/borsuk/src/co_selection_layout.rs:255:5
    |
255 |     pub root: Artifact,
    |     ^^^^^^^^^^^^^^^^^^

warning: missing documentation for a struct field
   --> crates/borsuk/src/co_selection_layout.rs:256:5
    |
256 |     pub identity: PqGraphIdentity,
    |     ^^^^^^^^^^^^^^^^^^^^^^^^^^^^^

warning: missing documentation for a struct field
   --> crates/borsuk/src/co_selection_layout.rs:257:5
    |
257 |     pub canonical: Artifact,
    |     ^^^^^^^^^^^^^^^^^^^^^^^

warning: missing documentation for a struct field
   --> crates/borsuk/src/co_selection_layout.rs:258:5
    |
258 |     pub source_order: Artifact,
    |     ^^^^^^^^^^^^^^^^^^^^^^^^^^

warning: missing documentation for a struct field
   --> crates/borsuk/src/co_selection_layout.rs:259:5
    |
259 |     pub fine_order: Artifact,
    |     ^^^^^^^^^^^^^^^^^^^^^^^^

warning: missing documentation for a struct field
   --> crates/borsuk/src/co_selection_layout.rs:260:5
    |
260 |     pub pq: Artifact,
    |     ^^^^^^^^^^^^^^^^

warning: missing documentation for a struct field
   --> crates/borsuk/src/co_selection_layout.rs:261:5
    |
261 |     pub graph: Artifact,
    |     ^^^^^^^^^^^^^^^^^^^

warning: missing documentation for a struct field
   --> crates/borsuk/src/co_selection_layout.rs:267:5
    |
267 |     pub schema: String,
    |     ^^^^^^^^^^^^^^^^^^

warning: missing documentation for a struct field
   --> crates/borsuk/src/co_selection_layout.rs:268:5
    |
268 |     pub panels: [Panel; 2],
    |     ^^^^^^^^^^^^^^^^^^^^^^

warning: missing documentation for a struct field
   --> crates/borsuk/src/co_selection_layout.rs:269:5
    |
269 |     pub original_seal: Artifact,
    |     ^^^^^^^^^^^^^^^^^^^^^^^^^^^

warning: missing documentation for a struct field
   --> crates/borsuk/src/co_selection_layout.rs:270:5
    |
270 |     pub prefix: Artifact,
    |     ^^^^^^^^^^^^^^^^^^^^

warning: missing documentation for a struct field
   --> crates/borsuk/src/co_selection_layout.rs:271:5
    |
271 |     pub caps: Caps,
    |     ^^^^^^^^^^^^^^

warning: missing documentation for a struct field
   --> crates/borsuk/src/co_selection_layout.rs:272:5
    |
272 |     pub prior_reads: ReadBudget,
    |     ^^^^^^^^^^^^^^^^^^^^^^^^^^^

warning: missing documentation for a struct field
   --> crates/borsuk/src/co_selection_layout.rs:278:5
    |
278 |     pub operations: usize,
    |     ^^^^^^^^^^^^^^^^^^^^^

warning: missing documentation for a struct field
   --> crates/borsuk/src/co_selection_layout.rs:279:5
    |
279 |     pub bytes: usize,
    |     ^^^^^^^^^^^^^^^^

warning: missing documentation for a struct
   --> crates/borsuk/src/co_selection_layout.rs:306:1
    |
306 | pub struct CoSelectionLayout {
    | ^^^^^^^^^^^^^^^^^^^^^^^^^^^^

warning: missing documentation for an associated function
   --> crates/borsuk/src/co_selection_layout.rs:475:5
    |
475 |     pub fn fit(source: &SourceSelections, work: &mut WorkBudget) -> Result<Self> {
    |     ^^^^^^^^^^^^^^^^^^^^^^^^^^^^^^^^^^^^^^^^^^^^^^^^^^^^^^^^^^^^^^^^^^^^^^^^^^^^

warning: missing documentation for a struct
   --> crates/borsuk/src/co_selection_layout.rs:875:1
    |
875 | pub struct ObjectRange {
    | ^^^^^^^^^^^^^^^^^^^^^^

warning: missing documentation for a struct field
   --> crates/borsuk/src/co_selection_layout.rs:876:5
    |
876 |     pub object: u32,
    |     ^^^^^^^^^^^^^^^

warning: missing documentation for a struct field
   --> crates/borsuk/src/co_selection_layout.rs:877:5
    |
877 |     pub bytes: Range<usize>,
    |     ^^^^^^^^^^^^^^^^^^^^^^^

warning: missing documentation for a struct
   --> crates/borsuk/src/co_selection_layout.rs:948:1
    |
948 | pub struct LayoutPlan {
    | ^^^^^^^^^^^^^^^^^^^^^

warning: missing documentation for a struct field
   --> crates/borsuk/src/co_selection_layout.rs:949:5
    |
949 |     pub fits: bool,
    |     ^^^^^^^^^^^^^^

warning: missing documentation for a struct field
   --> crates/borsuk/src/co_selection_layout.rs:950:5
    |
950 |     pub all_nominees_retained: bool,
    |     ^^^^^^^^^^^^^^^^^^^^^^^^^^^^^^^

warning: missing documentation for a struct field
   --> crates/borsuk/src/co_selection_layout.rs:961:5
    |
961 |     pub ranges: Vec<ObjectRange>,
    |     ^^^^^^^^^^^^^^^^^^^^^^^^^^^^

warning: missing documentation for a struct field
   --> crates/borsuk/src/co_selection_layout.rs:962:5
    |
962 |     pub payload_bytes: Option<usize>,
    |     ^^^^^^^^^^^^^^^^^^^^^^^^^^^^^^^^

warning: missing documentation for an associated function
    --> crates/borsuk/src/co_selection_layout.rs:1081:5
     |
1081 |     pub fn generate(panel: &Panel, work: &mut WorkBudget) -> Result<Self> {
     |     ^^^^^^^^^^^^^^^^^^^^^^^^^^^^^^^^^^^^^^^^^^^^^^^^^^^^^^^^^^^^^^^^^^^^^

warning: missing documentation for a struct field
  --> crates/borsuk/src/pq64_router_artifact.rs:12:5
   |
12 |     pub router: Pq64Router,
   |     ^^^^^^^^^^^^^^^^^^^^^^

warning: missing documentation for a struct field
  --> crates/borsuk/src/pq64_router_artifact.rs:13:5
   |
13 |     pub low: Vec<f32>,
   |     ^^^^^^^^^^^^^^^^^

warning: missing documentation for a struct field
  --> crates/borsuk/src/pq64_router_artifact.rs:14:5
   |
14 |     pub step: Vec<f32>,
   |     ^^^^^^^^^^^^^^^^^^

warning: missing documentation for a struct field
  --> crates/borsuk/src/pq64_router_artifact.rs:15:5
   |
15 |     pub generation: u64,
   |     ^^^^^^^^^^^^^^^^^^^

warning: missing documentation for a struct field
  --> crates/borsuk/src/pq64_router_artifact.rs:18:5
   |
18 |     pub source_sha256: String,
   |     ^^^^^^^^^^^^^^^^^^^^^^^^^

warning: missing documentation for a struct field
  --> crates/borsuk/src/pq64_router_artifact.rs:19:5
   |
19 |     pub layout_sha256: String,
   |     ^^^^^^^^^^^^^^^^^^^^^^^^^

warning: missing documentation for a struct field
  --> crates/borsuk/src/pq64_router_artifact.rs:20:5
   |
20 |     pub sq8_sha256: String,
   |     ^^^^^^^^^^^^^^^^^^^^^^

warning: missing documentation for an enum
  --> crates/borsuk/src/pq64_router_artifact.rs:24:1
   |
24 | pub enum RouterArtifactError {
   | ^^^^^^^^^^^^^^^^^^^^^^^^^^^^

warning: missing documentation for a variant
  --> crates/borsuk/src/pq64_router_artifact.rs:25:5
   |
25 |     Io(io::Error),
   |     ^^

warning: missing documentation for a variant
  --> crates/borsuk/src/pq64_router_artifact.rs:26:5
   |
26 |     Invalid,
   |     ^^^^^^^

warning: missing documentation for a variant
  --> crates/borsuk/src/pq64_router_artifact.rs:27:5
   |
27 |     HashMismatch,
   |     ^^^^^^^^^^^^

warning: missing documentation for a variant
  --> crates/borsuk/src/pq64_router_artifact.rs:28:5
   |
28 |     Router(Pq64Error),
   |     ^^^^^^

warning: missing documentation for an enum
  --> crates/borsuk/src/relaxed_priced_interval.rs:12:1
   |
12 | pub enum FixedCap {
   | ^^^^^^^^^^^^^^^^^

warning: missing documentation for a variant
  --> crates/borsuk/src/relaxed_priced_interval.rs:13:5
   |
13 |     Units,
   |     ^^^^^

warning: missing documentation for a variant
  --> crates/borsuk/src/relaxed_priced_interval.rs:14:5
   |
14 |     Gets,
   |     ^^^^

warning: missing documentation for a struct field
  --> crates/borsuk/src/relaxed_priced_interval.rs:22:5
   |
22 |     pub certified: Option<UnconstrainedCover>,
   |     ^^^^^^^^^^^^^^^^^^^^^^^^^^^^^^^^^^^^^^^^^

warning: missing documentation for a struct field
  --> crates/borsuk/src/relaxed_priced_interval.rs:23:5
   |
23 |     pub extra_unit_price: Option<i64>,
   |     ^^^^^^^^^^^^^^^^^^^^^^^^^^^^^^^^^

warning: missing documentation for a struct field
  --> crates/borsuk/src/relaxed_priced_interval.rs:24:5
   |
24 |     pub probes: usize,
   |     ^^^^^^^^^^^^^^^^^

warning: missing documentation for an enum
  --> crates/borsuk/src/resident_graph_build.rs:25:1
   |
25 | pub enum ResidentGraphBuildError {
   | ^^^^^^^^^^^^^^^^^^^^^^^^^^^^^^^^

warning: missing documentation for a variant
  --> crates/borsuk/src/resident_graph_build.rs:27:5
   |
27 |     Io(#[from] io::Error),
   |     ^^

warning: missing documentation for a variant
  --> crates/borsuk/src/resident_graph_build.rs:29:5
   |
29 |     Tier(#[from] ResidentFp16Error),
   |     ^^^^

warning: missing documentation for a variant
  --> crates/borsuk/src/resident_graph_build.rs:31:5
   |
31 |     Quantizer(#[from] BorsukError),
   |     ^^^^^^^^^

warning: missing documentation for a variant
  --> crates/borsuk/src/resident_graph_build.rs:33:5
   |
33 |     Json(#[from] serde_json::Error),
   |     ^^^^

warning: missing documentation for a variant
  --> crates/borsuk/src/resident_graph_build.rs:35:5
   |
35 |     Invalid(&'static str),
   |     ^^^^^^^

warning: missing documentation for an enum
  --> crates/borsuk/src/resident_graph_collection.rs:32:1
   |
32 | pub enum ResidentGraphCollectionError {
   | ^^^^^^^^^^^^^^^^^^^^^^^^^^^^^^^^^^^^^

warning: missing documentation for a variant
  --> crates/borsuk/src/resident_graph_collection.rs:34:5
   |
34 |     Store(#[from] object_store::Error),
   |     ^^^^^

warning: missing documentation for a variant
  --> crates/borsuk/src/resident_graph_collection.rs:36:5
   |
36 |     Graph(#[from] ResidentGraphStoreError),
   |     ^^^^^

warning: missing documentation for a variant
  --> crates/borsuk/src/resident_graph_collection.rs:38:5
   |
38 |     Snapshot(#[from] ResidentGraphMutationSnapshotError),
   |     ^^^^^^^^

warning: missing documentation for a variant
  --> crates/borsuk/src/resident_graph_collection.rs:40:5
   |
40 |     Overlay(#[from] ResidentGraphOverlayError),
   |     ^^^^^^^

warning: missing documentation for a variant
  --> crates/borsuk/src/resident_graph_collection.rs:42:5
   |
42 |     Invalid(&'static str),
   |     ^^^^^^^

warning: missing documentation for a struct field
  --> crates/borsuk/src/resident_graph_collection.rs:58:5
   |
58 |     pub revision: u64,
   |     ^^^^^^^^^^^^^^^^^

warning: missing documentation for a struct field
  --> crates/borsuk/src/resident_graph_collection.rs:59:5
   |
59 |     pub base_root_sha256: String,
   |     ^^^^^^^^^^^^^^^^^^^^^^^^^^^^

warning: missing documentation for a struct field
  --> crates/borsuk/src/resident_graph_collection.rs:60:5
   |
60 |     pub mutation_sha256: String,
   |     ^^^^^^^^^^^^^^^^^^^^^^^^^^^

warning: missing documentation for an associated function
  --> crates/borsuk/src/resident_graph_collection.rs:72:5
   |
72 | /     pub fn new(
73 | |         revision: u64,
74 | |         overlay: Arc<ResidentGraphOverlay>,
75 | |     ) -> Result<Self, ResidentGraphCollectionError> {
   | |___________________________________________________^

warning: missing documentation for a method
  --> crates/borsuk/src/resident_graph_collection.rs:84:5
   |
84 |     pub fn pin(&self) -> (u64, Arc<ResidentGraphOverlay>) {
   |     ^^^^^^^^^^^^^^^^^^^^^^^^^^^^^^^^^^^^^^^^^^^^^^^^^^^^^

warning: missing documentation for a method
  --> crates/borsuk/src/resident_graph_collection.rs:92:5
   |
92 | /     pub fn replace(
93 | |         &self,
94 | |         revision: u64,
95 | |         overlay: Arc<ResidentGraphOverlay>,
96 | |     ) -> Result<(u64, Arc<ResidentGraphOverlay>), ResidentGraphCollectionError> {
   | |_______________________________________________________________________________^

warning: missing documentation for an enum
  --> crates/borsuk/src/resident_graph_generation.rs:28:1
   |
28 | pub enum ResidentGraphGenerationError {
   | ^^^^^^^^^^^^^^^^^^^^^^^^^^^^^^^^^^^^^

warning: missing documentation for a variant
  --> crates/borsuk/src/resident_graph_generation.rs:30:5
   |
30 |     Io(#[from] io::Error),
   |     ^^

warning: missing documentation for a variant
  --> crates/borsuk/src/resident_graph_generation.rs:32:5
   |
32 |     Invalid(&'static str),
   |     ^^^^^^^

warning: missing documentation for a variant
  --> crates/borsuk/src/resident_graph_generation.rs:34:5
   |
34 |     Tier(#[from] ResidentFp16Error),
   |     ^^^^

warning: missing documentation for an associated function
   --> crates/borsuk/src/resident_graph_generation.rs:124:5
    |
124 |     pub fn new(initial: Arc<ResidentGraphGeneration>) -> Self {
    |     ^^^^^^^^^^^^^^^^^^^^^^^^^^^^^^^^^^^^^^^^^^^^^^^^^^^^^^^^^

warning: missing documentation for a method
   --> crates/borsuk/src/resident_graph_generation.rs:130:5
    |
130 |     pub fn pin(&self) -> Arc<ResidentGraphGeneration> {
    |     ^^^^^^^^^^^^^^^^^^^^^^^^^^^^^^^^^^^^^^^^^^^^^^^^^

warning: missing documentation for a method
   --> crates/borsuk/src/resident_graph_generation.rs:433:5
    |
433 |     pub fn rows(&self) -> usize {
    |     ^^^^^^^^^^^^^^^^^^^^^^^^^^^

warning: missing documentation for a method
   --> crates/borsuk/src/resident_graph_generation.rs:440:5
    |
440 |     pub fn dimensions(&self) -> usize {
    |     ^^^^^^^^^^^^^^^^^^^^^^^^^^^^^^^^^

warning: missing documentation for a method
   --> crates/borsuk/src/resident_graph_generation.rs:443:5
    |
443 |     pub fn generation(&self) -> u64 {
    |     ^^^^^^^^^^^^^^^^^^^^^^^^^^^^^^^

warning: missing documentation for a method
   --> crates/borsuk/src/resident_graph_generation.rs:455:5
    |
455 |     pub fn cosine_view(&self) -> Result<Pq64CosineView<'_>, ResidentGraphGenerationError> {
    |     ^^^^^^^^^^^^^^^^^^^^^^^^^^^^^^^^^^^^^^^^^^^^^^^^^^^^^^^^^^^^^^^^^^^^^^^^^^^^^^^^^^^^^

warning: missing documentation for a method
   --> crates/borsuk/src/resident_graph_generation.rs:460:5
    |
460 | /     pub fn bind<'a, 'b>(
461 | |         &'a self,
462 | |         view: &'a Pq64CosineView<'b>,
463 | |     ) -> Result<ResidentPqCosineGraph<'a, 'b>, ResidentGraphGenerationError> {
    | |____________________________________________________________________________^

warning: missing documentation for an enum
  --> crates/borsuk/src/resident_graph_mutation_snapshot.rs:13:1
   |
13 | pub enum ResidentGraphMutationSnapshotError {
   | ^^^^^^^^^^^^^^^^^^^^^^^^^^^^^^^^^^^^^^^^^^^

warning: missing documentation for a variant
  --> crates/borsuk/src/resident_graph_mutation_snapshot.rs:15:5
   |
15 |     Invalid(&'static str),
   |     ^^^^^^^

warning: missing documentation for a struct field
  --> crates/borsuk/src/resident_graph_overlay.rs:19:5
   |
19 |     pub id: u64,
   |     ^^^^^^^^^^^

warning: missing documentation for a struct field
  --> crates/borsuk/src/resident_graph_overlay.rs:20:5
   |
20 |     pub vector: Option<Vec<f32>>,
   |     ^^^^^^^^^^^^^^^^^^^^^^^^^^^^

warning: missing documentation for an enum
  --> crates/borsuk/src/resident_graph_overlay.rs:24:1
   |
24 | pub enum ResidentGraphOverlayError {
   | ^^^^^^^^^^^^^^^^^^^^^^^^^^^^^^^^^^

warning: missing documentation for a variant
  --> crates/borsuk/src/resident_graph_overlay.rs:26:5
   |
26 |     Invalid(&'static str),
   |     ^^^^^^^

warning: missing documentation for a variant
  --> crates/borsuk/src/resident_graph_overlay.rs:28:5
   |
28 |     Generation(#[from] ResidentGraphGenerationError),
   |     ^^^^^^^^^^

warning: missing documentation for a variant
  --> crates/borsuk/src/resident_graph_overlay.rs:30:5
   |
30 |     Search(#[from] ResidentFp16Error),
   |     ^^^^^^

warning: missing documentation for a struct
  --> crates/borsuk/src/resident_graph_overlay.rs:34:1
   |
34 | pub struct ResidentGraphOverlayStats {
   | ^^^^^^^^^^^^^^^^^^^^^^^^^^^^^^^^^^^^

warning: missing documentation for a struct field
  --> crates/borsuk/src/resident_graph_overlay.rs:35:5
   |
35 |     pub base_visits: usize,
   |     ^^^^^^^^^^^^^^^^^^^^^^

warning: missing documentation for a struct field
  --> crates/borsuk/src/resident_graph_overlay.rs:36:5
   |
36 |     pub masked_shortlist_rows: usize,
   |     ^^^^^^^^^^^^^^^^^^^^^^^^^^^^^^^^

warning: missing documentation for a struct field
  --> crates/borsuk/src/resident_graph_overlay.rs:37:5
   |
37 |     pub delta_rows_scanned: usize,
   |     ^^^^^^^^^^^^^^^^^^^^^^^^^^^^^

warning: missing documentation for a struct
  --> crates/borsuk/src/resident_graph_overlay.rs:42:1
   |
42 | pub struct ResidentGraphOverlay {
   | ^^^^^^^^^^^^^^^^^^^^^^^^^^^^^^^

warning: missing documentation for a struct
  --> crates/borsuk/src/resident_graph_overlay.rs:53:1
   |
53 | pub struct ResidentGraphOverlayView<'a, 'b> {
   | ^^^^^^^^^^^^^^^^^^^^^^^^^^^^^^^^^^^^^^^^^^^

warning: missing documentation for a method
   --> crates/borsuk/src/resident_graph_overlay.rs:244:5
    |
244 |     pub fn base(&self) -> &ResidentGraphGeneration {
    |     ^^^^^^^^^^^^^^^^^^^^^^^^^^^^^^^^^^^^^^^^^^^^^^

warning: missing documentation for a method
   --> crates/borsuk/src/resident_graph_overlay.rs:248:5
    |
248 |     pub fn base_arc(&self) -> Arc<ResidentGraphGeneration> {
    |     ^^^^^^^^^^^^^^^^^^^^^^^^^^^^^^^^^^^^^^^^^^^^^^^^^^^^^^

warning: missing documentation for a method
   --> crates/borsuk/src/resident_graph_overlay.rs:252:5
    |
252 | /     pub fn bind<'a, 'b>(
253 | |         &'a self,
254 | |         view: &'a Pq64CosineView<'b>,
255 | |     ) -> Result<ResidentGraphOverlayView<'a, 'b>, ResidentGraphOverlayError> {
    | |____________________________________________________________________________^

warning: missing documentation for a method
   --> crates/borsuk/src/resident_graph_overlay.rs:264:5
    |
264 | /     pub fn search(
265 | |         &self,
266 | |         query: &[f32],
267 | |         k: usize,
...   |
270 | |         workspace: &mut GraphSearchWorkspace,
271 | |     ) -> Result<(Vec<u64>, ResidentGraphOverlayStats), ResidentGraphOverlayError> {
    | |_________________________________________________________________________________^

warning: missing documentation for an enum
  --> crates/borsuk/src/resident_graph_store.rs:43:1
   |
43 | pub enum ResidentGraphStoreError {
   | ^^^^^^^^^^^^^^^^^^^^^^^^^^^^^^^^

warning: missing documentation for a variant
  --> crates/borsuk/src/resident_graph_store.rs:45:5
   |
45 |     Store(#[from] object_store::Error),
   |     ^^^^^

warning: missing documentation for a variant
  --> crates/borsuk/src/resident_graph_store.rs:47:5
   |
47 |     Io(#[from] io::Error),
   |     ^^

warning: missing documentation for a variant
  --> crates/borsuk/src/resident_graph_store.rs:49:5
   |
49 |     Task(#[from] tokio::task::JoinError),
   |     ^^^^

warning: missing documentation for a variant
  --> crates/borsuk/src/resident_graph_store.rs:51:5
   |
51 |     Root(#[from] ResidentGraphGenerationError),
   |     ^^^^

warning: missing documentation for a variant
  --> crates/borsuk/src/resident_graph_store.rs:53:5
   |
53 |     Invalid(&'static str),
   |     ^^^^^^^

warning: missing documentation for a struct field
  --> crates/borsuk/src/resident_graph_store.rs:68:5
   |
68 |     pub generation: u64,
   |     ^^^^^^^^^^^^^^^^^^^

warning: missing documentation for a struct field
  --> crates/borsuk/src/resident_graph_store.rs:69:5
   |
69 |     pub root_sha256: String,
   |     ^^^^^^^^^^^^^^^^^^^^^^^

warning: missing documentation for a struct field
  --> crates/borsuk/src/resident_graph_store.rs:70:5
   |
70 |     pub root_bytes: Vec<u8>,
   |     ^^^^^^^^^^^^^^^^^^^^^^^

warning: missing documentation for a struct
   --> crates/borsuk/src/resident_graph_store.rs:133:1
    |
133 | pub struct ResidentGraphHydrationStats {
    | ^^^^^^^^^^^^^^^^^^^^^^^^^^^^^^^^^^^^^^

warning: missing documentation for a struct field
   --> crates/borsuk/src/resident_graph_store.rs:134:5
    |
134 |     pub object_gets: u64,
    |     ^^^^^^^^^^^^^^^^^^^^

warning: missing documentation for a struct field
   --> crates/borsuk/src/resident_graph_store.rs:135:5
    |
135 |     pub response_bytes: u64,
    |     ^^^^^^^^^^^^^^^^^^^^^^^

warning: missing documentation for a variant
  --> crates/borsuk/src/resident_nominee_generation.rs:35:5
   |
35 |     RootHashMismatch,
   |     ^^^^^^^^^^^^^^^^

warning: missing documentation for a variant
  --> crates/borsuk/src/resident_nominee_generation.rs:37:5
   |
37 |     IdentityMismatch,
   |     ^^^^^^^^^^^^^^^^

warning: missing documentation for a variant
  --> crates/borsuk/src/resident_nominee_generation.rs:39:5
   |
39 |     Invalid,
   |     ^^^^^^^

warning: missing documentation for a variant
  --> crates/borsuk/src/resident_nominee_generation.rs:41:5
   |
41 |     Router(Pq64Error),
   |     ^^^^^^

warning: missing documentation for a variant
  --> crates/borsuk/src/resident_nominee_generation.rs:43:5
   |
43 |     Tier(#[from] ResidentFp16Error),
   |     ^^^^

warning: missing documentation for a struct field
  --> crates/borsuk/src/resident_vector_graph.rs:37:5
   |
37 |     pub rows: usize,
   |     ^^^^^^^^^^^^^^^

warning: missing documentation for a struct field
  --> crates/borsuk/src/resident_vector_graph.rs:38:5
   |
38 |     pub base_edges: usize,
   |     ^^^^^^^^^^^^^^^^^^^^^

warning: missing documentation for a struct field
  --> crates/borsuk/src/resident_vector_graph.rs:39:5
   |
39 |     pub min_degree: usize,
   |     ^^^^^^^^^^^^^^^^^^^^^

warning: missing documentation for a struct field
  --> crates/borsuk/src/resident_vector_graph.rs:40:5
   |
40 |     pub max_degree: usize,
   |     ^^^^^^^^^^^^^^^^^^^^^

warning: missing documentation for a struct field
  --> crates/borsuk/src/resident_vector_graph.rs:41:5
   |
41 |     pub min_indegree: usize,
   |     ^^^^^^^^^^^^^^^^^^^^^^^

warning: missing documentation for a struct field
  --> crates/borsuk/src/resident_vector_graph.rs:42:5
   |
42 |     pub max_indegree: usize,
   |     ^^^^^^^^^^^^^^^^^^^^^^^

warning: missing documentation for a struct field
  --> crates/borsuk/src/resident_vector_graph.rs:43:5
   |
43 |     pub below_four_indegree: usize,
   |     ^^^^^^^^^^^^^^^^^^^^^^^^^^^^^^

warning: missing documentation for a struct field
  --> crates/borsuk/src/resident_vector_graph.rs:44:5
   |
44 |     pub reachable: usize,
   |     ^^^^^^^^^^^^^^^^^^^^

warning: missing documentation for a struct field
   --> crates/borsuk/src/resident_vector_graph.rs:962:5
    |
962 |     pub generation: u64,
    |     ^^^^^^^^^^^^^^^^^^^

warning: missing documentation for a struct field
   --> crates/borsuk/src/resident_vector_graph.rs:963:5
    |
963 |     pub rows: usize,
    |     ^^^^^^^^^^^^^^^

warning: missing documentation for a struct field
   --> crates/borsuk/src/resident_vector_graph.rs:964:5
    |
964 |     pub dimensions: usize,
    |     ^^^^^^^^^^^^^^^^^^^^^

warning: missing documentation for a struct field
   --> crates/borsuk/src/resident_vector_graph.rs:965:5
    |
965 |     pub source: [u8; 32],
    |     ^^^^^^^^^^^^^^^^^^^^

warning: missing documentation for a struct field
   --> crates/borsuk/src/resident_vector_graph.rs:966:5
    |
966 |     pub layout: [u8; 32],
    |     ^^^^^^^^^^^^^^^^^^^^

warning: missing documentation for a struct field
   --> crates/borsuk/src/resident_vector_graph.rs:967:5
    |
967 |     pub pq: [u8; 32],
    |     ^^^^^^^^^^^^^^^^

warning: missing documentation for a struct
   --> crates/borsuk/src/resident_vector_graph.rs:977:1
    |
977 | pub struct PqNomination {
    | ^^^^^^^^^^^^^^^^^^^^^^^

warning: missing documentation for a struct field
   --> crates/borsuk/src/resident_vector_graph.rs:978:5
    |
978 |     pub ordinals: Vec<usize>,
    |     ^^^^^^^^^^^^^^^^^^^^^^^^

warning: missing documentation for a struct field
   --> crates/borsuk/src/resident_vector_graph.rs:979:5
    |
979 |     pub evaluations: usize,
    |     ^^^^^^^^^^^^^^^^^^^^^^

warning: missing documentation for a struct field
   --> crates/borsuk/src/resident_vector_graph.rs:980:5
    |
980 |     pub base_visits: usize,
    |     ^^^^^^^^^^^^^^^^^^^^^^

warning: missing documentation for a struct field
   --> crates/borsuk/src/resident_vector_graph.rs:981:5
    |
981 |     pub exhausted: bool,
    |     ^^^^^^^^^^^^^^^^^^^

warning: missing documentation for a struct
   --> crates/borsuk/src/resident_vector_graph.rs:984:1
    |
984 | pub struct PqNominationFailure {
    | ^^^^^^^^^^^^^^^^^^^^^^^^^^^^^^

warning: missing documentation for a struct field
   --> crates/borsuk/src/resident_vector_graph.rs:985:5
    |
985 |     pub error: ResidentFp16Error,
    |     ^^^^^^^^^^^^^^^^^^^^^^^^^^^^

warning: missing documentation for a struct field
   --> crates/borsuk/src/resident_vector_graph.rs:986:5
    |
986 |     pub evaluations: usize,
    |     ^^^^^^^^^^^^^^^^^^^^^^

warning: missing documentation for a method
    --> crates/borsuk/src/resident_vector_graph.rs:1016:5
     |
1016 |     pub fn heap_bytes(&self) -> usize { self.graph.heap_bytes() }
     |     ^^^^^^^^^^^^^^^^^^^^^^^^^^^^^^^^^

warning: missing documentation for a method
    --> crates/borsuk/src/resident_vector_graph.rs:1017:5
     |
1017 |     pub fn identity(&self) -> &PqGraphIdentity { &self.identity }
     |     ^^^^^^^^^^^^^^^^^^^^^^^^^^^^^^^^^^^^^^^^^^

warning: missing documentation for a method
    --> crates/borsuk/src/resident_vector_graph.rs:1021:5
     |
1021 |     pub fn write_authenticated(&self, path: &Path) -> Result<String, ResidentFp16Error> {
     |     ^^^^^^^^^^^^^^^^^^^^^^^^^^^^^^^^^^^^^^^^^^^^^^^^^^^^^^^^^^^^^^^^^^^^^^^^^^^^^^^^^^^

warning: missing documentation for a method
    --> crates/borsuk/src/resident_vector_graph.rs:1162:5
     |
1162 | /     pub fn nominate_pq(&self, query: &[f32], pq: &Pq64Codes, workspace: &mut GraphSearchWorkspace)
1163 | |         -> Result<PqNomination, PqNominationFailure>
     | |____________________________________________________^

warning: missing documentation for a struct field
  --> crates/borsuk/src/returned_sq8.rs:10:5
   |
10 |     pub first_physical_ordinal: usize,
   |     ^^^^^^^^^^^^^^^^^^^^^^^^^^^^^^^^^

warning: missing documentation for a struct field
  --> crates/borsuk/src/returned_sq8.rs:11:5
   |
11 |     pub bytes: &'a [u8],
   |     ^^^^^^^^^^^^^^^^^^^

warning: missing documentation for a struct field
   --> crates/borsuk/src/returned_sq8.rs:110:5
    |
110 |     pub start: usize,
    |     ^^^^^^^^^^^^^^^^

warning: missing documentation for a struct field
   --> crates/borsuk/src/returned_sq8.rs:111:5
    |
111 |     pub bytes: &'a [u8],
    |     ^^^^^^^^^^^^^^^^^^^

warning: missing documentation for a struct field
   --> crates/borsuk/src/returned_sq8.rs:168:5
    |
168 |     pub ranges: u32,
    |     ^^^^^^^^^^^^^^^

warning: missing documentation for a struct field
   --> crates/borsuk/src/returned_sq8.rs:169:5
    |
169 |     pub rows: u64,
    |     ^^^^^^^^^^^^^

warning: missing documentation for a constant
  --> crates/borsuk/src/semantic_cell_overlap.rs:24:1
   |
24 | pub const BUILD_SCHEMA: &str = "borsuk-cell-overlap-build-v1";
   | ^^^^^^^^^^^^^^^^^^^^^^^^^^^^

warning: missing documentation for a constant
  --> crates/borsuk/src/semantic_cell_overlap.rs:25:1
   |
25 | pub const SCHEMA: &str = "borsuk-cell-overlap-v1";
   | ^^^^^^^^^^^^^^^^^^^^^^

warning: missing documentation for a constant
  --> crates/borsuk/src/semantic_cell_overlap.rs:26:1
   |
26 | pub const HEADER_BYTES: usize = 64;
   | ^^^^^^^^^^^^^^^^^^^^^^^^^^^^^

warning: missing documentation for a constant
  --> crates/borsuk/src/semantic_cell_overlap.rs:27:1
   |
27 | pub const MAX_GETS: usize = 32;
   | ^^^^^^^^^^^^^^^^^^^^^^^^^

warning: missing documentation for a constant
  --> crates/borsuk/src/semantic_cell_overlap.rs:28:1
   |
28 | pub const MAX_BYTES: usize = 16 * 1024 * 1024;
   | ^^^^^^^^^^^^^^^^^^^^^^^^^^

warning: missing documentation for a struct field
  --> crates/borsuk/src/semantic_cell_overlap.rs:57:5
   |
57 |     pub schema: String,
   |     ^^^^^^^^^^^^^^^^^^

warning: missing documentation for a struct field
  --> crates/borsuk/src/semantic_cell_overlap.rs:58:5
   |
58 |     pub retained_root: Artifact,
   |     ^^^^^^^^^^^^^^^^^^^^^^^^^^^

warning: missing documentation for a struct field
  --> crates/borsuk/src/semantic_cell_overlap.rs:59:5
   |
59 |     pub original: BuildConfig,
   |     ^^^^^^^^^^^^^^^^^^^^^^^^^

warning: missing documentation for a struct field
  --> crates/borsuk/src/semantic_cell_overlap.rs:60:5
   |
60 |     pub overlap: bool,
   |     ^^^^^^^^^^^^^^^^^

warning: missing documentation for a struct field
  --> crates/borsuk/src/semantic_cell_overlap.rs:61:5
   |
61 |     pub max_resident_payload_bytes: usize,
   |     ^^^^^^^^^^^^^^^^^^^^^^^^^^^^^^^^^^^^^

warning: missing documentation for a struct field
  --> crates/borsuk/src/semantic_cell_overlap.rs:62:5
   |
62 |     pub max_build_payload_bytes: usize,
   |     ^^^^^^^^^^^^^^^^^^^^^^^^^^^^^^^^^^

warning: missing documentation for a struct field
  --> crates/borsuk/src/semantic_cell_overlap.rs:63:5
   |
63 |     pub max_output_bytes: usize,
   |     ^^^^^^^^^^^^^^^^^^^^^^^^^^^

warning: missing documentation for a struct
  --> crates/borsuk/src/semantic_cell_overlap.rs:67:1
   |
67 | pub struct OverlapBuildReceipt {
   | ^^^^^^^^^^^^^^^^^^^^^^^^^^^^^^

warning: missing documentation for a struct field
  --> crates/borsuk/src/semantic_cell_overlap.rs:68:5
   |
68 |     pub root_sha256: String,
   |     ^^^^^^^^^^^^^^^^^^^^^^^

warning: missing documentation for a struct field
  --> crates/borsuk/src/semantic_cell_overlap.rs:69:5
   |
69 |     pub logical_rows: usize,
   |     ^^^^^^^^^^^^^^^^^^^^^^^

warning: missing documentation for a struct field
  --> crates/borsuk/src/semantic_cell_overlap.rs:70:5
   |
70 |     pub physical_rows: usize,
   |     ^^^^^^^^^^^^^^^^^^^^^^^^

warning: missing documentation for a struct field
  --> crates/borsuk/src/semantic_cell_overlap.rs:71:5
   |
71 |     pub proposed: usize,
   |     ^^^^^^^^^^^^^^^^^^^

warning: missing documentation for a struct field
  --> crates/borsuk/src/semantic_cell_overlap.rs:72:5
   |
72 |     pub admitted: usize,
   |     ^^^^^^^^^^^^^^^^^^^

warning: missing documentation for a struct field
  --> crates/borsuk/src/semantic_cell_overlap.rs:73:5
   |
73 |     pub rejected: usize,
   |     ^^^^^^^^^^^^^^^^^^^

warning: missing documentation for a struct field
  --> crates/borsuk/src/semantic_cell_overlap.rs:74:5
   |
74 |     pub cells: usize,
   |     ^^^^^^^^^^^^^^^^

warning: missing documentation for a struct field
  --> crates/borsuk/src/semantic_cell_overlap.rs:75:5
   |
75 |     pub extent_bytes: usize,
   |     ^^^^^^^^^^^^^^^^^^^^^^^

warning: missing documentation for a struct field
  --> crates/borsuk/src/semantic_cell_overlap.rs:76:5
   |
76 |     pub mapping_bytes: usize,
   |     ^^^^^^^^^^^^^^^^^^^^^^^^

warning: missing documentation for a struct field
  --> crates/borsuk/src/semantic_cell_overlap.rs:77:5
   |
77 |     pub boundary_bytes: usize,
   |     ^^^^^^^^^^^^^^^^^^^^^^^^^

warning: missing documentation for a struct field
  --> crates/borsuk/src/semantic_cell_overlap.rs:78:5
   |
78 |     pub output_bytes: usize,
   |     ^^^^^^^^^^^^^^^^^^^^^^^

warning: missing documentation for a struct field
  --> crates/borsuk/src/semantic_cell_overlap.rs:79:5
   |
79 |     pub modeled_build_payload_bytes: usize,
   |     ^^^^^^^^^^^^^^^^^^^^^^^^^^^^^^^^^^^^^^

warning: missing documentation for a struct field
  --> crates/borsuk/src/semantic_cell_overlap.rs:85:5
   |
85 |     pub cell_id: usize,
   |     ^^^^^^^^^^^^^^^^^^

warning: missing documentation for a struct field
  --> crates/borsuk/src/semantic_cell_overlap.rs:86:5
   |
86 |     pub primary_rows: usize,
   |     ^^^^^^^^^^^^^^^^^^^^^^^

warning: missing documentation for a struct field
  --> crates/borsuk/src/semantic_cell_overlap.rs:87:5
   |
87 |     pub replica_rows: usize,
   |     ^^^^^^^^^^^^^^^^^^^^^^^

warning: missing documentation for a struct field
  --> crates/borsuk/src/semantic_cell_overlap.rs:88:5
   |
88 |     pub first_physical_ordinal: usize,
   |     ^^^^^^^^^^^^^^^^^^^^^^^^^^^^^^^^^

warning: missing documentation for a struct field
  --> crates/borsuk/src/semantic_cell_overlap.rs:89:5
   |
89 |     pub offset: usize,
   |     ^^^^^^^^^^^^^^^^^

warning: missing documentation for a struct field
  --> crates/borsuk/src/semantic_cell_overlap.rs:90:5
   |
90 |     pub bytes: usize,
   |     ^^^^^^^^^^^^^^^^

warning: missing documentation for a struct field
  --> crates/borsuk/src/semantic_cell_overlap.rs:91:5
   |
91 |     pub sha256: String,
   |     ^^^^^^^^^^^^^^^^^^

warning: missing documentation for a struct field
   --> crates/borsuk/src/semantic_cell_overlap.rs:521:5
    |
521 |     pub root: ReadStats,
    |     ^^^^^^^^^^^^^^^^^^^

warning: missing documentation for a struct field
   --> crates/borsuk/src/semantic_cell_overlap.rs:522:5
    |
522 |     pub retained_metadata_root: ReadStats,
    |     ^^^^^^^^^^^^^^^^^^^^^^^^^^^^^^^^^^^^^

warning: missing documentation for a struct field
   --> crates/borsuk/src/semantic_cell_overlap.rs:523:5
    |
523 |     pub mapping: ReadStats,
    |     ^^^^^^^^^^^^^^^^^^^^^^

warning: missing documentation for a struct field
   --> crates/borsuk/src/semantic_cell_overlap.rs:524:5
    |
524 |     pub boundaries: ReadStats,
    |     ^^^^^^^^^^^^^^^^^^^^^^^^^

warning: missing documentation for a struct field
   --> crates/borsuk/src/semantic_cell_overlap.rs:525:5
    |
525 |     pub frames: ReadStats,
    |     ^^^^^^^^^^^^^^^^^^^^^

warning: missing documentation for a struct field
   --> crates/borsuk/src/semantic_cell_overlap.rs:526:5
    |
526 |     pub retained_primary_gets: usize,
    |     ^^^^^^^^^^^^^^^^^^^^^^^^^^^^^^^^

warning: missing documentation for a struct field
   --> crates/borsuk/src/semantic_cell_overlap.rs:527:5
    |
527 |     pub retained_primary_bytes: usize,
    |     ^^^^^^^^^^^^^^^^^^^^^^^^^^^^^^^^^

warning: missing documentation for a struct field
   --> crates/borsuk/src/semantic_cell_overlap.rs:528:5
    |
528 |     pub modeled_preload_peak_bytes: usize,
    |     ^^^^^^^^^^^^^^^^^^^^^^^^^^^^^^^^^^^^^

warning: missing documentation for a struct field
   --> crates/borsuk/src/semantic_cell_overlap.rs:529:5
    |
529 |     pub modeled_resident_payload_bytes: usize,
    |     ^^^^^^^^^^^^^^^^^^^^^^^^^^^^^^^^^^^^^^^^^

warning: missing documentation for a struct field
   --> crates/borsuk/src/semantic_cell_overlap.rs:539:5
    |
539 |     pub startup: OverlapStartup,
    |     ^^^^^^^^^^^^^^^^^^^^^^^^^^^

warning: missing documentation for an associated function
   --> crates/borsuk/src/semantic_cell_overlap.rs:556:5
    |
556 |     pub fn read(root: &Artifact, max_resident_payload_bytes: usize) -> Result<Self> {
    |     ^^^^^^^^^^^^^^^^^^^^^^^^^^^^^^^^^^^^^^^^^^^^^^^^^^^^^^^^^^^^^^^^^^^^^^^^^^^^^^^

warning: missing documentation for a method
   --> crates/borsuk/src/semantic_cell_overlap.rs:732:5
    |
732 |     pub fn logical_rows(&self) -> usize {
    |     ^^^^^^^^^^^^^^^^^^^^^^^^^^^^^^^^^^^

warning: missing documentation for a method
   --> crates/borsuk/src/semantic_cell_overlap.rs:735:5
    |
735 |     pub fn dimensions(&self) -> usize {
    |     ^^^^^^^^^^^^^^^^^^^^^^^^^^^^^^^^^

warning: missing documentation for a method
   --> crates/borsuk/src/semantic_cell_overlap.rs:738:5
    |
738 |     pub fn overlap_enabled(&self) -> bool {
    |     ^^^^^^^^^^^^^^^^^^^^^^^^^^^^^^^^^^^^^

warning: missing documentation for a method
   --> crates/borsuk/src/semantic_cell_overlap.rs:741:5
    |
741 |     pub fn primary_root_identity(&self) -> &Artifact {
    |     ^^^^^^^^^^^^^^^^^^^^^^^^^^^^^^^^^^^^^^^^^^^^^^^^

warning: missing documentation for a method
   --> crates/borsuk/src/semantic_cell_overlap.rs:744:5
    |
744 |     pub fn primary_directory(&self) -> &Artifact {
    |     ^^^^^^^^^^^^^^^^^^^^^^^^^^^^^^^^^^^^^^^^^^^^

warning: missing documentation for a method
   --> crates/borsuk/src/semantic_cell_overlap.rs:747:5
    |
747 |     pub fn boundary_sha256(&self) -> &str {
    |     ^^^^^^^^^^^^^^^^^^^^^^^^^^^^^^^^^^^^^

warning: missing documentation for a method
   --> crates/borsuk/src/semantic_cell_overlap.rs:750:5
    |
750 |     pub fn modeled_metadata_payload_bytes(&self) -> usize {
    |     ^^^^^^^^^^^^^^^^^^^^^^^^^^^^^^^^^^^^^^^^^^^^^^^^^^^^^

warning: missing documentation for a method
   --> crates/borsuk/src/semantic_cell_overlap.rs:753:5
    |
753 |     pub fn modeled_resident_payload_bytes(&self) -> usize {
    |     ^^^^^^^^^^^^^^^^^^^^^^^^^^^^^^^^^^^^^^^^^^^^^^^^^^^^^

warning: missing documentation for a method
   --> crates/borsuk/src/semantic_cell_overlap.rs:756:5
    |
756 |     pub fn modeled_preload_peak_bytes(&self) -> usize {
    |     ^^^^^^^^^^^^^^^^^^^^^^^^^^^^^^^^^^^^^^^^^^^^^^^^^

warning: missing documentation for a struct field
   --> crates/borsuk/src/semantic_cell_overlap.rs:767:5
    |
767 |     pub modeled_peak_payload_bytes: usize,
    |     ^^^^^^^^^^^^^^^^^^^^^^^^^^^^^^^^^^^^^

warning: missing documentation for an associated function
   --> crates/borsuk/src/semantic_cell_overlap.rs:770:5
    |
770 | /     pub fn read(
771 | |         control: &Artifact,
772 | |         candidate: &Artifact,
773 | |         per_arm_cap: usize,
...   |
776 | |         query_scratch_bytes: usize,
777 | |     ) -> Result<Self> {
    | |_____________________^

warning: missing documentation for a method
   --> crates/borsuk/src/semantic_cell_overlap.rs:828:5
    |
828 |     pub fn control(&self) -> &OverlapAdmission {
    |     ^^^^^^^^^^^^^^^^^^^^^^^^^^^^^^^^^^^^^^^^^^

warning: missing documentation for a method
   --> crates/borsuk/src/semantic_cell_overlap.rs:831:5
    |
831 |     pub fn candidate(&self) -> &OverlapAdmission {
    |     ^^^^^^^^^^^^^^^^^^^^^^^^^^^^^^^^^^^^^^^^^^^^

warning: missing documentation for a method
   --> crates/borsuk/src/semantic_cell_overlap.rs:834:5
    |
834 |     pub fn open(mut self) -> Result<(OverlapIndex, OverlapIndex)> {
    |     ^^^^^^^^^^^^^^^^^^^^^^^^^^^^^^^^^^^^^^^^^^^^^^^^^^^^^^^^^^^^^

warning: missing documentation for an associated function
   --> crates/borsuk/src/semantic_cell_overlap.rs:850:5
    |
850 |     pub fn open_admitted(mut admission: OverlapAdmission) -> Result<Self> {
    |     ^^^^^^^^^^^^^^^^^^^^^^^^^^^^^^^^^^^^^^^^^^^^^^^^^^^^^^^^^^^^^^^^^^^^^

warning: missing documentation for a method
    --> crates/borsuk/src/semantic_cell_overlap.rs:1054:5
     |
1054 |     pub fn logical_rows(&self) -> usize {
     |     ^^^^^^^^^^^^^^^^^^^^^^^^^^^^^^^^^^^

warning: missing documentation for a method
    --> crates/borsuk/src/semantic_cell_overlap.rs:1057:5
     |
1057 |     pub fn physical_rows(&self) -> usize {
     |     ^^^^^^^^^^^^^^^^^^^^^^^^^^^^^^^^^^^^

warning: missing documentation for a method
    --> crates/borsuk/src/semantic_cell_overlap.rs:1060:5
     |
1060 |     pub fn dimensions(&self) -> usize {
     |     ^^^^^^^^^^^^^^^^^^^^^^^^^^^^^^^^^

warning: missing documentation for a method
    --> crates/borsuk/src/semantic_cell_overlap.rs:1063:5
     |
1063 |     pub fn overlap_enabled(&self) -> bool {
     |     ^^^^^^^^^^^^^^^^^^^^^^^^^^^^^^^^^^^^^

warning: missing documentation for a method
    --> crates/borsuk/src/semantic_cell_overlap.rs:1066:5
     |
1066 |     pub fn primary_root_identity(&self) -> &Artifact {
     |     ^^^^^^^^^^^^^^^^^^^^^^^^^^^^^^^^^^^^^^^^^^^^^^^^

warning: missing documentation for a method
    --> crates/borsuk/src/semantic_cell_overlap.rs:1069:5
     |
1069 |     pub fn router(&self) -> &Prototype {
     |     ^^^^^^^^^^^^^^^^^^^^^^^^^^^^^^^^^^

warning: missing documentation for a method
    --> crates/borsuk/src/semantic_cell_overlap.rs:1072:5
     |
1072 |     pub fn root_sha256(&self) -> &str {
     |     ^^^^^^^^^^^^^^^^^^^^^^^^^^^^^^^^^

warning: missing documentation for a method
    --> crates/borsuk/src/semantic_cell_overlap.rs:1075:5
     |
1075 |     pub fn boundary_sha256(&self) -> &str {
     |     ^^^^^^^^^^^^^^^^^^^^^^^^^^^^^^^^^^^^^

warning: missing documentation for a method
    --> crates/borsuk/src/semantic_cell_overlap.rs:1078:5
     |
1078 |     pub fn replica_destinations(&self) -> &[(usize, Option<usize>)] {
     |     ^^^^^^^^^^^^^^^^^^^^^^^^^^^^^^^^^^^^^^^^^^^^^^^^^^^^^^^^^^^^^^^

warning: missing documentation for a struct
    --> crates/borsuk/src/semantic_cell_overlap.rs:1137:1
     |
1137 | pub struct FetchPlan {
     | ^^^^^^^^^^^^^^^^^^^^

warning: missing documentation for a struct field
    --> crates/borsuk/src/semantic_cell_overlap.rs:1138:5
     |
1138 |     pub root_sha256: String,
     |     ^^^^^^^^^^^^^^^^^^^^^^^

warning: missing documentation for a struct field
    --> crates/borsuk/src/semantic_cell_overlap.rs:1139:5
     |
1139 |     pub query_sha256: String,
     |     ^^^^^^^^^^^^^^^^^^^^^^^^

warning: missing documentation for a struct field
    --> crates/borsuk/src/semantic_cell_overlap.rs:1140:5
     |
1140 |     pub selected: Vec<SelectedCell>,
     |     ^^^^^^^^^^^^^^^^^^^^^^^^^^^^^^^

warning: missing documentation for a struct field
    --> crates/borsuk/src/semantic_cell_overlap.rs:1141:5
     |
1141 |     pub extents: Vec<Extent>,
     |     ^^^^^^^^^^^^^^^^^^^^^^^^

warning: missing documentation for a struct field
    --> crates/borsuk/src/semantic_cell_overlap.rs:1142:5
     |
1142 |     pub bytes: usize,
     |     ^^^^^^^^^^^^^^^^

warning: missing documentation for a method
    --> crates/borsuk/src/semantic_cell_overlap.rs:1154:5
     |
1154 |     pub fn index(&self) -> &Arc<OverlapIndex> {
     |     ^^^^^^^^^^^^^^^^^^^^^^^^^^^^^^^^^^^^^^^^^

warning: missing documentation for a method
    --> crates/borsuk/src/semantic_cell_overlap.rs:1157:5
     |
1157 |     pub fn revision(&self) -> u64 {
     |     ^^^^^^^^^^^^^^^^^^^^^^^^^^^^^

warning: missing documentation for a method
    --> crates/borsuk/src/semantic_cell_overlap.rs:1160:5
     |
1160 |     pub fn delta_sha256(&self) -> &str {
     |     ^^^^^^^^^^^^^^^^^^^^^^^^^^^^^^^^^^

warning: missing documentation for a method
    --> crates/borsuk/src/semantic_cell_overlap.rs:1163:5
     |
1163 |     pub fn delta_is_empty(&self) -> bool {
     |     ^^^^^^^^^^^^^^^^^^^^^^^^^^^^^^^^^^^^

warning: missing documentation for an associated function
    --> crates/borsuk/src/semantic_cell_overlap.rs:1191:5
     |
1191 | /     pub fn new(
1192 | |         index: Arc<OverlapIndex>,
1193 | |         max_delta_rows: usize,
1194 | |         max_delta_bytes: usize,
1195 | |     ) -> Result<Self> {
     | |_____________________^

warning: missing documentation for a method
    --> crates/borsuk/src/semantic_cell_overlap.rs:1213:5
     |
1213 |     pub fn pin(&self) -> OverlapSnapshot {
     |     ^^^^^^^^^^^^^^^^^^^^^^^^^^^^^^^^^^^^

warning: missing documentation for a method
    --> crates/borsuk/src/semantic_cell_overlap.rs:1245:5
     |
1245 |     pub fn delete(&mut self, id: i64) -> Result<u64> {
     |     ^^^^^^^^^^^^^^^^^^^^^^^^^^^^^^^^^^^^^^^^^^^^^^^^

warning: missing documentation for a method
    --> crates/borsuk/src/semantic_cell_overlap.rs:1274:5
     |
1274 |     pub fn unsupported_maintenance(&self) -> Result<()> {
     |     ^^^^^^^^^^^^^^^^^^^^^^^^^^^^^^^^^^^^^^^^^^^^^^^^^^^

warning: missing documentation for a struct
    --> crates/borsuk/src/semantic_cell_overlap.rs:1283:1
     |
1283 | pub struct OverlapQueryAccounting {
     | ^^^^^^^^^^^^^^^^^^^^^^^^^^^^^^^^^

warning: missing documentation for a struct field
    --> crates/borsuk/src/semantic_cell_overlap.rs:1284:5
     |
1284 |     pub payload: ReadStats,
     |     ^^^^^^^^^^^^^^^^^^^^^^

warning: missing documentation for a struct field
    --> crates/borsuk/src/semantic_cell_overlap.rs:1285:5
     |
1285 |     pub dependency_waves: usize,
     |     ^^^^^^^^^^^^^^^^^^^^^^^^^^^

warning: missing documentation for a struct field
    --> crates/borsuk/src/semantic_cell_overlap.rs:1286:5
     |
1286 |     pub max_parallel_gets: usize,
     |     ^^^^^^^^^^^^^^^^^^^^^^^^^^^^

warning: missing documentation for a struct field
    --> crates/borsuk/src/semantic_cell_overlap.rs:1287:5
     |
1287 |     pub physical_records: usize,
     |     ^^^^^^^^^^^^^^^^^^^^^^^^^^^

warning: missing documentation for a struct field
    --> crates/borsuk/src/semantic_cell_overlap.rs:1288:5
     |
1288 |     pub unique_base_rows: usize,
     |     ^^^^^^^^^^^^^^^^^^^^^^^^^^^

warning: missing documentation for a struct field
    --> crates/borsuk/src/semantic_cell_overlap.rs:1289:5
     |
1289 |     pub visible_unique_rows: usize,
     |     ^^^^^^^^^^^^^^^^^^^^^^^^^^^^^^

warning: missing documentation for a struct field
    --> crates/borsuk/src/semantic_cell_overlap.rs:1290:5
     |
1290 |     pub delta_scan_rows: usize,
     |     ^^^^^^^^^^^^^^^^^^^^^^^^^^

warning: missing documentation for a struct field
    --> crates/borsuk/src/semantic_cell_overlap.rs:1291:5
     |
1291 |     pub delta_body_bytes: usize,
     |     ^^^^^^^^^^^^^^^^^^^^^^^^^^^

warning: missing documentation for a struct field
    --> crates/borsuk/src/semantic_cell_overlap.rs:1292:5
     |
1292 |     pub modeled_query_payload_bytes: usize,
     |     ^^^^^^^^^^^^^^^^^^^^^^^^^^^^^^^^^^^^^^

warning: missing documentation for a struct
    --> crates/borsuk/src/semantic_cell_overlap.rs:1295:1
     |
1295 | pub struct OverlapScoredRow {
     | ^^^^^^^^^^^^^^^^^^^^^^^^^^^

warning: missing documentation for a struct field
    --> crates/borsuk/src/semantic_cell_overlap.rs:1296:5
     |
1296 |     pub id: i64,
     |     ^^^^^^^^^^^

warning: missing documentation for a struct field
    --> crates/borsuk/src/semantic_cell_overlap.rs:1297:5
     |
1297 |     pub score_bits: u32,
     |     ^^^^^^^^^^^^^^^^^^^

warning: missing documentation for a struct field
    --> crates/borsuk/src/semantic_cell_overlap.rs:1298:5
     |
1298 |     pub physical_ordinal: Option<usize>,
     |     ^^^^^^^^^^^^^^^^^^^^^^^^^^^^^^^^^^^

warning: missing documentation for a struct field
    --> crates/borsuk/src/semantic_cell_overlap.rs:1299:5
     |
1299 |     pub framed_file_offset: Option<usize>,
     |     ^^^^^^^^^^^^^^^^^^^^^^^^^^^^^^^^^^^^^

warning: missing documentation for a struct
    --> crates/borsuk/src/semantic_cell_overlap.rs:1302:1
     |
1302 | pub struct OverlapSearchTrace {
     | ^^^^^^^^^^^^^^^^^^^^^^^^^^^^^

warning: missing documentation for a struct field
    --> crates/borsuk/src/semantic_cell_overlap.rs:1303:5
     |
1303 |     pub root_sha256: String,
     |     ^^^^^^^^^^^^^^^^^^^^^^^

warning: missing documentation for a struct field
    --> crates/borsuk/src/semantic_cell_overlap.rs:1304:5
     |
1304 |     pub revision: u64,
     |     ^^^^^^^^^^^^^^^^^

warning: missing documentation for a struct field
    --> crates/borsuk/src/semantic_cell_overlap.rs:1305:5
     |
1305 |     pub delta_sha256: String,
     |     ^^^^^^^^^^^^^^^^^^^^^^^^

warning: missing documentation for a struct field
    --> crates/borsuk/src/semantic_cell_overlap.rs:1306:5
     |
1306 |     pub selected: Vec<SelectedCell>,
     |     ^^^^^^^^^^^^^^^^^^^^^^^^^^^^^^^

warning: missing documentation for a struct field
    --> crates/borsuk/src/semantic_cell_overlap.rs:1307:5
     |
1307 |     pub base_ids: Vec<i64>,
     |     ^^^^^^^^^^^^^^^^^^^^^^

warning: missing documentation for a struct field
    --> crates/borsuk/src/semantic_cell_overlap.rs:1308:5
     |
1308 |     pub replica_ids: Vec<i64>,
     |     ^^^^^^^^^^^^^^^^^^^^^^^^^

warning: missing documentation for a struct field
    --> crates/borsuk/src/semantic_cell_overlap.rs:1309:5
     |
1309 |     pub ranked: Vec<OverlapScoredRow>,
     |     ^^^^^^^^^^^^^^^^^^^^^^^^^^^^^^^^^

warning: missing documentation for a struct field
    --> crates/borsuk/src/semantic_cell_overlap.rs:1310:5
     |
1310 |     pub underfill: bool,
     |     ^^^^^^^^^^^^^^^^^^^

warning: missing documentation for a struct field
    --> crates/borsuk/src/semantic_cell_overlap.rs:1311:5
     |
1311 |     pub accounting: OverlapQueryAccounting,
     |     ^^^^^^^^^^^^^^^^^^^^^^^^^^^^^^^^^^^^^^

warning: missing documentation for a struct
    --> crates/borsuk/src/semantic_cell_overlap.rs:1314:1
     |
1314 | pub struct OverlapSearchFailure {
     | ^^^^^^^^^^^^^^^^^^^^^^^^^^^^^^^

warning: missing documentation for a struct field
    --> crates/borsuk/src/semantic_cell_overlap.rs:1315:5
     |
1315 |     pub message: String,
     |     ^^^^^^^^^^^^^^^^^^^

warning: missing documentation for a struct field
    --> crates/borsuk/src/semantic_cell_overlap.rs:1316:5
     |
1316 |     pub accounting: OverlapQueryAccounting,
     |     ^^^^^^^^^^^^^^^^^^^^^^^^^^^^^^^^^^^^^^

warning: missing documentation for an enum
  --> crates/borsuk/src/serving_generation.rs:13:1
   |
13 | pub enum GenerationError {
   | ^^^^^^^^^^^^^^^^^^^^^^^^

warning: missing documentation for a variant
  --> crates/borsuk/src/serving_generation.rs:14:5
   |
14 |     IdentityMismatch,
   |     ^^^^^^^^^^^^^^^^

warning: missing documentation for a method
  --> crates/borsuk/src/serving_generation.rs:28:5
   |
28 |     pub fn router(&self) -> &SourceRouterArtifact {
   |     ^^^^^^^^^^^^^^^^^^^^^^^^^^^^^^^^^^^^^^^^^^^^^

warning: missing documentation for a method
  --> crates/borsuk/src/serving_generation.rs:70:5
   |
70 |     pub fn mirror(&self) -> &MirrorManifest {
   |     ^^^^^^^^^^^^^^^^^^^^^^^^^^^^^^^^^^^^^^^

warning: missing documentation for a method
  --> crates/borsuk/src/serving_generation.rs:73:5
   |
73 |     pub fn pages(&self) -> &PageAuthority {
   |     ^^^^^^^^^^^^^^^^^^^^^^^^^^^^^^^^^^^^^

warning: missing documentation for a method
  --> crates/borsuk/src/serving_generation.rs:76:5
   |
76 |     pub fn object_key(&self) -> &str {
   |     ^^^^^^^^^^^^^^^^^^^^^^^^^^^^^^^^

warning: missing documentation for a method
  --> crates/borsuk/src/serving_generation.rs:79:5
   |
79 |     pub fn etag(&self) -> &str {
   |     ^^^^^^^^^^^^^^^^^^^^^^^^^^

warning: missing documentation for an associated function
  --> crates/borsuk/src/serving_generation.rs:83:5
   |
83 | /     pub fn bind(
84 | |         router: &'a SourceRouterArtifact,
85 | |         row_map: &'a PhysicalRowPermutation,
86 | |         authority: &'a RelayedGenerationAuthority,
87 | |         mirror: &'a MirrorManifest,
88 | |         pages: &'a PageAuthority,
89 | |     ) -> Result<Self, GenerationError> {
   | |______________________________________^

warning: missing documentation for an associated function
   --> crates/borsuk/src/serving_generation.rs:148:5
    |
148 | /     pub fn bind(
149 | |         base: ServingGeneration<'a>,
150 | |         source: &'a NativeSourceTier,
151 | |         map: &'a NativeSourceIdMap,
152 | |     ) -> Result<Self, GenerationError> {
    | |______________________________________^

warning: missing documentation for a method
   --> crates/borsuk/src/serving_generation.rs:164:5
    |
164 |     pub fn base(&self) -> &ServingGeneration<'a> {
    |     ^^^^^^^^^^^^^^^^^^^^^^^^^^^^^^^^^^^^^^^^^^^^

warning: missing documentation for a method
   --> crates/borsuk/src/serving_generation.rs:168:5
    |
168 |     pub fn source(&self) -> &NativeSourceTier {
    |     ^^^^^^^^^^^^^^^^^^^^^^^^^^^^^^^^^^^^^^^^^

warning: missing documentation for a method
   --> crates/borsuk/src/serving_generation.rs:172:5
    |
172 |     pub fn map(&self) -> &NativeSourceIdMap {
    |     ^^^^^^^^^^^^^^^^^^^^^^^^^^^^^^^^^^^^^^^

warning: missing documentation for an enum
 --> crates/borsuk/src/sq8_page_authority.rs:7:1
  |
7 | pub enum PageError {
  | ^^^^^^^^^^^^^^^^^^

warning: missing documentation for a variant
 --> crates/borsuk/src/sq8_page_authority.rs:8:5
  |
8 |     InvalidManifest,
  |     ^^^^^^^^^^^^^^^

warning: missing documentation for a variant
 --> crates/borsuk/src/sq8_page_authority.rs:9:5
  |
9 |     InvalidSidecar,
  |     ^^^^^^^^^^^^^^

warning: missing documentation for a variant
  --> crates/borsuk/src/sq8_page_authority.rs:10:5
   |
10 |     InvalidRange,
   |     ^^^^^^^^^^^^

warning: missing documentation for a variant
  --> crates/borsuk/src/sq8_page_authority.rs:11:5
   |
11 |     InvalidResponse,
   |     ^^^^^^^^^^^^^^^

warning: missing documentation for a variant
  --> crates/borsuk/src/sq8_page_authority.rs:12:5
   |
12 |     HashMismatch,
   |     ^^^^^^^^^^^^

warning: missing documentation for a struct field
  --> crates/borsuk/src/sq8_page_authority.rs:29:5
   |
29 |     pub status: u16,
   |     ^^^^^^^^^^^^^^^

warning: missing documentation for a struct field
  --> crates/borsuk/src/sq8_page_authority.rs:30:5
   |
30 |     pub content_range: &'a str,
   |     ^^^^^^^^^^^^^^^^^^^^^^^^^^

warning: missing documentation for a struct field
  --> crates/borsuk/src/sq8_page_authority.rs:31:5
   |
31 |     pub content_length: usize,
   |     ^^^^^^^^^^^^^^^^^^^^^^^^^

warning: missing documentation for a struct field
  --> crates/borsuk/src/sq8_page_authority.rs:32:5
   |
32 |     pub etag: &'a str,
   |     ^^^^^^^^^^^^^^^^^

warning: missing documentation for a struct field
  --> crates/borsuk/src/sq8_page_authority.rs:33:5
   |
33 |     pub payload: &'a [u8],
   |     ^^^^^^^^^^^^^^^^^^^^^

warning: missing documentation for an associated function
  --> crates/borsuk/src/sq8_page_authority.rs:44:5
   |
44 | /     pub fn load(
45 | |         manifest_json: &[u8],
46 | |         expected_manifest_sha256: &str,
47 | |         sidecar: &[u8],
48 | |     ) -> Result<Self, PageError> {
   | |________________________________^

warning: missing documentation for a method
   --> crates/borsuk/src/sq8_page_authority.rs:222:5
    |
222 |     pub fn generation(&self) -> u64 {
    |     ^^^^^^^^^^^^^^^^^^^^^^^^^^^^^^^

warning: missing documentation for a method
   --> crates/borsuk/src/sq8_page_authority.rs:225:5
    |
225 |     pub fn rows(&self) -> usize {
    |     ^^^^^^^^^^^^^^^^^^^^^^^^^^^

warning: missing documentation for a method
   --> crates/borsuk/src/sq8_page_authority.rs:228:5
    |
228 |     pub fn dimensions(&self) -> usize {
    |     ^^^^^^^^^^^^^^^^^^^^^^^^^^^^^^^^^

warning: missing documentation for a method
   --> crates/borsuk/src/sq8_page_authority.rs:231:5
    |
231 |     pub fn page_rows(&self) -> usize {
    |     ^^^^^^^^^^^^^^^^^^^^^^^^^^^^^^^^

warning: missing documentation for a method
   --> crates/borsuk/src/sq8_page_authority.rs:234:5
    |
234 |     pub fn object_sha256(&self) -> &str {
    |     ^^^^^^^^^^^^^^^^^^^^^^^^^^^^^^^^^^^

warning: missing documentation for a method
   --> crates/borsuk/src/sq8_page_authority.rs:238:5
    |
238 |     pub fn object_bytes(&self) -> usize {
    |     ^^^^^^^^^^^^^^^^^^^^^^^^^^^^^^^^^^^

warning: missing documentation for a method
   --> crates/borsuk/src/sq8_page_authority.rs:242:5
    |
242 | /     pub fn byte_range(
243 | |         &self,
244 | |         first_page: usize,
245 | |         last_page: usize,
246 | |     ) -> Result<Range<usize>, PageError> {
    | |________________________________________^

warning: missing documentation for an enum
  --> crates/borsuk/src/sq8_s3_range.rs:23:1
   |
23 | pub enum RangeFetchError {
   | ^^^^^^^^^^^^^^^^^^^^^^^^

warning: missing documentation for a variant
  --> crates/borsuk/src/sq8_s3_range.rs:24:5
   |
24 |     Store(object_store::Error),
   |     ^^^^^

warning: missing documentation for a variant
  --> crates/borsuk/src/sq8_s3_range.rs:25:5
   |
25 |     Page(PageError),
   |     ^^^^

warning: missing documentation for a variant
  --> crates/borsuk/src/sq8_s3_range.rs:26:5
   |
26 |     Score(Sq8ScoreError),
   |     ^^^^^

warning: missing documentation for a variant
  --> crates/borsuk/src/sq8_s3_range.rs:27:5
   |
27 |     UnexpectedMetadata,
   |     ^^^^^^^^^^^^^^^^^^

warning: missing documentation for a struct field
  --> crates/borsuk/src/sq8_s3_range.rs:34:5
   |
34 |     pub submitted_gets: usize,
   |     ^^^^^^^^^^^^^^^^^^^^^^^^^

warning: missing documentation for a struct field
  --> crates/borsuk/src/sq8_s3_range.rs:35:5
   |
35 |     pub verified_bytes: usize,
   |     ^^^^^^^^^^^^^^^^^^^^^^^^^

warning: missing documentation for a struct field
  --> crates/borsuk/src/sq8_s3_range.rs:36:5
   |
36 |     pub failed_gets: usize,
   |     ^^^^^^^^^^^^^^^^^^^^^^

warning: missing documentation for a struct field
  --> crates/borsuk/src/sq8_s3_range.rs:42:5
   |
42 |     pub candidates: Vec<ScoredNominee>,
   |     ^^^^^^^^^^^^^^^^^^^^^^^^^^^^^^^^^^

warning: missing documentation for a struct field
  --> crates/borsuk/src/sq8_s3_range.rs:43:5
   |
43 |     pub stats: Sq8ReadStats,
   |     ^^^^^^^^^^^^^^^^^^^^^^^

warning: missing documentation for a struct field
  --> crates/borsuk/src/sq8_s3_range.rs:49:5
   |
49 |     pub error: RangeFetchError,
   |     ^^^^^^^^^^^^^^^^^^^^^^^^^^

warning: missing documentation for a struct field
  --> crates/borsuk/src/sq8_s3_range.rs:50:5
   |
50 |     pub stats: Sq8ReadStats,
   |     ^^^^^^^^^^^^^^^^^^^^^^^

warning: missing documentation for a struct field
  --> crates/borsuk/src/sq8_s3_range.rs:55:5
   |
55 |     pub start: usize,
   |     ^^^^^^^^^^^^^^^^

warning: missing documentation for a struct field
  --> crates/borsuk/src/sq8_s3_range.rs:56:5
   |
56 |     pub bytes: Bytes,
   |     ^^^^^^^^^^^^^^^^

warning: missing documentation for a struct field
  --> crates/borsuk/src/sq8_s3_range.rs:70:5
   |
70 |     pub transport_failures: u64,
   |     ^^^^^^^^^^^^^^^^^^^^^^^^^^^

warning: missing documentation for a struct field
  --> crates/borsuk/src/sq8_s3_range.rs:71:5
   |
71 |     pub stream_failures: u64,
   |     ^^^^^^^^^^^^^^^^^^^^^^^^

warning: missing documentation for a struct field
  --> crates/borsuk/src/sq8_s3_range.rs:72:5
   |
72 |     pub consumed_payload_bytes: u64,
   |     ^^^^^^^^^^^^^^^^^^^^^^^^^^^^^^^

warning: missing documentation for an associated function
   --> crates/borsuk/src/sq8_s3_range.rs:280:5
    |
280 |     pub fn new(bucket: &str, region: &str) -> Result<Self, RangeFetchError> {
    |     ^^^^^^^^^^^^^^^^^^^^^^^^^^^^^^^^^^^^^^^^^^^^^^^^^^^^^^^^^^^^^^^^^^^^^^^

warning: missing documentation for a method
   --> crates/borsuk/src/sq8_s3_range.rs:319:5
    |
319 | /     pub async fn fetch_verified_pages(
320 | |         &self,
321 | |         location: &Path,
322 | |         authority: &PageAuthority,
...   |
326 | |         max_bytes: usize,
327 | |     ) -> Result<VerifiedRange, RangeFetchError> {
    | |_______________________________________________^

warning: missing documentation for a constant
   --> crates/borsuk/src/sq8_s3_range.rs:937:1
    |
937 | pub const SQ8_TRACE_MAX_BYTES: usize = 1 << 20;
    | ^^^^^^^^^^^^^^^^^^^^^^^^^^^^^^^^^^^^

warning: missing documentation for a struct field
   --> crates/borsuk/src/sq8_s3_range.rs:969:5
    |
969 |     pub last_page: u64,
    |     ^^^^^^^^^^^^^^^^^^

warning: missing documentation for a struct field
   --> crates/borsuk/src/sq8_s3_range.rs:972:5
    |
972 |     pub end_byte: u64,
    |     ^^^^^^^^^^^^^^^^^

warning: missing documentation for a struct field
   --> crates/borsuk/src/sq8_s3_range.rs:983:5
    |
983 |     pub last_chunk_ns: Option<u64>,
    |     ^^^^^^^^^^^^^^^^^^^^^^^^^^^^^^

warning: missing documentation for a struct field
   --> crates/borsuk/src/sq8_s3_range.rs:988:5
    |
988 |     pub auth_end_ns: Option<u64>,
    |     ^^^^^^^^^^^^^^^^^^^^^^^^^^^^

warning: missing documentation for a struct field
   --> crates/borsuk/src/sq8_s3_range.rs:993:5
    |
993 |     pub body_bytes: u64,
    |     ^^^^^^^^^^^^^^^^^^^

warning: missing documentation for a struct field
   --> crates/borsuk/src/sq8_s3_range.rs:998:5
    |
998 |     pub max_body_gap_end_ns: Option<u64>,
    |     ^^^^^^^^^^^^^^^^^^^^^^^^^^^^^^^^^^^^

warning: missing documentation for a struct field
    --> crates/borsuk/src/sq8_s3_range.rs:1002:5
     |
1002 |     pub copy_count: u32,
     |     ^^^^^^^^^^^^^^^^^^^

warning: missing documentation for a struct field
    --> crates/borsuk/src/sq8_s3_range.rs:1129:5
     |
1129 |     pub planned_ranges: u32,
     |     ^^^^^^^^^^^^^^^^^^^^^^^

warning: missing documentation for a struct field
    --> crates/borsuk/src/sq8_s3_range.rs:1130:5
     |
1130 |     pub planned_bytes: u64,
     |     ^^^^^^^^^^^^^^^^^^^^^^

warning: missing documentation for a struct field
    --> crates/borsuk/src/sq8_s3_range.rs:1131:5
     |
1131 |     pub max_parallel: u32,
     |     ^^^^^^^^^^^^^^^^^^^^^

warning: missing documentation for a struct field
    --> crates/borsuk/src/sq8_s3_range.rs:1139:5
     |
1139 |     pub rank_start_ns: Option<u64>,
     |     ^^^^^^^^^^^^^^^^^^^^^^^^^^^^^^

warning: missing documentation for a struct field
    --> crates/borsuk/src/sq8_s3_range.rs:1145:5
     |
1145 |     pub rank: Option<RankPhases>,
     |     ^^^^^^^^^^^^^^^^^^^^^^^^^^^^

warning: missing documentation for a method
    --> crates/borsuk/src/sq8_s3_range.rs:1226:5
     |
1226 |     pub fn reserved_bytes(&self, max_parallel: usize) -> usize {
     |     ^^^^^^^^^^^^^^^^^^^^^^^^^^^^^^^^^^^^^^^^^^^^^^^^^^^^^^^^^^

warning: missing documentation for a method
    --> crates/borsuk/src/sq8_s3_range.rs:1235:5
     |
1235 |     pub fn capacity(&self) -> usize {
     |     ^^^^^^^^^^^^^^^^^^^^^^^^^^^^^^^

warning: missing documentation for a struct
  --> crates/borsuk/src/unconstrained_priced_interval.rs:10:1
   |
10 | pub struct UnconstrainedCover {
   | ^^^^^^^^^^^^^^^^^^^^^^^^^^^^^

warning: missing documentation for a struct field
  --> crates/borsuk/src/unconstrained_priced_interval.rs:11:5
   |
11 |     pub intervals: Vec<(usize, usize)>,
   |     ^^^^^^^^^^^^^^^^^^^^^^^^^^^^^^^^^^

warning: missing documentation for a struct field
  --> crates/borsuk/src/unconstrained_priced_interval.rs:12:5
   |
12 |     pub mass: i64,
   |     ^^^^^^^^^^^^^

warning: missing documentation for a struct field
  --> crates/borsuk/src/unconstrained_priced_interval.rs:13:5
   |
13 |     pub units: usize,
   |     ^^^^^^^^^^^^^^^^

warning: missing documentation for a struct field
  --> crates/borsuk/src/unconstrained_priced_interval.rs:14:5
   |
14 |     pub gets: usize,
   |     ^^^^^^^^^^^^^^^

warning: missing documentation for a struct field
  --> crates/borsuk/src/unconstrained_priced_interval.rs:15:5
   |
15 |     pub objective: i64,
   |     ^^^^^^^^^^^^^^^^^^

warning: missing documentation for an enum
  --> crates/borsuk/src/unconstrained_priced_interval.rs:19:1
   |
19 | pub enum CoverError {
   | ^^^^^^^^^^^^^^^^^^^

warning: missing documentation for a variant
  --> crates/borsuk/src/unconstrained_priced_interval.rs:20:5
   |
20 |     InvalidGeometry,
   |     ^^^^^^^^^^^^^^^

warning: missing documentation for a variant
  --> crates/borsuk/src/unconstrained_priced_interval.rs:21:5
   |
21 |     ArithmeticOverflow,
   |     ^^^^^^^^^^^^^^^^^^

warning: missing documentation for a variant
  --> crates/borsuk/src/unconstrained_priced_interval.rs:22:5
   |
22 |     InvalidWitness,
   |     ^^^^^^^^^^^^^^

warning: missing documentation for a variant
  --> crates/borsuk/src/unconstrained_priced_interval.rs:23:5
   |
23 |     NoFeasibleCover,
   |     ^^^^^^^^^^^^^^^

warning: missing documentation for a variant
  --> crates/borsuk/src/unconstrained_priced_interval.rs:24:5
   |
24 |     TraceBudgetExceeded,
   |     ^^^^^^^^^^^^^^^^^^^

warning: missing documentation for an enum
  --> crates/borsuk/src/unit_centroid_graph.rs:19:1
   |
19 | pub enum UnitCentroidGraphError {
   | ^^^^^^^^^^^^^^^^^^^^^^^^^^^^^^^

warning: missing documentation for a variant
  --> crates/borsuk/src/unit_centroid_graph.rs:20:5
   |
20 |     InvalidGeometry,
   |     ^^^^^^^^^^^^^^^

warning: missing documentation for a variant
  --> crates/borsuk/src/unit_centroid_graph.rs:21:5
   |
21 |     InvalidArtifact,
   |     ^^^^^^^^^^^^^^^

warning: missing documentation for a variant
  --> crates/borsuk/src/unit_centroid_graph.rs:22:5
   |
22 |     InvalidQuery,
   |     ^^^^^^^^^^^^

warning: missing documentation for a variant
  --> crates/borsuk/src/unit_centroid_graph.rs:23:5
   |
23 |     ArithmeticOverflow,
   |     ^^^^^^^^^^^^^^^^^^

warning: missing documentation for a variant
  --> crates/borsuk/src/unit_centroid_graph.rs:24:5
   |
24 |     MemoryBudgetExceeded,
   |     ^^^^^^^^^^^^^^^^^^^^

warning: missing documentation for a variant
  --> crates/borsuk/src/unit_centroid_graph.rs:25:5
   |
25 |     Scorer(UnitCentroidError),
   |     ^^^^^^

warning: missing documentation for a struct
  --> crates/borsuk/src/unit_centroid_graph.rs:46:1
   |
46 | pub struct UnitCentroidGraph {
   | ^^^^^^^^^^^^^^^^^^^^^^^^^^^^

warning: missing documentation for a struct
  --> crates/borsuk/src/unit_centroid_graph.rs:58:1
   |
58 | pub struct UnitCentroidGraphSearch {
   | ^^^^^^^^^^^^^^^^^^^^^^^^^^^^^^^^^^

warning: missing documentation for a struct field
  --> crates/borsuk/src/unit_centroid_graph.rs:61:5
   |
61 |     pub unit_evaluations: usize,
   |     ^^^^^^^^^^^^^^^^^^^^^^^^^^^

warning: missing documentation for a struct field
  --> crates/borsuk/src/unit_centroid_graph.rs:64:5
   |
64 |     pub work_exhausted: bool,
   |     ^^^^^^^^^^^^^^^^^^^^^^^^

warning: missing documentation for a struct
  --> crates/borsuk/src/unit_centroid_graph.rs:68:1
   |
68 | pub struct PageDiverseGraphSearch {
   | ^^^^^^^^^^^^^^^^^^^^^^^^^^^^^^^^^

warning: missing documentation for an associated function
   --> crates/borsuk/src/unit_centroid_graph.rs:161:5
    |
161 | /     pub fn build(
162 | |         scorer: &UnitCentroidPages,
163 | |         centroid_blob: &[u8],
164 | |     ) -> Result<Self, UnitCentroidGraphError> {
    | |_____________________________________________^

warning: missing documentation for a method
   --> crates/borsuk/src/unit_centroid_graph.rs:237:5
    |
237 |     pub fn node_count(&self) -> usize {
    |     ^^^^^^^^^^^^^^^^^^^^^^^^^^^^^^^^^

warning: missing documentation for a method
   --> crates/borsuk/src/unit_centroid_graph.rs:354:5
    |
354 |     pub fn encode(&self) -> Result<Vec<u8>, UnitCentroidGraphError> {
    |     ^^^^^^^^^^^^^^^^^^^^^^^^^^^^^^^^^^^^^^^^^^^^^^^^^^^^^^^^^^^^^^^

warning: missing documentation for an associated function
   --> crates/borsuk/src/unit_centroid_graph.rs:400:5
    |
400 | /     pub fn decode(
401 | |         bytes: &[u8],
402 | |         centroid_blob: &[u8],
403 | |         scorer: &UnitCentroidPages,
404 | |     ) -> Result<Self, UnitCentroidGraphError> {
    | |_____________________________________________^

warning: missing documentation for a method
   --> crates/borsuk/src/unit_centroid_graph.rs:515:5
    |
515 | /     pub fn search(
516 | |         &self,
517 | |         scorer: &UnitCentroidPages,
518 | |         query: &[f32],
519 | |         nearest_units: usize,
520 | |         max_evaluations: usize,
521 | |     ) -> Result<UnitCentroidGraphSearch, UnitCentroidGraphError> {
    | |________________________________________________________________^

warning: missing documentation for an enum
  --> crates/borsuk/src/unit_centroid_pages.rs:21:1
   |
21 | pub enum UnitCentroidError {
   | ^^^^^^^^^^^^^^^^^^^^^^^^^^

warning: missing documentation for a variant
  --> crates/borsuk/src/unit_centroid_pages.rs:22:5
   |
22 |     InvalidGeometry,
   |     ^^^^^^^^^^^^^^^

warning: missing documentation for a variant
  --> crates/borsuk/src/unit_centroid_pages.rs:23:5
   |
23 |     InvalidCoefficients,
   |     ^^^^^^^^^^^^^^^^^^^

warning: missing documentation for a variant
  --> crates/borsuk/src/unit_centroid_pages.rs:24:5
   |
24 |     InvalidPayload,
   |     ^^^^^^^^^^^^^^

warning: missing documentation for a variant
  --> crates/borsuk/src/unit_centroid_pages.rs:25:5
   |
25 |     InvalidQuery,
   |     ^^^^^^^^^^^^

warning: missing documentation for a variant
  --> crates/borsuk/src/unit_centroid_pages.rs:26:5
   |
26 |     ArithmeticOverflow,
   |     ^^^^^^^^^^^^^^^^^^

warning: missing documentation for a variant
  --> crates/borsuk/src/unit_centroid_pages.rs:27:5
   |
27 |     Io(std::io::Error),
   |     ^^

warning: missing documentation for a struct
  --> crates/borsuk/src/unit_centroid_pages.rs:48:1
   |
48 | pub struct UnitCentroidPages {
   | ^^^^^^^^^^^^^^^^^^^^^^^^^^^^

warning: missing documentation for a method
   --> crates/borsuk/src/unit_centroid_pages.rs:206:5
    |
206 |     pub fn rows(&self) -> usize {
    |     ^^^^^^^^^^^^^^^^^^^^^^^^^^^

warning: missing documentation for a method
   --> crates/borsuk/src/unit_centroid_pages.rs:210:5
    |
210 |     pub fn blob_sha256(&self) -> &[u8; 32] {
    |     ^^^^^^^^^^^^^^^^^^^^^^^^^^^^^^^^^^^^^^

warning: missing documentation for a method
   --> crates/borsuk/src/unit_centroid_pages.rs:214:5
    |
214 |     pub fn dimensions(&self) -> usize {
    |     ^^^^^^^^^^^^^^^^^^^^^^^^^^^^^^^^^

warning: missing documentation for a method
   --> crates/borsuk/src/unit_centroid_pages.rs:218:5
    |
218 |     pub fn unit_rows(&self) -> usize {
    |     ^^^^^^^^^^^^^^^^^^^^^^^^^^^^^^^^

warning: missing documentation for a method
   --> crates/borsuk/src/unit_centroid_pages.rs:222:5
    |
222 |     pub fn page_rows(&self) -> usize {
    |     ^^^^^^^^^^^^^^^^^^^^^^^^^^^^^^^^

warning: missing documentation for a method
   --> crates/borsuk/src/unit_centroid_pages.rs:231:5
    |
231 |     pub fn unit_count(&self) -> usize {
    |     ^^^^^^^^^^^^^^^^^^^^^^^^^^^^^^^^^

warning: missing documentation for a method
   --> crates/borsuk/src/unit_centroid_pages.rs:235:5
    |
235 |     pub fn unit_centroid(&self, unit: usize) -> Option<&[f32]> {
    |     ^^^^^^^^^^^^^^^^^^^^^^^^^^^^^^^^^^^^^^^^^^^^^^^^^^^^^^^^^^

warning: `borsuk` (lib) generated 1008 warnings (run `cargo fix --lib -p borsuk` to apply 3 suggestions)
   Compiling memory-stats v1.2.0
    Finished `test` profile [unoptimized] target(s) in 3m 51s
     Running unittests examples/compare_native_replay.rs (target/debug/examples/compare_native_replay-0a2bbdec77123913)

running 86 tests
test scale_native_runner::scale_derivation_producer::derive::tests::derivation_actual_chain_matches_independent_public_api_outputs ... ok
test scale_native_runner::scale_derivation_producer::derive::tests::derivation_actual_publication_conflict_refuses_completed_receipt ... ok
test scale_native_runner::scale_derivation_producer::derive::tests::derivation_mutations_and_partial_publication_never_leave_completed_receipt ... ok
test scale_native_runner::scale_derivation_producer::derive::tests::derivation_refuses_config_geometry_authority_caps_and_occupied_outputs ... ok
test scale_native_runner::scale_derivation_producer::derive::tests::derivation_strict_json_and_symlink_sources_refuse_before_output_creation ... ok
test scale_native_runner::scale_derivation_producer::derive::tests::executable_hash_allows_hardlinks_without_broadening_source_admission ... ok
test scale_native_runner::scale_derivation_producer::derive::tests::post_install_failures_retain_original_error_and_all_revocation_outcomes ... ok
test scale_native_runner::scale_derivation_producer::derive::tests::post_install_namespace_drift_never_unlinks_replacement_directory_receipt ... ok
test scale_native_runner::tests::actual_d1024_derivation_receipt_outputs_bind_generation_and_refuse_one_bit_calibration_mismatch ... ok
test scale_native_runner::tests::actual_direct_closure_queries_match_the_baseline_control_with_zero_source ... ok
test scale_native_runner::tests::actual_generation_profile_mismatch_refuses_before_seal_or_truth ... ok
test scale_native_runner::tests::actual_native_queries_seal_and_reduce_against_literal_oracles ... ok
test scale_native_runner::tests::cold_fetch_parallelism_selector_is_explicit_and_bounded ... ok
test scale_native_runner::tests::diagnostic_budget_is_charged_before_open_per_active_query_and_bounded_by_one_mebibyte ... ok
test scale_native_runner::tests::direct_resource_rejections_are_terminal_machine_readable_and_distinct_from_invalid ... ok
test scale_native_runner::tests::execution_selector_is_explicit_strict_sorted_unique_and_bounded ... ok
test scale_native_runner::tests::explicit_scale_population_receipts_and_negative_geometry ... ok
test scale_native_runner::tests::full_selected_requests_require_equal_reserved_digest ... ok
test scale_native_runner::tests::generation_calibration_mismatch_refuses_before_query_seal_or_truth ... ok
test scale_native_runner::tests::host_counters_parse_named_values_and_report_missing_wrapped_or_oversize_as_null ... ok
test scale_native_runner::tests::missing_or_tampered_truth_is_invalid_only_after_all_queries_are_sealed ... ok
test scale_native_runner::tests::namespaced_pipeline_faults_preserve_binding_accounting_and_seal ... ok
test scale_native_runner::tests::panel_authenticates_every_original_request_row_before_any_open ... ok
test scale_native_runner::tests::panel_counters_unavailable_and_overcap_lines_are_bounded_invalid_before_seal ... ok
test scale_native_runner::tests::panel_diagnostic_memory_is_charged_once_and_never_becomes_an_algorithm_rejection ... ok
test scale_native_runner::tests::panel_executes_original_ordinals_and_indexes_truth_by_original_ordinal ... ok
test scale_native_runner::tests::panel_failure_record_keeps_its_error_when_the_diagnostic_overflows_the_line ... ok
test scale_native_runner::tests::panel_line_admission_has_an_exact_65536_byte_boundary_and_full_keeps_the_256kib_cap ... ok
test scale_native_runner::tests::panel_missing_or_tampered_truth_is_invalid_only_after_the_selected_results_are_sealed ... ok
test scale_native_runner::tests::panel_selector_refusals_precede_every_open_and_publication ... ok
test scale_native_runner::tests::panel_trace_toggle_changes_only_the_diagnostic_field_for_baseline_and_direct ... ok
test scale_native_runner::tests::prefix_or_requests_tampering_blocks_first_truth_open ... ok
test scale_native_runner::tests::production_contract_rejects_unknown_hash_geometry_and_caps ... ok
test scale_native_runner::tests::query_runtime_bounds_blocking_threads_and_drains ... ok
test scale_native_runner::tests::reporting_underfill_keeps_fixed_ten_denominator_and_bounded_output ... ok
test scale_native_runner::tests::scratch_formula_keeps_codec_and_trace_separate ... ok
test scale_native_runner::tests::secure_artifacts_reject_hash_length_eof_symlink_fifo_and_bad_rows ... ok
test scale_native_runner::tests::serving_mode_and_format_marker_are_required_explicit_and_strict ... ok
test scale_native_runner::tests::source_binding_and_all_request_rows_fail_before_queries ... ok
test scale_native_runner::tests::source_only_derivation_reuses_one_seal_across_query_prefixes_and_refuses_v1_or_wrong_authority ... ok
test scale_native_runner::tests::stale_cohort_and_derivation_pins_refuse_before_requests_or_reader_open ... ok
test scale_native_runner::tests::worst_case_diagnostic_object_fits_the_panel_line_with_room_for_the_record ... ok
test scale_prefix_parity_tests::scale_parity_keeps_source_policy_and_unknown_fields_invariant ... ok
test scale_prefix_parity_tests::scale_parity_refuses_order_score_recall_underfill_and_per_query_charge_changes ... ok
test scale_prefix_parity_tests::scale_parity_refuses_path_replacement_even_with_identical_bytes ... ok
test scale_prefix_parity_tests::scale_prefix_authenticates_both_bodies_and_refuses_suffix_and_prefix_changes ... ok
test source_cover::tests::cheapest_gap_bridge_counts_bytes_and_rejects_over_cap_page ... ok
test source_cover::tests::complete_sparse_scores_refine_dense_page_admission ... ok
test source_cover::tests::incremental_cover_charge_matches_exact_cover_across_page_patterns ... ok
test source_cover::tests::incremental_cover_charge_matches_exact_ranges_with_tied_gaps_and_final_page ... ok
test source_cover::tests::primary_page_precedes_better_scoring_secondary_page ... ok
test source_cover::tests::short_final_page_is_charged_by_its_actual_rows ... ok
test source_cover::tests::signed_zero_scores_tie_by_page_id ... ok
test source_cover::tests::source_unit_cover_preserves_all_units_and_clips_tail ... ok
test source_cover::tests::sparse_candidates_never_admit_an_unvisited_page ... ok
test source_cover::tests::sparse_candidates_reject_duplicates_and_unknown_pages ... ok
test tests::actual_native_scale_runner_reducer_seal_count_mismatches ... ok
test tests::bounded_files_reject_links_fifo_oversize_and_duplicate_evidence ... ok
test tests::completed_v2_quantiles_stages_and_create_only_report ... ok
test tests::completed_v2_rejects_incomplete_reordered_and_unknown_rows ... ok
test tests::completed_v2_rejects_pins_sums_and_transport_contradictions ... ok
test tests::completed_v2_rejects_prefix_seal_and_full_file_tamper ... ok
test tests::explicit_million_population_geometry_and_allocation_bounds ... ok
test tests::four_authenticated_native_runs_and_completed_no_win ... ok
test tests::invalid_tampered_out_of_order_and_semantic_mismatch ... ok
test tests::membership_abba_v2_parity_screens_and_refusals ... ok
test tests::nearest_rank_and_sequential_qps_literal_golden ... ok
test tests::obsolete_scale_reduction_config_reports_exact_v4_requirement ... ok
test tests::paired_v2_rejects_authenticated_semantic_plan_and_charge_changes ... ok
test tests::paired_v2_rejects_duplicate_truncated_unsealed_and_unpinned_files ... ok
test tests::paired_v2_rejects_pins_selectors_unknowns_and_failures ... ok
test tests::paired_v2_sealed_native_rows_statistics_and_create_only ... ok
test tests::scale_parity_role_aliases_and_native_config_reuse_are_refused ... FAILED
test tests::scale_prefix_parity_full_dispatch_seals_and_input_binding ... FAILED
test tests::scale_report_distinguishes_local_reduction_from_authenticated_s3_producer ... ok
test tests::source_bound_full_population_scale_report_and_frozen_config_mismatches ... ok
test tests::source_utilization_authenticated_report_and_legacy_preservation ... ok
test tests::source_utilization_config_pins_duplicates_and_unknowns ... ok
test tests::source_utilization_direct_closure_sq8_charge_refusals ... ok
test tests::source_utilization_direct_closure_sq8_hand_counted_costs ... ok
test tests::source_utilization_payload_sha_eof_seals_and_descriptor_mutations ... ok
test tests::source_utilization_positive_bound_at_historical_completion_cap ... ok
test tests::source_utilization_report_cap_refuses_before_publication ... ok
test tests::source_utilization_shared_cover_tied_gaps_same_128_gets ... ok
test tests::source_utilization_trace_and_charge_refusals ... ok
test tests::source_utilization_unwalked_winner_full_completion_and_partial_tail ... ok

failures:

---- tests::scale_parity_role_aliases_and_native_config_reuse_are_refused stdout ----

thread 'tests::scale_parity_role_aliases_and_native_config_reuse_are_refused' (8966) panicked at crates/borsuk/examples/compare_native_replay.rs:5165:9:
assertion `left == right` failed
  left: "successful source binding charges"
 right: "distinct parity run artifacts"
note: run with `RUST_BACKTRACE=1` environment variable to display a backtrace

---- tests::scale_prefix_parity_full_dispatch_seals_and_input_binding stdout ----

thread 'tests::scale_prefix_parity_full_dispatch_seals_and_input_binding' (8967) panicked at crates/borsuk/examples/compare_native_replay.rs:5046:69:
called `Result::unwrap()` on an `Err` value: "successful source binding charges"


failures:
    tests::scale_parity_role_aliases_and_native_config_reuse_are_refused
    tests::scale_prefix_parity_full_dispatch_seals_and_input_binding

test result: FAILED. 84 passed; 2 failed; 0 ignored; 0 measured; 0 filtered out; finished in 295.12s

error: test failed, to rerun pass `-p borsuk --example compare_native_replay`
