.githooks/pre-commit: OK
.githooks/pre-push: OK
.github/workflows/ci.yml: OK
.github/workflows/pages.yml: OK
.github/workflows/publish.yml: OK
.gitignore: OK
.impeccable.md: OK
.pre-commit-config.yaml: OK
.prettierignore: OK
.prettierrc.json: OK
AGENTS.md: OK
Cargo.toml: OK
LICENSE: OK
README.md: OK
crates/borsuk-cli/Cargo.toml: OK
crates/borsuk-cli/src/main.rs: OK
crates/borsuk-cli/tests/cli.rs: OK
crates/borsuk-fma/Cargo.toml: OK
crates/borsuk-fma/src/lib.rs: OK
crates/borsuk-node/Cargo.toml: OK
crates/borsuk-node/build.rs: OK
crates/borsuk-node/src/lib.rs: OK
crates/borsuk-pq4/Cargo.toml: OK
crates/borsuk-pq4/src/builder.rs: OK
crates/borsuk-pq4/src/core.rs: OK
crates/borsuk-pq4/src/format.rs: OK
crates/borsuk-pq4/src/index.rs: OK
crates/borsuk-pq4/src/lib.rs: OK
crates/borsuk-pq4/src/sharded_index.rs: OK
crates/borsuk-pq4/src/shards.rs: OK
crates/borsuk-pq4/src/snapshot.rs: OK
crates/borsuk-python/Cargo.toml: OK
crates/borsuk-python/build.rs: OK
crates/borsuk-python/src/lib.rs: OK
crates/borsuk-v25/Cargo.toml: OK
crates/borsuk-v25/src/lib.rs: OK
crates/borsuk-v25/src/local.rs: OK
crates/borsuk-v26/Cargo.toml: OK
crates/borsuk-v26/examples/v26_dual_pq_key_preflight.rs: OK
crates/borsuk-v26/examples/v26_page_layout.rs: OK
crates/borsuk-v26/examples/v26_pq16_serving.rs: OK
crates/borsuk-v26/examples/v26_pq16_serving_build.rs: OK
crates/borsuk-v26/examples/v26_pq4_fast_build.rs: OK
crates/borsuk-v26/examples/v26_pq4_fast_holdout.rs: OK
crates/borsuk-v26/examples/v26_pq4_fast_quality.rs: OK
crates/borsuk-v26/examples/v26_pq4_fast_serving.rs: OK
crates/borsuk-v26/examples/v26_simhash_preflight.rs: OK
crates/borsuk-v26/src/lib.rs: OK
crates/borsuk-v26/src/local.rs: OK
crates/borsuk-v26/src/tree.rs: OK
crates/borsuk-v41/Cargo.toml: OK
crates/borsuk-v41/src/lib.rs: OK
crates/borsuk-v71/Cargo.toml: OK
crates/borsuk-v71/src/bin/v74_ingest.rs: OK
crates/borsuk-v71/src/bin/v85_delta_reader.rs: OK
crates/borsuk-v71/src/delta.rs: OK
crates/borsuk-v71/src/lib.rs: OK
crates/borsuk-v71/src/main.rs: OK
crates/borsuk/Cargo.toml: OK
crates/borsuk/benches/local_search.rs: OK
crates/borsuk/examples/benchmark_report.rs: OK
crates/borsuk/examples/build_config_timing.rs: OK
crates/borsuk/examples/build_sq8_source.rs: OK
crates/borsuk/examples/compare_native_replay.rs: OK
crates/borsuk/examples/docs_ladder.rs: OK
crates/borsuk/examples/exact_sq8_runtime_probe.rs: OK
crates/borsuk/examples/generate_synthetic_dataset.rs: OK
crates/borsuk/examples/group_commit_bench.rs: OK
crates/borsuk/examples/hybrid_retrieval_bench.rs: OK
crates/borsuk/examples/leaf_capability_timing.rs: OK
crates/borsuk/examples/local_index.rs: OK
crates/borsuk/examples/logical_cell_routing_bench.rs: OK
crates/borsuk/examples/market_workload_bench.rs: OK
crates/borsuk/examples/memory_scale.rs: OK
crates/borsuk/examples/mutation_extent_format_bench.rs: OK
crates/borsuk/examples/native_ann_100k_qualify.rs: OK
crates/borsuk/examples/object_store_floor.rs: OK
crates/borsuk/examples/pq4_build.rs: OK
crates/borsuk/examples/pq4_qualify.rs: OK
crates/borsuk/examples/pq4_search.rs: OK
crates/borsuk/examples/pq4_sharded_qualify.rs: OK
crates/borsuk/examples/pq4_stage.rs: OK
crates/borsuk/examples/production_bench.rs: OK
crates/borsuk/examples/resident_graph_frontier.rs: OK
crates/borsuk/examples/resident_graph_rc.rs: OK
crates/borsuk/examples/rest_app_bench.rs: OK
crates/borsuk/examples/s3_index.rs: OK
crates/borsuk/examples/two_bit_http.rs: OK
crates/borsuk/examples/v131_source_replay.rs: OK
crates/borsuk/examples/v132_live_s3_transport.rs: OK
crates/borsuk/examples/v133_local_sq8_transport.rs: OK
crates/borsuk/examples/v134_native_route.rs: OK
crates/borsuk/examples/v220_graph_http.rs: OK
crates/borsuk/examples/v224_graph_store_roundtrip.rs: OK
crates/borsuk/examples/v225_graph_switch_s3.rs: OK
crates/borsuk/examples/v228_graph_collection_s3.rs: OK
crates/borsuk/examples/v236_graph_collection_1m.rs: OK
crates/borsuk/examples/v238_shared_graph_base_1m.rs: OK
crates/borsuk/examples/v23_balanced_page_falsifier.rs: OK
crates/borsuk/examples/v23_global_adc_diagnostic.rs: OK
crates/borsuk/examples/v23_incidence_development_screen.rs: OK
crates/borsuk/examples/v23_leaf_page_incidence_falsifier.rs: OK
crates/borsuk/examples/v23_rabitq_construct.rs: OK
crates/borsuk/examples/v23_rabitq_falsifier.rs: OK
crates/borsuk/examples/v246_publish_graph_s3.rs: OK
crates/borsuk/examples/v24_prepare_witness_inputs.rs: OK
crates/borsuk/examples/v24_witness_page_router.rs: OK
crates/borsuk/examples/v27_s3_build.rs: OK
crates/borsuk/examples/v27_s3_qualify.rs: OK
crates/borsuk/examples/v30_s3_build.rs: OK
crates/borsuk/examples/v30_s3_qualify.rs: OK
crates/borsuk/examples/v32_cpu_preflight.rs: OK
crates/borsuk/examples/v32_selective_layout_simulator.rs: OK
crates/borsuk/examples/v33_group_shape_diagnostic.rs: OK
crates/borsuk/examples/v33_shape_pq_replay.rs: OK
crates/borsuk/examples/v36_geometry_oracle.rs: OK
crates/borsuk/examples/v36_prefix_freeze.rs: OK
crates/borsuk/examples/v37_relation_router.rs: OK
crates/borsuk/examples/v38_boundary_spill.rs: OK
crates/borsuk/examples/v40_spill_router.rs: OK
crates/borsuk/examples/v41_forest_probe.rs: OK
crates/borsuk/examples/v42_pq4_relaion_probe.rs: OK
crates/borsuk/examples/v43_shared_dictionary_probe.rs: OK
crates/borsuk/examples/v44_page_kernel_probe.rs: OK
crates/borsuk/examples/v45_lsh_probe.rs: OK
crates/borsuk/examples/v50_exact_original_control.rs: OK
crates/borsuk/examples/v51_tree_row_probe.rs: OK
crates/borsuk/src/arrow_vector_sidecar.rs: OK
crates/borsuk/src/bin/build_semantic_unit_router.rs: OK
crates/borsuk/src/bin/build_two_bit_generation.rs: OK
crates/borsuk/src/bin/build_two_bit_graph_variant.rs: OK
crates/borsuk/src/bin/build_two_bit_source.rs: OK
crates/borsuk/src/bin/check_cohere_native_baseline.rs: OK
crates/borsuk/src/bin/check_hierarchical_split_balance.rs: OK
crates/borsuk/src/bin/check_s3_vectors_baseline.rs: OK
crates/borsuk/src/bin/check_semantic_router_scorer.rs: OK
crates/borsuk/src/bin/hierarchical_semantic_cells.rs: OK
crates/borsuk/src/bin/prepare_cohere_native_cohort.rs: OK
crates/borsuk/src/bin/publish_two_bit_generation.rs: OK
crates/borsuk/src/bin/repackage_semantic_generation.rs: OK
crates/borsuk/src/bin/two_bit_plan_demo.rs: OK
crates/borsuk/src/bin/two_bit_union_nomination.rs: OK
crates/borsuk/src/bin/two_bit_walk_nomination.rs: OK
crates/borsuk/src/bin/v150_unit_centroid_graph.rs: OK
crates/borsuk/src/bin/v151_page_seeded_graph.rs: OK
crates/borsuk/src/bin/v152_cached_page_graph.rs: OK
crates/borsuk/src/bin/v154_relaion_page_graph.rs: OK
crates/borsuk/src/bin/v196_resident_fp16_preflight.rs: OK
crates/borsuk/src/bin/v199_live_s3_resident_fp16.rs: OK
crates/borsuk/src/bin/v200_uncapped_cover_preflight.rs: OK
crates/borsuk/src/bin/v201_relaxed_cover_preflight.rs: OK
crates/borsuk/src/bin/v202_two_cap_cover_preflight.rs: OK
crates/borsuk/src/bin/v205_dual_certificate_preflight.rs: OK
crates/borsuk/src/bin/v209_resident_nominee_1m.rs: OK
crates/borsuk/src/bin/v212_rust_resident_100k.rs: OK
crates/borsuk/src/bin/v213_resident_graph_100k.rs: OK
crates/borsuk/src/bin/v214_build_pq_graph_100k.rs: OK
crates/borsuk/src/bin/v214_serve_pq_graph_100k.rs: OK
crates/borsuk/src/bin/v215_serve_pq_cosine_graph_100k.rs: OK
crates/borsuk/src/bin/v216_heldout_pq_cosine_graph_100k.rs: OK
crates/borsuk/src/bin/v217_build_pq_graph_1m.rs: OK
crates/borsuk/src/bin/v217_serve_pq_graph_1m.rs: OK
crates/borsuk/src/bin/v218_build_reachable_graph_100k.rs: OK
crates/borsuk/src/bin/v218_serve_reachable_graph_100k.rs: OK
crates/borsuk/src/bin/v219_build_reachable_graph_1m.rs: OK
crates/borsuk/src/bin/v219_serve_reachable_graph_1m.rs: OK
crates/borsuk/src/bin/v229_serve_mutation_overlay_100k.rs: OK
crates/borsuk/src/bin/v239_graph_containment_100k.rs: OK
crates/borsuk/src/bin/v248_build_cohere_graph_100k.rs: OK
crates/borsuk/src/bin/v248_serve_cohere_graph_100k.rs: OK
crates/borsuk/src/bin/v282_build_routing.rs: OK
crates/borsuk/src/bin/v282_local_falsifier.rs: OK
crates/borsuk/src/bin/v287_exact_pq_page.rs: OK
crates/borsuk/src/bin/v291_rust_sq8_parity.rs: OK
crates/borsuk/src/bin/v292_centroid_route.rs: OK
crates/borsuk/src/bin/v294_rust_source_parity.rs: OK
crates/borsuk/src/bin/v295_rust_two_bit_route.rs: OK
crates/borsuk/src/bin/v296_two_bit_validation_plans.rs: OK
crates/borsuk/src/bm25.rs: OK
crates/borsuk/src/budget_object_fitter.rs: OK
crates/borsuk/src/budget_object_selector.rs: OK
crates/borsuk/src/budgeted_page_rank.rs: OK
crates/borsuk/src/build_timing.rs: OK
crates/borsuk/src/canonical_source.rs: OK
crates/borsuk/src/cell_wal.rs: OK
crates/borsuk/src/centroid_hnsw.rs: OK
crates/borsuk/src/co_selection_layout.rs: OK
crates/borsuk/src/collection_control.rs: OK
crates/borsuk/src/contiguous_page_hierarchy.rs: OK
crates/borsuk/src/corrected_four_bit.rs: OK
crates/borsuk/src/error.rs: OK
crates/borsuk/src/exact_sq8_mirror.rs: OK
crates/borsuk/src/exact_sq8_nominee.rs: OK
crates/borsuk/src/fine_sq8_groups.rs: OK
crates/borsuk/src/float8.rs: OK
crates/borsuk/src/format.rs: OK
crates/borsuk/src/global_cell_card.rs: OK
crates/borsuk/src/global_leaf.rs: OK
crates/borsuk/src/global_leaf_run.rs: OK
crates/borsuk/src/global_pq_sidecar.rs: OK
crates/borsuk/src/graph_generation_resources.rs: OK
crates/borsuk/src/graph_serving_generation.rs: OK
crates/borsuk/src/group_commit.rs: OK
crates/borsuk/src/hard_priced_interval.rs: OK
crates/borsuk/src/hierarchical_semantic_cells.rs: OK
crates/borsuk/src/index.rs: OK
crates/borsuk/src/lane_log.rs: OK
crates/borsuk/src/late_interaction.rs: OK
crates/borsuk/src/late_interaction_sidecar.rs: OK
crates/borsuk/src/lexical_build.rs: OK
crates/borsuk/src/lexical_root.rs: OK
crates/borsuk/src/lexical_simd.rs: OK
crates/borsuk/src/lib.rs: OK
crates/borsuk/src/logical_cell_catalog.rs: OK
crates/borsuk/src/maintenance.rs: OK
crates/borsuk/src/manifest.rs: OK
crates/borsuk/src/metadata.rs: OK
crates/borsuk/src/metric.rs: OK
crates/borsuk/src/mutation.rs: OK
crates/borsuk/src/mutation_extent.rs: OK
crates/borsuk/src/native_ann.rs: OK
crates/borsuk/src/native_ann_build.rs: OK
crates/borsuk/src/native_ann_format.rs: OK
crates/borsuk/src/native_ann_read.rs: OK
crates/borsuk/src/native_ann_router.rs: OK
crates/borsuk/src/native_development_memory.rs: OK
crates/borsuk/src/native_source_hydration.rs: OK
crates/borsuk/src/native_source_id_map.rs: OK
crates/borsuk/src/native_source_tier.rs: OK
crates/borsuk/src/object_native_generation.rs: OK
crates/borsuk/src/observability.rs: OK
crates/borsuk/src/parallel.rs: OK
crates/borsuk/src/physical_interval.rs: OK
crates/borsuk/src/physical_layout.rs: OK
crates/borsuk/src/physical_row_permutation.rs: OK
crates/borsuk/src/positioned_candidate.rs: OK
crates/borsuk/src/positioned_log.rs: OK
crates/borsuk/src/positioned_materializer.rs: OK
crates/borsuk/src/pq64_nominee.rs: OK
crates/borsuk/src/pq64_router_artifact.rs: OK
crates/borsuk/src/pq_residual_four_bit.rs: OK
crates/borsuk/src/quantizer_sidecar.rs: OK
crates/borsuk/src/record.rs: OK
crates/borsuk/src/relaid_generation_authority.rs: OK
crates/borsuk/src/relaxed_priced_interval.rs: OK
crates/borsuk/src/resident_fp16_tier.rs: OK
crates/borsuk/src/resident_graph_build.rs: OK
crates/borsuk/src/resident_graph_collection.rs: OK
crates/borsuk/src/resident_graph_generation.rs: OK
crates/borsuk/src/resident_graph_mutation_snapshot.rs: OK
crates/borsuk/src/resident_graph_overlay.rs: OK
crates/borsuk/src/resident_graph_store.rs: OK
crates/borsuk/src/resident_nominee_generation.rs: OK
crates/borsuk/src/resident_vector_graph.rs: OK
crates/borsuk/src/returned_sq8.rs: OK
crates/borsuk/src/rotated_product_quantizer.rs: OK
crates/borsuk/src/rotated_two_bit.rs: OK
crates/borsuk/src/row_bundle.rs: OK
crates/borsuk/src/scalar_decode.rs: OK
crates/borsuk/src/segment.rs: OK
crates/borsuk/src/segment_cache.rs: OK
crates/borsuk/src/semantic_cell_overlap.rs: OK
crates/borsuk/src/semantic_unit_router.rs: OK
crates/borsuk/src/serving_generation.rs: OK
crates/borsuk/src/simd_control.rs: OK
crates/borsuk/src/source_order.rs: OK
crates/borsuk/src/sparse.rs: OK
crates/borsuk/src/sparse_index.rs: OK
crates/borsuk/src/sq8_page_authority.rs: OK
crates/borsuk/src/sq8_s3_range.rs: OK
crates/borsuk/src/sq8_source.rs: OK
crates/borsuk/src/storage.rs: OK
crates/borsuk/src/storage_trace.rs: OK
crates/borsuk/src/text.rs: OK
crates/borsuk/src/turboquant.rs: OK
crates/borsuk/src/two_bit_build.rs: OK
crates/borsuk/src/two_bit_compaction.rs: OK
crates/borsuk/src/two_bit_gc.rs: OK
crates/borsuk/src/two_bit_generation.rs: OK
crates/borsuk/src/two_bit_index.rs: OK
crates/borsuk/src/two_bit_mutations.rs: OK
crates/borsuk/src/two_bit_source.rs: OK
crates/borsuk/src/two_bit_store.rs: OK
crates/borsuk/src/unconstrained_priced_interval.rs: OK
crates/borsuk/src/unit_centroid_graph.rs: OK
crates/borsuk/src/unit_centroid_pages.rs: OK
crates/borsuk/src/v21_feasibility.rs: OK
crates/borsuk/src/v22_feasibility.rs: OK
crates/borsuk/src/v23_balanced_pages.rs: OK
crates/borsuk/src/v23_balanced_pages_arrow.rs: OK
crates/borsuk/src/v23_balanced_pages_build.rs: OK
crates/borsuk/src/v23_balanced_pages_eval.rs: OK
crates/borsuk/src/v23_balanced_pages_train.rs: OK
crates/borsuk/src/v23_diagnostic.rs: OK
crates/borsuk/src/v23_incidence.rs: OK
crates/borsuk/src/v23_incidence_eval.rs: OK
crates/borsuk/src/v23_incidence_postings.rs: OK
crates/borsuk/src/v23_incidence_tree.rs: OK
crates/borsuk/src/v23_rabitq.rs: OK
crates/borsuk/src/v23_rabitq_arrow.rs: OK
crates/borsuk/src/v23_rabitq_build.rs: OK
crates/borsuk/src/v23_rabitq_eval.rs: OK
crates/borsuk/src/v23_rabitq_local.rs: OK
crates/borsuk/src/v23_rabitq_quantizer.rs: OK
crates/borsuk/src/v24_witness.rs: OK
crates/borsuk/src/v24_witness_eval.rs: OK
crates/borsuk/src/v24_witness_graph.rs: OK
crates/borsuk/src/v24_witness_local.rs: OK
crates/borsuk/src/v24_witness_postings.rs: OK
crates/borsuk/src/v24_witness_prepare.rs: OK
crates/borsuk/src/v24_witness_pseudoquery.rs: OK
crates/borsuk/src/v27_s3_build.rs: OK
crates/borsuk/src/v27_s3_page.rs: OK
crates/borsuk/src/v27_s3_router.rs: OK
crates/borsuk/src/v27_s3_search.rs: OK
crates/borsuk/src/v28_s3_layout.rs: OK
crates/borsuk/src/v28_s3_pq.rs: OK
crates/borsuk/src/v28_s3_search.rs: OK
crates/borsuk/src/v30_s3_layout.rs: OK
crates/borsuk/src/v30_s3_pq.rs: OK
crates/borsuk/src/v30_s3_search.rs: OK
crates/borsuk/src/v32_code_objects.rs: OK
crates/borsuk/src/v32_global_pages.rs: OK
crates/borsuk/src/v33_group_shape.rs: OK
crates/borsuk/src/v34_rank4.rs: OK
crates/borsuk/src/v34_route.rs: OK
crates/borsuk/src/v35_authority.rs: OK
crates/borsuk/src/v35_build.rs: OK
crates/borsuk/src/v35_delta.rs: OK
crates/borsuk/src/v35_patch.rs: OK
crates/borsuk/src/v35_projection.rs: OK
crates/borsuk/src/v35_remote.rs: OK
crates/borsuk/src/v35_route.rs: OK
crates/borsuk/src/v36_funnel.rs: OK
crates/borsuk/src/v36_funnel_code.rs: OK
crates/borsuk/src/v36_funnel_geometry.rs: OK
crates/borsuk/src/v36_posting_hnsw.rs: OK
crates/borsuk/src/v36_prefix_dataset.rs: OK
crates/borsuk/src/v37_relation_router.rs: OK
crates/borsuk/src/v38_boundary_spill.rs: OK
crates/borsuk/src/v40_spill_router.rs: OK
crates/borsuk/src/v41_forest_probe.rs: OK
crates/borsuk/src/v42_pq4_relaion_probe.rs: OK
crates/borsuk/src/v45_lsh_probe.rs: OK
crates/borsuk/src/v50_exact_original_control.rs: OK
crates/borsuk/src/v51_tree_row_probe.rs: OK
crates/borsuk/tests/bm25_search.rs: OK
crates/borsuk/tests/build_config.rs: OK
crates/borsuk/tests/cell_wal.rs: OK
crates/borsuk/tests/cold_quantizer.rs: OK
crates/borsuk/tests/common/mod.rs: OK
crates/borsuk/tests/concurrency_stress.rs: OK
crates/borsuk/tests/consistency.rs: OK
crates/borsuk/tests/cosine_pruning.rs: OK
crates/borsuk/tests/crash_recovery.rs: OK
crates/borsuk/tests/dataset_scaling.rs: OK
crates/borsuk/tests/exact_sq8_mirror_direct.rs: OK
crates/borsuk/tests/explain.rs: OK
crates/borsuk/tests/fault_injection.rs: OK
crates/borsuk/tests/feature_matrix.rs: OK
crates/borsuk/tests/filtering_bench.rs: OK
crates/borsuk/tests/fixtures/market-filter/dataset.json: OK
crates/borsuk/tests/fixtures/market-filter/source.spec: OK
crates/borsuk/tests/fixtures/market-namespace/dataset.json: OK
crates/borsuk/tests/fixtures/market-namespace/source.spec: OK
crates/borsuk/tests/fixtures/v23_incidence_training_manifest.json: OK
crates/borsuk/tests/fixtures/v23_page_ref.json: OK
crates/borsuk/tests/fixtures/v36_centered_projection_pyarrow.b64: OK
crates/borsuk/tests/fixtures/v36_coarse_fragment_pyarrow.b64: OK
crates/borsuk/tests/fixtures/v36_pyarrow_registered_input.parquet: OK
crates/borsuk/tests/format.rs: OK
crates/borsuk/tests/format_fuzz.rs: OK
crates/borsuk/tests/fp8_vectors.rs: OK
crates/borsuk/tests/geo_filter.rs: OK
crates/borsuk/tests/group_commit.rs: OK
crates/borsuk/tests/hybrid_search.rs: OK
crates/borsuk/tests/in_memory_preload.rs: OK
crates/borsuk/tests/large_scale.rs: OK
crates/borsuk/tests/late_interaction_index.rs: OK
crates/borsuk/tests/leaf_capability.rs: OK
crates/borsuk/tests/local_index.rs: OK
crates/borsuk/tests/metric_pruning_bench.rs: OK
crates/borsuk/tests/metrics.rs: OK
crates/borsuk/tests/mixture_workload_bench.rs: OK
crates/borsuk/tests/named_vectors.rs: OK
crates/borsuk/tests/package_metadata.rs: OK
crates/borsuk/tests/paged_delete_compaction.rs: OK
crates/borsuk/tests/performance_smoke.rs: OK
crates/borsuk/tests/physical_layout.rs: OK
crates/borsuk/tests/positioned_log.rs: OK
crates/borsuk/tests/pq4_public_api.rs: OK
crates/borsuk/tests/production_workload.rs: OK
crates/borsuk/tests/regex_filter.rs: OK
crates/borsuk/tests/rerank.rs: OK
crates/borsuk/tests/resident_graph_api.rs: OK
crates/borsuk/tests/rotated_two_bit.rs: OK
crates/borsuk/tests/s3_compatible.rs: OK
crates/borsuk/tests/s3_soak.rs: OK
crates/borsuk/tests/sparse_inverted_bench.rs: OK
crates/borsuk/tests/sparse_named_shard.rs: OK
crates/borsuk/tests/sparse_named_vectors.rs: OK
crates/borsuk/tests/storage_access_trace.rs: OK
crates/borsuk/tests/text_storage.rs: OK
crates/borsuk/tests/tracing_smoke.rs: OK
crates/borsuk/tests/turboquant_ab.rs: OK
crates/borsuk/tests/two_bit_application_ids.rs: OK
crates/borsuk/tests/two_bit_gc_delayed_delete.rs: OK
crates/borsuk/tests/two_bit_generation.rs: OK
crates/borsuk/tests/two_bit_source.rs: OK
crates/borsuk/tests/upsert.rs: OK
crates/borsuk/tests/v34_rank4.rs: OK
crates/borsuk/tests/v35_authority.rs: OK
crates/borsuk/tests/v35_build.rs: OK
crates/borsuk/tests/v35_delta.rs: OK
crates/borsuk/tests/v35_patch.rs: OK
crates/borsuk/tests/v35_projection.rs: OK
crates/borsuk/tests/v35_remote.rs: OK
crates/borsuk/tests/v35_route.rs: OK
crates/borsuk/tests/v36_funnel_authority.rs: OK
crates/borsuk/tests/v36_funnel_geometry.rs: OK
crates/borsuk/tests/v36_prefix_checkpoint.rs: OK
crates/borsuk/tests/v36_prefix_dataset.rs: OK
crates/borsuk/tests/v36_prefix_oracle.rs: OK
crates/borsuk/tests/v36_prefix_screen_authority.rs: OK
crates/borsuk/tests/vector_encoding.rs: OK
crates/borsuk/tests/wal.rs: OK
crates/borsuk/tests/workload_bench.rs: OK
docs/api.md: OK
docs/architecture.md: OK
docs/benchmarks.md: OK
docs/consistency.md: OK
docs/deployment-and-integrations.md: OK
docs/drop-in.md: OK
docs/handoff-2026-07-28.md: OK
docs/production-readiness.md: OK
docs/publication-notes.md: OK
docs/release/competitive-acceptance.md: OK
docs/release/native-source-order.md: OK
docs/release/rust-source-packages.md: OK
docs/release/rust-v0.1-rc-checklist.md: OK
docs/release/two-bit-generation.md: OK
docs/release/two-bit-source-builder.md: OK
docs/research/mutation-visibility-20260928/ranking-memory-harness.rs: OK
docs/research/query-ranking-admission-20260928/ranking-memory-harness.rs: OK
docs/storage-format.md: OK
docs/superpowers/plans/2026-08-27-standard-s3-v21-feasibility.md: OK
docs/superpowers/plans/2026-08-27-standard-s3-v22-diagnostic.md: OK
docs/superpowers/plans/2026-08-27-v21-dual-authority-diagnostic.md: OK
docs/superpowers/plans/2026-08-28-v23-diagnostic-qualification.md: OK
docs/superpowers/plans/2026-08-30-v23-clustered-page-prototype-falsifier.md: OK
docs/superpowers/plans/2026-08-30-v23-leaf-page-incidence-falsifier.md: OK
docs/superpowers/plans/2026-08-31-v23-residual-rabitq-row-cover-falsifier.md: OK
docs/superpowers/plans/2026-08-31-v23-tree-beam-page-incidence-falsifier.md: OK
docs/superpowers/plans/2026-09-01-v23-balanced-page-router.md: OK
docs/superpowers/plans/2026-09-01-v24-witness-page-router.md: OK
docs/superpowers/plans/2026-09-02-v25-rank-sharp-page-containment.md: OK
docs/superpowers/plans/2026-09-02-v26-dual-tree-page-layout.md: OK
docs/superpowers/plans/2026-09-03-v26-dual-pq-key-router.md: OK
docs/superpowers/plans/2026-09-03-v26-pq4-100m-fanout.md: OK
docs/superpowers/plans/2026-09-03-v26-pq4-fast-scan.md: OK
docs/superpowers/plans/2026-09-03-v26-pq4-production-promotion.md: OK
docs/superpowers/plans/2026-09-03-v27-s3-hierarchical-page-index.md: OK
docs/superpowers/plans/2026-09-03-v28-hierarchical-pq-s3-index.md: OK
docs/superpowers/plans/2026-09-04-v30-flat-leaf-page-centroid-routing.md: OK
docs/superpowers/plans/2026-09-04-v30-geometric-page-packing.md: OK
docs/superpowers/plans/2026-09-04-v30-variable-rate-hierarchical-pq-s3.md: OK
docs/superpowers/plans/2026-09-04-v31-residual-correction-falsifier.md: OK
docs/superpowers/plans/2026-09-04-v31-uncertainty-cover-pq-routing.md: OK
docs/superpowers/plans/2026-09-04-v32-quality-perfect-s3-serving.md: OK
docs/superpowers/plans/2026-09-05-v32-borrowed-parent-scorer.md: OK
docs/superpowers/plans/2026-09-05-v32-bounded-code-object-format.md: OK
docs/superpowers/plans/2026-09-05-v32-global-geometric-ownership.md: OK
docs/superpowers/plans/2026-09-05-v32-global-serving-baseline.md: OK
docs/superpowers/plans/2026-09-05-v32-selective-code-serving.md: OK
docs/superpowers/plans/2026-09-05-v32-virtual-geometric-page-repacking.md: OK
docs/superpowers/plans/2026-09-05-v33-shape-aware-group-routing.md: OK
docs/superpowers/plans/2026-09-05-v34-hierarchical-low-rank-routing.md: OK
docs/superpowers/plans/2026-09-05-v35-dimension-independent-s3-routing.md: OK
docs/superpowers/plans/2026-09-06-v36-funnel-three-qualification.md: OK
docs/superpowers/plans/2026-09-06-v36-prefix-screen.md: OK
docs/superpowers/plans/2026-09-12-v37-balanced-hyperplane-relation-router.md: OK
docs/superpowers/plans/2026-09-12-v38-query-blind-boundary-spill.md: OK
docs/superpowers/plans/2026-09-13-v40-boundary-spill-router-falsifier.md: OK
docs/superpowers/plans/2026-09-13-v41-learned-residual-page-router-falsifier.md: OK
docs/superpowers/plans/2026-09-20-native-ann-g1-row-width-screen.md: OK
docs/superpowers/plans/2026-09-20-native-hierarchical-delta-reader.md: OK
docs/superpowers/plans/2026-09-20-v98-hierarchical-row-router.md: OK
docs/superpowers/plans/2026-09-20-v99-ranked-gap-range-router.md: OK
docs/superpowers/plans/2026-09-21-bounded-native-release.md: OK
docs/superpowers/plans/2026-09-21-bounded-reader-next-result.md: OK
docs/superpowers/plans/2026-09-21-matched-s3-vectors-closeout.md: OK
docs/superpowers/plans/2026-09-21-native-geometric-layout-screen.md: OK
docs/superpowers/plans/2026-09-21-native-geometric-router-screen.md: OK
docs/superpowers/plans/2026-09-22-residual-row-score.md: OK
docs/superpowers/plans/2026-09-22-row-score-page-nomination.md: OK
docs/superpowers/plans/2026-09-23-hundred-thousand-opq8-row-router.md: OK
docs/superpowers/plans/2026-09-23-ninety-six-byte-row-score-fidelity.md: OK
docs/superpowers/plans/2026-09-23-one-million-adjacent-code-range-selector.md: OK
docs/superpowers/plans/2026-09-23-one-million-byte-only-routing-ceiling.md: OK
docs/superpowers/plans/2026-09-23-one-million-exact-source-range-diagnostic.md: OK
docs/superpowers/plans/2026-09-23-one-million-geometric-code-group-order.md: OK
docs/superpowers/plans/2026-09-23-one-million-opq8-data-range-selector.md: OK
docs/superpowers/plans/2026-09-23-one-million-opq8-original-layout.md: OK
docs/superpowers/plans/2026-09-23-one-million-page-dispersion-mass-routing.md: OK
docs/superpowers/plans/2026-09-23-one-million-page-representative-selector.md: OK
docs/superpowers/plans/2026-09-23-one-million-pq80-final-width-projection.md: OK
docs/superpowers/plans/2026-09-23-one-million-pq96-locality-projection.md: OK
docs/superpowers/plans/2026-09-23-page-centered-group-codes.md: OK
docs/superpowers/plans/2026-09-23-rotated-two-bit-one-million-selector.md: OK
docs/superpowers/plans/2026-09-23-rotated-two-bit-row-codes.md: OK
docs/superpowers/plans/2026-09-28-native-normalized-source.md: OK
docs/superpowers/plans/2026-09-28-native-package-smoke.md: OK
docs/superpowers/plans/2026-09-28-native-source-order.md: OK
docs/superpowers/plans/2026-09-28-native-sq8-parity.md: OK
docs/superpowers/plans/2026-09-28-native-sq8-source.md: OK
docs/superpowers/plans/2026-09-28-production-package-boundary.md: OK
docs/superpowers/plans/2026-09-28-two-bit-builder.md: OK
docs/superpowers/plans/2026-09-28-two-bit-generation.md: OK
docs/superpowers/plans/2026-09-28-two-bit-http-search.md: OK
docs/superpowers/plans/2026-09-28-two-bit-publication.md: OK
docs/superpowers/plans/2026-09-28-two-bit-query-boundary.md: OK
docs/superpowers/plans/2026-09-28-two-bit-source-builder.md: OK
docs/superpowers/plans/2026-09-28-validation-loss-diagnostic.md: OK
docs/superpowers/specs/2026-08-27-standard-s3-v21-cold-read-design.md: OK
docs/superpowers/specs/2026-08-27-standard-s3-v22-semantic-layout-design.md: OK
docs/superpowers/specs/2026-08-27-v21-dual-authority-diagnostic-design.md: OK
docs/superpowers/specs/2026-08-28-standard-s3-v23-code-posting-pages-design.md: OK
docs/superpowers/specs/2026-08-30-v23-clustered-page-prototype-falsifier-design.md: OK
docs/superpowers/specs/2026-08-30-v23-leaf-page-incidence-falsifier-design.md: OK
docs/superpowers/specs/2026-08-31-v23-residual-rabitq-row-cover-falsifier-design.md: OK
docs/superpowers/specs/2026-08-31-v23-tree-beam-page-incidence-falsifier-design.md: OK
docs/superpowers/specs/2026-09-01-v23-balanced-page-router-design.md: OK
docs/superpowers/specs/2026-09-01-v24-witness-page-router-design.md: OK
docs/superpowers/specs/2026-09-02-v25-rank-sharp-page-containment-design.md: OK
docs/superpowers/specs/2026-09-02-v26-dual-tree-page-layout-design.md: OK
docs/superpowers/specs/2026-09-03-v26-dual-pq-key-router-design.md: OK
docs/superpowers/specs/2026-09-03-v26-pq4-100m-fanout-design.md: OK
docs/superpowers/specs/2026-09-03-v26-pq4-fast-scan-design.md: OK
docs/superpowers/specs/2026-09-03-v26-pq4-production-promotion-design.md: OK
docs/superpowers/specs/2026-09-03-v27-s3-hierarchical-page-index-design.md: OK
docs/superpowers/specs/2026-09-03-v28-hierarchical-pq-s3-index-design.md: OK
docs/superpowers/specs/2026-09-04-v30-flat-leaf-page-centroid-routing-design.md: OK
docs/superpowers/specs/2026-09-04-v30-geometric-page-packing-design.md: OK
docs/superpowers/specs/2026-09-04-v30-variable-rate-hierarchical-pq-s3-design.md: OK
docs/superpowers/specs/2026-09-04-v31-residual-correction-falsifier-design.md: OK
docs/superpowers/specs/2026-09-04-v31-uncertainty-cover-pq-routing-design.md: OK
docs/superpowers/specs/2026-09-04-v32-quality-perfect-s3-serving-design.md: OK
docs/superpowers/specs/2026-09-05-v32-borrowed-parent-scorer-design.md: OK
docs/superpowers/specs/2026-09-05-v32-bounded-code-object-format-design.md: OK
docs/superpowers/specs/2026-09-05-v32-global-geometric-ownership-design.md: OK
docs/superpowers/specs/2026-09-05-v32-global-serving-baseline-design.md: OK
docs/superpowers/specs/2026-09-05-v32-selective-code-serving-design.md: OK
docs/superpowers/specs/2026-09-05-v32-virtual-geometric-page-repacking-design.md: OK
docs/superpowers/specs/2026-09-05-v33-shape-aware-group-routing-design.md: OK
docs/superpowers/specs/2026-09-05-v34-hierarchical-low-rank-routing-design.md: OK
docs/superpowers/specs/2026-09-05-v35-dimension-independent-s3-routing-design.md: OK
docs/superpowers/specs/2026-09-06-v36-funnel-three-qualification-design.md: OK
docs/superpowers/specs/2026-09-12-v37-balanced-hyperplane-relation-router-design.md: OK
docs/superpowers/specs/2026-09-12-v38-query-blind-boundary-spill-design.md: OK
docs/superpowers/specs/2026-09-13-v40-boundary-spill-router-falsifier-design.md: OK
docs/superpowers/specs/2026-09-13-v41-learned-residual-page-router-falsifier-design.md: OK
docs/superpowers/specs/2026-09-20-native-ann-g1-row-width-screen-design.md: OK
docs/superpowers/specs/2026-09-20-native-hierarchical-delta-reader-design.md: OK
docs/superpowers/specs/2026-09-20-v98-hierarchical-row-router-design.md: OK
docs/superpowers/specs/2026-09-20-v99-ranked-gap-range-router-design.md: OK
docs/superpowers/specs/2026-09-21-bounded-native-release-design.md: OK
docs/superpowers/specs/2026-09-21-native-geometric-ann-redesign-design.md: OK
docs/superpowers/specs/2026-09-23-hundred-thousand-opq8-paired-two-bit-design.md: OK
docs/superpowers/specs/2026-09-23-hundred-thousand-opq8-row-router-design.md: OK
docs/superpowers/specs/2026-09-23-ninety-six-byte-row-score-fidelity-design.md: OK
docs/superpowers/specs/2026-09-23-one-million-adjacent-code-range-selector-design.md: OK
docs/superpowers/specs/2026-09-23-one-million-byte-only-routing-ceiling-design.md: OK
docs/superpowers/specs/2026-09-23-one-million-exact-source-range-diagnostic-design.md: OK
docs/superpowers/specs/2026-09-23-one-million-geometric-code-group-order-design.md: OK
docs/superpowers/specs/2026-09-23-one-million-opq8-data-range-selector-design.md: OK
docs/superpowers/specs/2026-09-23-one-million-opq8-original-layout-design.md: OK
docs/superpowers/specs/2026-09-23-one-million-opq8-page-feasibility-design.md: OK
docs/superpowers/specs/2026-09-23-one-million-opq8-pq96-actual-read-design.md: OK
docs/superpowers/specs/2026-09-23-one-million-page-dispersion-mass-routing-design.md: OK
docs/superpowers/specs/2026-09-23-one-million-page-representative-selector-design.md: OK
docs/superpowers/specs/2026-09-23-one-million-pq80-final-width-projection-design.md: OK
docs/superpowers/specs/2026-09-23-one-million-pq96-locality-projection-design.md: OK
docs/superpowers/specs/2026-09-23-page-centered-group-codes-design.md: OK
docs/superpowers/specs/2026-09-23-rotated-two-bit-one-million-bridge-design.md: OK
docs/superpowers/specs/2026-09-23-rotated-two-bit-row-codes-design.md: OK
docs/web/app.js: OK
docs/web/assets/benchmarks/aws-cell-layout-fashion-2026-07-20.csv: OK
docs/web/assets/benchmarks/aws-cost-model-2026-07-20.csv: OK
docs/web/assets/benchmarks/aws-decode-cap-glove-2026-07-20.csv: OK
docs/web/assets/benchmarks/aws-gist-cell-layout-2026-07-20.csv: OK
docs/web/assets/benchmarks/aws-global-pq-v7-candidate-sweeps-2026-07-21.csv: OK
docs/web/assets/benchmarks/aws-global-pq-v7-glove-layouts-2026-07-21.csv: OK
docs/web/assets/benchmarks/aws-global-pq-v7-glove-production-repetitions-2026-07-21.csv: OK
docs/web/assets/benchmarks/aws-global-pq-v7-production-repetitions-2026-07-21.csv: OK
docs/web/assets/benchmarks/aws-glove-cell-layout-2026-07-20.csv: OK
docs/web/assets/benchmarks/aws-graph-optimization-fashion-2026-07-21.csv: OK
docs/web/assets/benchmarks/aws-graph-recall-latency-2026-07-21.csv: OK
docs/web/assets/benchmarks/aws-graph-selected-repetitions-2026-07-21.csv: OK
docs/web/assets/benchmarks/aws-methods-fashion-2026-07-20.csv: OK
docs/web/assets/benchmarks/aws-production-profiles.csv: OK
docs/web/assets/benchmarks/aws-production-repetitions-2026-07-20.csv: OK
docs/web/assets/benchmarks/aws-recall-latency-2026-07-20.csv: OK
docs/web/assets/benchmarks/aws-s3vectors-fashion-comparison.csv: OK
docs/web/assets/benchmarks/aws-uncapped-research-2026-07-20.csv: OK
docs/web/assets/benchmarks/aws-v8-packed-glove-production-repetitions-2026-07-21.csv: OK
docs/web/assets/benchmarks/aws-v8-packed-sift-deep-production-repetitions-2026-07-21.csv: OK
docs/web/assets/benchmarks/aws-v8-vector-ivf-production-repetitions-2026-07-21.csv: OK
docs/web/assets/benchmarks/aws-vortex-segment-replay-2026-07-24.csv: OK
docs/web/assets/benchmarks/aws-vortex-segment-replay-resources-2026-07-24.csv: OK
docs/web/assets/benchmarks/current-results.csv: OK
docs/web/assets/benchmarks/dataset-scaling.csv: OK
docs/web/assets/benchmarks/filtering.csv: OK
docs/web/assets/benchmarks/hundred-million-build.csv: OK
docs/web/assets/benchmarks/hundred-million-read.csv: OK
docs/web/assets/benchmarks/large-scale.csv: OK
docs/web/assets/benchmarks/lifecycle.csv: OK
docs/web/assets/benchmarks/local-cache-budget-control-2026-07-22.csv: OK
docs/web/assets/benchmarks/memory-scale.csv: OK
docs/web/assets/benchmarks/metric-pruning.csv: OK
docs/web/assets/benchmarks/mixture-workload.csv: OK
docs/web/assets/benchmarks/parallel.csv: OK
docs/web/assets/benchmarks/production_cold_warm.csv: OK
docs/web/assets/benchmarks/production_concurrency.csv: OK
docs/web/assets/benchmarks/production_recall.csv: OK
docs/web/assets/benchmarks/production_workload.csv: OK
docs/web/assets/benchmarks/production_write_costs.csv: OK
docs/web/assets/benchmarks/raw/2026-07-21/global-graph-product-code/README.md: OK
docs/web/assets/benchmarks/recall-latency/recall-latency-deep-image-96.svg: OK
docs/web/assets/benchmarks/recall-latency/recall-latency-fashion-mnist-784.svg: OK
docs/web/assets/benchmarks/recall-latency/recall-latency-gist-960.svg: OK
docs/web/assets/benchmarks/recall-latency/recall-latency-glove-100.svg: OK
docs/web/assets/benchmarks/recall-latency/recall-latency-nytimes-256.svg: OK
docs/web/assets/benchmarks/recall-latency/recall-latency-sift-128.svg: OK
docs/web/assets/benchmarks/resource-schema.csv: OK
docs/web/assets/benchmarks/resources/cell-layout-1024-broad.svg: OK
docs/web/assets/benchmarks/resources/cell-layout-1024-fine.svg: OK
docs/web/assets/benchmarks/resources/cell-layout-128-256-production-cell-128.svg: OK
docs/web/assets/benchmarks/resources/cell-layout-128-256-production-cell-256.svg: OK
docs/web/assets/benchmarks/resources/cell-layout-128-broad.svg: OK
docs/web/assets/benchmarks/resources/cell-layout-128-fine.svg: OK
docs/web/assets/benchmarks/resources/cell-layout-256-broad.svg: OK
docs/web/assets/benchmarks/resources/cell-layout-256-fine.svg: OK
docs/web/assets/benchmarks/resources/cell-layout-512-1024-production-cell-1024.svg: OK
docs/web/assets/benchmarks/resources/cell-layout-512-1024-production-cell-512.svg: OK
docs/web/assets/benchmarks/resources/cell-layout-512-broad.svg: OK
docs/web/assets/benchmarks/resources/cell-layout-512-final-cap16-cell-512-final.svg: OK
docs/web/assets/benchmarks/resources/cell-layout-512-fine.svg: OK
docs/web/assets/benchmarks/resources/cell-layout-decode-cap-cap-12.svg: OK
docs/web/assets/benchmarks/resources/cell-layout-decode-cap-cap-8.svg: OK
docs/web/assets/benchmarks/resources/gist512-build-recall-experiment.svg: OK
docs/web/assets/benchmarks/resources/gist512-fine-experiment.svg: OK
docs/web/assets/benchmarks/resources/glove-decode-cap-cap-16.svg: OK
docs/web/assets/benchmarks/resources/glove-decode-cap-cap-24.svg: OK
docs/web/assets/benchmarks/resources/glove-decode-cap-cap-32.svg: OK
docs/web/assets/benchmarks/resources/method-sweeps-fashion-mnist-784-flat-scan.svg: OK
docs/web/assets/benchmarks/resources/method-sweeps-fashion-mnist-784-graph.svg: OK
docs/web/assets/benchmarks/resources/method-sweeps-fashion-mnist-784-sq-scan.svg: OK
docs/web/assets/benchmarks/resources/normalized-build-glove-100.svg: OK
docs/web/assets/benchmarks/resources/normalized-build-nytimes-256.svg: OK
docs/web/assets/benchmarks/resources/nytimes-256-r15-boundary-experiment.svg: OK
docs/web/assets/benchmarks/resources/production-current-deep-image-96-rep-1.svg: OK
docs/web/assets/benchmarks/resources/production-current-deep-image-96-rep-2.svg: OK
docs/web/assets/benchmarks/resources/production-current-deep-image-96-rep-3.svg: OK
docs/web/assets/benchmarks/resources/production-current-fashion-mnist-784-rep-1.svg: OK
docs/web/assets/benchmarks/resources/production-current-fashion-mnist-784-rep-2.svg: OK
docs/web/assets/benchmarks/resources/production-current-fashion-mnist-784-rep-3.svg: OK
docs/web/assets/benchmarks/resources/production-current-gist-960-rep-1.svg: OK
docs/web/assets/benchmarks/resources/production-current-gist-960-rep-2.svg: OK
docs/web/assets/benchmarks/resources/production-current-gist-960-rep-3.svg: OK
docs/web/assets/benchmarks/resources/production-current-nytimes-256-rep-1.svg: OK
docs/web/assets/benchmarks/resources/production-current-nytimes-256-rep-2.svg: OK
docs/web/assets/benchmarks/resources/production-current-nytimes-256-rep-3.svg: OK
docs/web/assets/benchmarks/resources/production-current-sift-128-rep-1.svg: OK
docs/web/assets/benchmarks/resources/production-current-sift-128-rep-2.svg: OK
docs/web/assets/benchmarks/resources/production-current-sift-128-rep-3.svg: OK
docs/web/assets/benchmarks/resources/production-deep-image-96.svg: OK
docs/web/assets/benchmarks/resources/production-fashion-mnist-784-matched.svg: OK
docs/web/assets/benchmarks/resources/production-fashion-mnist-784.svg: OK
docs/web/assets/benchmarks/resources/production-final-deep-image-96.svg: OK
docs/web/assets/benchmarks/resources/production-final-fashion-mnist-784.svg: OK
docs/web/assets/benchmarks/resources/production-final-gist-512-experiment.svg: OK
docs/web/assets/benchmarks/resources/production-final-gist-960.svg: OK
docs/web/assets/benchmarks/resources/production-final-glove-100-experiment.svg: OK
docs/web/assets/benchmarks/resources/production-final-nytimes-256.svg: OK
docs/web/assets/benchmarks/resources/production-final-sift-128.svg: OK
docs/web/assets/benchmarks/resources/production-gist-960.svg: OK
docs/web/assets/benchmarks/resources/production-glove-100.svg: OK
docs/web/assets/benchmarks/resources/production-glove4096-cap-24-rep-1.svg: OK
docs/web/assets/benchmarks/resources/production-glove4096-cap-24-rep-2.svg: OK
docs/web/assets/benchmarks/resources/production-glove4096-cap-24-rep-3.svg: OK
docs/web/assets/benchmarks/resources/production-glove4096-cap-32-rep-1.svg: OK
docs/web/assets/benchmarks/resources/production-glove4096-cap-32-rep-2.svg: OK
docs/web/assets/benchmarks/resources/production-glove4096-cap-32-rep-3.svg: OK
docs/web/assets/benchmarks/resources/production-nytimes-256.svg: OK
docs/web/assets/benchmarks/resources/production-pq-only-fashion-rep-1.svg: OK
docs/web/assets/benchmarks/resources/production-pq-only-fashion-rep-2.svg: OK
docs/web/assets/benchmarks/resources/production-pq-only-fashion-rep-3.svg: OK
docs/web/assets/benchmarks/resources/production-repeat-deep-image-96.svg: OK
docs/web/assets/benchmarks/resources/production-repeat-fashion-mnist-784.svg: OK
docs/web/assets/benchmarks/resources/production-repeat-gist-960.svg: OK
docs/web/assets/benchmarks/resources/production-repeat-glove-100.svg: OK
docs/web/assets/benchmarks/resources/production-repeat-nytimes-256.svg: OK
docs/web/assets/benchmarks/resources/production-repeat-sift-128.svg: OK
docs/web/assets/benchmarks/resources/production-sift-128.svg: OK
docs/web/assets/benchmarks/resources/recall-current-fashion-experiment.svg: OK
docs/web/assets/benchmarks/resources/recall-deep-image-96.svg: OK
docs/web/assets/benchmarks/resources/recall-fashion-mnist-784.svg: OK
docs/web/assets/benchmarks/resources/recall-gist-960.svg: OK
docs/web/assets/benchmarks/resources/recall-glove-100.svg: OK
docs/web/assets/benchmarks/resources/recall-matrix-glove-100.svg: OK
docs/web/assets/benchmarks/resources/recall-matrix-nytimes-256.svg: OK
docs/web/assets/benchmarks/resources/recall-nytimes-256.svg: OK
docs/web/assets/benchmarks/resources/recall-sift-128.svg: OK
docs/web/assets/benchmarks/resources/s3-match-candidates-experiment.svg: OK
docs/web/assets/benchmarks/resources/s3-match-recall-experiment.svg: OK
docs/web/assets/benchmarks/resources/s3-match-selected-experiment.svg: OK
docs/web/assets/benchmarks/resources/s3-match-width-width-11.svg: OK
docs/web/assets/benchmarks/resources/s3-match-width-width-16.svg: OK
docs/web/assets/benchmarks/resources/s3-match-width-width-22.svg: OK
docs/web/assets/benchmarks/resources/s3-match-width-width-8.svg: OK
docs/web/assets/benchmarks/resources/s3-vectors-fashion-ingest.svg: OK
docs/web/assets/benchmarks/resources/s3-vectors-fashion-query.svg: OK
docs/web/assets/benchmarks/resources/standard-methods-fashion-mnist-784-flat-scan.svg: OK
docs/web/assets/benchmarks/resources/standard-methods-fashion-mnist-784-graph.svg: OK
docs/web/assets/benchmarks/resources/standard-methods-fashion-mnist-784-hybrid.svg: OK
docs/web/assets/benchmarks/resources/standard-methods-fashion-mnist-784-pq-scan.svg: OK
docs/web/assets/benchmarks/resources/standard-methods-fashion-mnist-784-sq-scan.svg: OK
docs/web/assets/benchmarks/resources/standard-methods-fashion-mnist-784-vamana-pq.svg: OK
docs/web/assets/benchmarks/resources/uncapped-deep-image-96.svg: OK
docs/web/assets/benchmarks/resources/uncapped-fashion-mnist-784.svg: OK
docs/web/assets/benchmarks/resources/uncapped-gist-960.svg: OK
docs/web/assets/benchmarks/resources/uncapped-glove-100.svg: OK
docs/web/assets/benchmarks/resources/uncapped-nytimes-256.svg: OK
docs/web/assets/benchmarks/resources/uncapped-sift-128.svg: OK
docs/web/assets/benchmarks/resources/width-fashion-recall-1.svg: OK
docs/web/assets/benchmarks/resources/width-glove-width32.svg: OK
docs/web/assets/benchmarks/resources/width-glove-width64.svg: OK
docs/web/assets/benchmarks/routing-overfetch.csv: OK
docs/web/assets/benchmarks/scale.csv: OK
docs/web/assets/benchmarks/sequential.csv: OK
docs/web/assets/benchmarks/sparse_inverted.csv: OK
docs/web/assets/benchmarks/sparsity.csv: OK
docs/web/assets/benchmarks/standard-method-matrix/coverage.csv: OK
docs/web/assets/benchmarks/workload.csv: OK
docs/web/assets/charts/aws-vortex-segment-replay-2026-07-24-experiment.svg: OK
docs/web/assets/charts/aws-vortex-segment-replay-2026-07-24.svg: OK
docs/web/assets/charts/fresh-fashion-scan-codecs-2026-07-22-fashion-mnist-784-srht-64b.svg: OK
docs/web/assets/charts/fresh-fashion-scan-codecs-2026-07-22-fashion-mnist-784-turboquant-mse-4bit.svg: OK
docs/web/assets/charts/fresh-fashion-scan-codecs-2026-07-22-fashion-mnist-784-turboquant-prod-4bit.svg: OK
docs/web/assets/charts/global-pq-v7-candidate-sweeps/recall-latency-gist-960.svg: OK
docs/web/assets/charts/global-pq-v7-candidate-sweeps/recall-latency-nytimes-256.svg: OK
docs/web/assets/charts/global-pq-v7-fashion-mnist-784-v1-serving-run-1.svg: OK
docs/web/assets/charts/global-pq-v7-fashion-mnist-784-v1-serving-run-2.svg: OK
docs/web/assets/charts/global-pq-v7-fashion-mnist-784-v1-serving-run-3.svg: OK
docs/web/assets/charts/global-pq-v7-glove-locality-sorted-v4-serving-run-1.svg: OK
docs/web/assets/charts/global-pq-v7-glove-locality-sorted-v4-serving-run-2.svg: OK
docs/web/assets/charts/global-pq-v7-glove-locality-sorted-v4-serving-run-3.svg: OK
docs/web/assets/charts/global-pq-v7-nytimes-256-v1-serving-run-1.svg: OK
docs/web/assets/charts/global-pq-v7-nytimes-256-v1-serving-run-2.svg: OK
docs/web/assets/charts/global-pq-v7-nytimes-256-v1-serving-run-3.svg: OK
docs/web/assets/charts/global-pq-v7-sift-128-v1-serving-run-1.svg: OK
docs/web/assets/charts/global-pq-v7-sift-128-v1-serving-run-2.svg: OK
docs/web/assets/charts/global-pq-v7-sift-128-v1-serving-run-3.svg: OK
docs/web/assets/charts/graph-optimization/graph-selected-graph-512-stage-run-1.svg: OK
docs/web/assets/charts/graph-optimization/graph-selected-graph-run-1.svg: OK
docs/web/assets/charts/graph-optimization/graph-selected-graph-run-2.svg: OK
docs/web/assets/charts/graph-optimization/graph-selected-graph-run-3.svg: OK
docs/web/assets/charts/graph-optimization/graph-selected-pq-scan-run-1.svg: OK
docs/web/assets/charts/graph-optimization/graph-selected-pq-scan-run-2.svg: OK
docs/web/assets/charts/graph-optimization/graph-selected-pq-scan-run-3.svg: OK
docs/web/assets/charts/graph-optimization/graph-selected-vamana-pq-run-1.svg: OK
docs/web/assets/charts/graph-optimization/graph-selected-vamana-pq-run-2.svg: OK
docs/web/assets/charts/graph-optimization/graph-selected-vamana-pq-run-3.svg: OK
docs/web/assets/charts/graph-optimization/recall-latency-fashion-graph-optimized.svg: OK
docs/web/assets/charts/paper-recreated-final/global-pq-v7-fashion-mnist-784-rep-1.svg: OK
docs/web/assets/charts/paper-recreated-final/global-pq-v7-fashion-mnist-784-rep-2.svg: OK
docs/web/assets/charts/paper-recreated-final/global-pq-v7-fashion-mnist-784-rep-3.svg: OK
docs/web/assets/charts/paper-recreated-final/global-pq-v7-glove-100-rep-1.svg: OK
docs/web/assets/charts/paper-recreated-final/global-pq-v7-glove-100-rep-2.svg: OK
docs/web/assets/charts/paper-recreated-final/global-pq-v7-glove-100-rep-3.svg: OK
docs/web/assets/charts/paper-recreated-final/global-pq-v7-nytimes-256-rep-1.svg: OK
docs/web/assets/charts/paper-recreated-final/global-pq-v7-nytimes-256-rep-2.svg: OK
docs/web/assets/charts/paper-recreated-final/global-pq-v7-nytimes-256-rep-3.svg: OK
docs/web/assets/charts/production-glove2048-cap24-experiment.svg: OK
docs/web/assets/charts/production-glove2048-cap32-experiment.svg: OK
docs/web/assets/charts/production-glove2048-cap32-rep2-experiment.svg: OK
docs/web/assets/charts/production-glove2048-cap32-rep3-experiment.svg: OK
docs/web/assets/charts/v8-global-coarse/v8-global-coarse-deep-image-96-r2.svg: OK
docs/web/assets/charts/v8-global-coarse/v8-global-coarse-fashion-mnist-784-frontier-r2.svg: OK
docs/web/assets/charts/v8-global-coarse/v8-global-coarse-fashion-mnist-784-r1.svg: OK
docs/web/assets/charts/v8-global-coarse/v8-global-coarse-glove-100-r1.svg: OK
docs/web/assets/charts/v8-vector-ivf/deep-image-96-r1-rejected-old-layout/resources/deep-image-96-r1-rejected-experiment.svg: OK
docs/web/assets/charts/v8-vector-ivf/deep-image-96-r2-code64-old-locality-build/experiment-experiment.svg: OK
docs/web/assets/charts/v8-vector-ivf/deep-image-96-r3-code64-io24-width16/experiment-experiment.svg: OK
docs/web/assets/charts/v8-vector-ivf/deep-image-96-r3-code64-io24-width16/recall-latency-deep-image-96.svg: OK
docs/web/assets/charts/v8-vector-ivf/deep-image-96-r4-packed-hierarchical64/experiment-experiment.svg: OK
docs/web/assets/charts/v8-vector-ivf/deep-image-96-r4-packed-hierarchical64/recall-latency-deep-image-96-angular.svg: OK
docs/web/assets/charts/v8-vector-ivf/deep-image-96-r5-hierarchical-candidates/recall-latency-deep-image-96-angular.svg: OK
docs/web/assets/charts/v8-vector-ivf/deep-image-96-r5-hierarchical-candidates/resources-r5-experiment.svg: OK
docs/web/assets/charts/v8-vector-ivf/deep-image-96-r5b-candidate512/resources-r5b-experiment.svg: OK
docs/web/assets/charts/v8-vector-ivf/deep-image-96-r6-production-rep1/production-rep1-experiment.svg: OK
docs/web/assets/charts/v8-vector-ivf/deep-image-96-r7-production-rep2/production-rep2-experiment.svg: OK
docs/web/assets/charts/v8-vector-ivf/deep-image-96-r8-production-rep3/production-rep3-experiment.svg: OK
docs/web/assets/charts/v8-vector-ivf/fashion-mnist-784-r10-production-rep2/production-rep2-experiment.svg: OK
docs/web/assets/charts/v8-vector-ivf/fashion-mnist-784-r11-production-rep3/production-rep3-experiment.svg: OK
docs/web/assets/charts/v8-vector-ivf/fashion-mnist-784-r7-hierarchical/experiment-experiment.svg: OK
docs/web/assets/charts/v8-vector-ivf/fashion-mnist-784-r7-hierarchical/recall-latency-fashion-mnist-784.svg: OK
docs/web/assets/charts/v8-vector-ivf/fashion-mnist-784-r8-packed-adaptive/experiment-experiment.svg: OK
docs/web/assets/charts/v8-vector-ivf/fashion-mnist-784-r8-packed-adaptive/recall-latency-fashion-mnist-784-euclidean.svg: OK
docs/web/assets/charts/v8-vector-ivf/fashion-mnist-784-r9-production-rep1/production-rep1-experiment.svg: OK
docs/web/assets/charts/v8-vector-ivf/gist-960-r10-code128-candidates/candidates-experiment.svg: OK
docs/web/assets/charts/v8-vector-ivf/gist-960-r10-code128-candidates/recall-latency-gist-960.svg: OK
docs/web/assets/charts/v8-vector-ivf/gist-960-r11-code128-candidate-boundary/boundary-experiment.svg: OK
docs/web/assets/charts/v8-vector-ivf/gist-960-r11-code128-candidate-boundary/recall-latency-gist-960.svg: OK
docs/web/assets/charts/v8-vector-ivf/gist-960-r12-code256-probe24-candidates/candidates-experiment.svg: OK
docs/web/assets/charts/v8-vector-ivf/gist-960-r12-code256-probe24-candidates/recall-latency-gist-960.svg: OK
docs/web/assets/charts/v8-vector-ivf/gist-960-r13-code256-probe16-candidates/candidates-experiment.svg: OK
docs/web/assets/charts/v8-vector-ivf/gist-960-r13-code256-probe16-candidates/recall-latency-gist-960.svg: OK
docs/web/assets/charts/v8-vector-ivf/gist-960-r14-production-rep1/production-rep1-experiment.svg: OK
docs/web/assets/charts/v8-vector-ivf/gist-960-r15-production-rep2/production-rep2-experiment.svg: OK
docs/web/assets/charts/v8-vector-ivf/gist-960-r16-production-rep3/production-rep3-experiment.svg: OK
docs/web/assets/charts/v8-vector-ivf/gist-960-r17-production-default-rebuild/default-rebuild-experiment.svg: OK
docs/web/assets/charts/v8-vector-ivf/gist-960-r8-packed-adaptive/experiment-experiment.svg: OK
docs/web/assets/charts/v8-vector-ivf/gist-960-r8-packed-adaptive/recall-latency-gist-960.svg: OK
docs/web/assets/charts/v8-vector-ivf/gist-960-r9-code256/experiment-experiment.svg: OK
docs/web/assets/charts/v8-vector-ivf/gist-960-r9-code256/recall-latency-gist-960.svg: OK
docs/web/assets/charts/v8-vector-ivf/glove-100-r10-rejected-hard-parent-1024/experiment-experiment.svg: OK
docs/web/assets/charts/v8-vector-ivf/glove-100-r10-rejected-hard-parent-1024/recall-latency-glove-100.svg: OK
docs/web/assets/charts/v8-vector-ivf/glove-100-r11-rejected-parent4-1024/experiment-experiment.svg: OK
docs/web/assets/charts/v8-vector-ivf/glove-100-r11-rejected-parent4-1024/recall-latency-glove-100.svg: OK
docs/web/assets/charts/v8-vector-ivf/glove-100-r12-adaptive-flat256/experiment-experiment.svg: OK
docs/web/assets/charts/v8-vector-ivf/glove-100-r12-adaptive-flat256/recall-latency-glove-100.svg: OK
docs/web/assets/charts/v8-vector-ivf/glove-100-r13-product2x64/experiment-experiment.svg: OK
docs/web/assets/charts/v8-vector-ivf/glove-100-r13-product2x64/recall-latency-glove-100-angular.svg: OK
docs/web/assets/charts/v8-vector-ivf/glove-100-r14-packed-flat256/experiment-experiment.svg: OK
docs/web/assets/charts/v8-vector-ivf/glove-100-r14-packed-flat256/recall-latency-glove-100-angular.svg: OK
docs/web/assets/charts/v8-vector-ivf/glove-100-r15-packed-production-rep1/experiment-experiment.svg: OK
docs/web/assets/charts/v8-vector-ivf/glove-100-r2-rejected-256-cells/resources/glove-100-r2-rejected-experiment.svg: OK
docs/web/assets/charts/v8-vector-ivf/glove-100-r4-rejected-cpu-bound-io/experiment-experiment.svg: OK
docs/web/assets/charts/v8-vector-ivf/glove-100-r4-rejected-cpu-bound-io/recall-latency-glove-100.svg: OK
docs/web/assets/charts/v8-vector-ivf/glove-100-r5-io24-width8/experiment-experiment.svg: OK
docs/web/assets/charts/v8-vector-ivf/glove-100-r5-io24-width8/recall-latency-glove-100.svg: OK
docs/web/assets/charts/v8-vector-ivf/glove-100-r6-io24-width16/experiment-experiment.svg: OK
docs/web/assets/charts/v8-vector-ivf/glove-100-r6-io24-width16/recall-latency-glove-100.svg: OK
docs/web/assets/charts/v8-vector-ivf/glove-100-r9-rejected-hierarchical-4096/experiment-experiment.svg: OK
docs/web/assets/charts/v8-vector-ivf/glove-100-r9-rejected-hierarchical-4096/recall-latency-glove-100.svg: OK
docs/web/assets/charts/v8-vector-ivf/nytimes-256-r10-packed-code256/experiment-experiment.svg: OK
docs/web/assets/charts/v8-vector-ivf/nytimes-256-r10-packed-code256/recall-latency-nytimes-256-angular.svg: OK
docs/web/assets/charts/v8-vector-ivf/nytimes-256-r11-code256-candidates/experiment-experiment.svg: OK
docs/web/assets/charts/v8-vector-ivf/nytimes-256-r11-code256-candidates/recall-latency-nytimes-256-angular.svg: OK
docs/web/assets/charts/v8-vector-ivf/nytimes-256-r12-production-rep1/production-rep1-experiment.svg: OK
docs/web/assets/charts/v8-vector-ivf/nytimes-256-r13-production-rep2/production-rep2-experiment.svg: OK
docs/web/assets/charts/v8-vector-ivf/nytimes-256-r14-fine-probes/experiment-experiment.svg: OK
docs/web/assets/charts/v8-vector-ivf/nytimes-256-r14-fine-probes/recall-latency-nytimes-256-angular.svg: OK
docs/web/assets/charts/v8-vector-ivf/nytimes-256-r16-production-rep3/production-rep3-experiment.svg: OK
docs/web/assets/charts/v8-vector-ivf/nytimes-256-r2-adaptive-flat256/experiment-experiment.svg: OK
docs/web/assets/charts/v8-vector-ivf/nytimes-256-r2-adaptive-flat256/recall-latency-nytimes-256.svg: OK
docs/web/assets/charts/v8-vector-ivf/nytimes-256-r3-product2x64/experiment-experiment.svg: OK
docs/web/assets/charts/v8-vector-ivf/nytimes-256-r3-product2x64/recall-latency-nytimes-256-angular.svg: OK
docs/web/assets/charts/v8-vector-ivf/nytimes-256-r4-packed-flat256/experiment-experiment.svg: OK
docs/web/assets/charts/v8-vector-ivf/nytimes-256-r4-packed-flat256/recall-latency-nytimes-256-angular.svg: OK
docs/web/assets/charts/v8-vector-ivf/nytimes-256-r5-packed-candidates/recall-latency-nytimes-256-angular.svg: OK
docs/web/assets/charts/v8-vector-ivf/nytimes-256-r6-packed-code128/recall-latency-nytimes-256-angular.svg: OK
docs/web/assets/charts/v8-vector-ivf/sift-128-r1-rejected-hierarchical-4096/experiment-experiment.svg: OK
docs/web/assets/charts/v8-vector-ivf/sift-128-r1-rejected-hierarchical-4096/recall-latency-sift-128.svg: OK
docs/web/assets/charts/v8-vector-ivf/sift-128-r2-hard-parent-1024/experiment-experiment.svg: OK
docs/web/assets/charts/v8-vector-ivf/sift-128-r2-hard-parent-1024/recall-latency-sift-128.svg: OK
docs/web/assets/charts/v8-vector-ivf/sift-128-r3-packed-adaptive/experiment-experiment.svg: OK
docs/web/assets/charts/v8-vector-ivf/sift-128-r3-packed-adaptive/recall-latency-sift-128-euclidean.svg: OK
docs/web/assets/charts/v8-vector-ivf/sift-128-r4-production-rep1/production-rep1-experiment.svg: OK
docs/web/assets/charts/v8-vector-ivf/sift-128-r5-production-rep2/production-rep2-experiment.svg: OK
docs/web/assets/charts/v8-vector-ivf/sift-128-r6-production-rep3/production-rep3-experiment.svg: OK
docs/web/assets/charts/v8-vector-ivf/synthetic-clustered-100m-96-r1-generate/generation-experiment.svg: OK
docs/web/assets/charts/v8-vector-ivf/synthetic-clustered-100m-96-r2-default-build/recall-latency-synthetic-clustered-100m-96.svg: OK
docs/web/assets/charts/v8-vector-ivf/synthetic-clustered-100m-96-r2-default-build/resources-experiment.svg: OK
docs/web/assets/charts/v8-vector-ivf/v8-vector-ivf-fashion-mnist-784-r1.svg: OK
docs/web/assets/charts/v8-vector-ivf/v8-vector-ivf-fashion-mnist-784-r2-production-experiment.svg: OK
docs/web/assets/charts/v8-vector-ivf/v8-vector-ivf-fashion-mnist-784-r3-production-experiment.svg: OK
docs/web/assets/charts/v8-vector-ivf/v8-vector-ivf-fashion-mnist-784-r4-production-thread-cap-experiment.svg: OK
docs/web/assets/charts/v8-vector-ivf/v8-vector-ivf-fashion-mnist-784-r5-production-thread-cap-experiment.svg: OK
docs/web/assets/charts/v8-vector-ivf/v8-vector-ivf-fashion-mnist-784-r6-final-experiment.svg: OK
docs/web/assets/charts/v8-vector-ivf/v8-vector-ivf-glove-100-r1-rejected-4096-cells-experiment.svg: OK
docs/web/assets/hero.png: OK
docs/web/docs.html: OK
docs/web/hero3d.js: OK
docs/web/index.html: OK
docs/web/landing.css: OK
docs/web/lifecycle3d.js: OK
docs/web/metadata3d.js: OK
docs/web/research.html: OK
docs/web/styles.css: OK
docs/web/viz3d.js: OK
examples/minio/README.md: OK
examples/minio/compose.yaml: OK
examples/minio/run-smoke.sh: OK
examples/rag/README.md: OK
examples/rag/langchain_rag.py: OK
examples/rag/rag_chat.py: OK
examples/rag/simple_rag.py: OK
examples/seaweedfs/README.md: OK
examples/seaweedfs/compose.yaml: OK
examples/seaweedfs/run-smoke.sh: OK
examples/seaweedfs/s3.json: OK
formal/AdaptiveRerank.lean: OK
formal/BudgetedPageAdmission.lean: OK
formal/ConditionalRecallWindow.lean: OK
formal/FlatRouterScaling.lean: OK
formal/GraphGenerationResources.lean: OK
formal/IntervalLatticeNormalization.lean: OK
formal/NomineePrimaryStability.lean: OK
formal/Opq8Planner.lean: OK
formal/PageSeededGraphBounds.lean: OK
formal/PhysicalIntervalBudget.lean: OK
formal/PredictedIntervalGuarantees.lean: OK
formal/PrimaryRunBudget.lean: OK
formal/README.md: OK
formal/ResidentExactnessLowerBound.lean: OK
formal/ResidentFp16Resources.lean: OK
formal/RowMapPayload.lean: OK
formal/ScoredNeighborField.lean: OK
formal/SmoothPageBudget.lean: OK
formal/SourceRangeFidelity.lean: OK
formal/UnitBoundAdmission.lean: OK
formal/UnitCentroidScaling.lean: OK
formal/UnitNeighborhoodBounds.lean: OK
formal/lean-toolchain: OK
packages/borsuk/LICENSE: OK
packages/borsuk/README.md: OK
packages/borsuk/examples/cookbook.ts: OK
packages/borsuk/examples/docs-ladder.ts: OK
packages/borsuk/examples/local-index.ts: OK
packages/borsuk/examples/s3-index.ts: OK
packages/borsuk/package-lock.json: OK
packages/borsuk/package.json: OK
packages/borsuk/src/compat/common.ts: OK
packages/borsuk/src/compat/pinecone.ts: OK
packages/borsuk/src/compat/s3vectors.ts: OK
packages/borsuk/src/compat/turbopuffer.ts: OK
packages/borsuk/src/index.ts: OK
packages/borsuk/test/api.test.ts: OK
packages/borsuk/test/compat.test.ts: OK
packages/borsuk/test/examples.test.ts: OK
packages/borsuk/test/package.test.ts: OK
packages/borsuk/test/parity.test.ts: OK
packages/borsuk/test/runtime.test.ts: OK
packages/borsuk/test/warm.test.ts: OK
packages/borsuk/tsconfig.json: OK
python/LICENSE: OK
python/README.md: OK
python/examples/cookbook.py: OK
python/examples/docs_ladder.py: OK
python/examples/local_index.py: OK
python/examples/s3_index.py: OK
python/pyproject.toml: OK
python/src/borsuk/__init__.py: OK
python/src/borsuk/__init__.pyi: OK
python/src/borsuk/compat/__init__.py: OK
python/src/borsuk/compat/_common.py: OK
python/src/borsuk/compat/chroma.py: OK
python/src/borsuk/compat/langchain.py: OK
python/src/borsuk/compat/pinecone.py: OK
python/src/borsuk/compat/qdrant.py: OK
python/src/borsuk/compat/s3vectors.py: OK
python/src/borsuk/compat/turbopuffer.py: OK
python/src/borsuk/py.typed: OK
python/tests/test_api.py: OK
python/tests/test_compat.py: OK
python/tests/test_examples.py: OK
python/tests/test_package.py: OK
python/tests/test_parity.py: OK
python/tests/test_warm.py: OK
python/tests/typing_usage.py: OK
python/uv.lock: OK
ruff.toml: OK
scripts/analyze_publication_claims.py: OK
scripts/analyze_storage_layout_qualification.py: OK
scripts/analyze_wal_layout_qualification.py: OK
scripts/assemble_storage_layout_qualification.py: OK
scripts/audit_cohere_top32_closed.py: OK
scripts/audit_fresh_cohere_vectors.py: OK
scripts/audit_hierarchical_100k_coverage_ceilings.py: OK
scripts/audit_native_union_fresh_novelty.py: OK
scripts/audit_v36_ranked_physical_ids.py: OK
scripts/bench_100m_code_ranges.sh: OK
scripts/bench_approximate_first_qualification.sh: OK
scripts/bench_cache_execution_matrix.sh: OK
scripts/bench_external_control_matrix.sh: OK
scripts/bench_format_qualification_aws.sh: OK
scripts/bench_format_tuning_aws.sh: OK
scripts/bench_global_cell_stripe_confirmation.sh: OK
scripts/bench_global_cell_stripes.sh: OK
scripts/bench_global_range_hedge_qualification.sh: OK
scripts/bench_graph_promotion.py: OK
scripts/bench_group_commit_diagnostic.sh: OK
scripts/bench_group_commit_scalability.sh: OK
scripts/bench_hybrid_retrieval_matrix.sh: OK
scripts/bench_logical_cell_routing.py: OK
scripts/bench_logical_cell_routing.sh: OK
scripts/bench_mixed_cell_graph_matrix.sh: OK
scripts/bench_object_store_floor.sh: OK
scripts/bench_production_lifecycle_aws.sh: OK
scripts/bench_publication_aws.sh: OK
scripts/bench_publication_v2_aws.sh: OK
scripts/bench_publication_v3_aws.sh: OK
scripts/bench_realistic_durable_write.sh: OK
scripts/bench_s3_full.sh: OK
scripts/bench_s3_vectors_matrix.sh: OK
scripts/bench_scan_codec_matrix.sh: OK
scripts/bench_simd_datatype_matrix.sh: OK
scripts/bench_standard_method_matrix.sh: OK
scripts/bench_storage_layout_qualification_aws.sh: OK
scripts/bench_wal_layout_qualification_aws.sh: OK
scripts/benchmark_borsuk_table_formats.py: OK
scripts/benchmark_faiss.py: OK
scripts/benchmark_s3.py: OK
scripts/benchmark_s3_vectors.py: OK
scripts/benchmark_s3_vectors_parquet.py: OK
scripts/benchmark_table_formats.py: OK
scripts/benchmark_turboquant_reference.py: OK
scripts/benchmark_turbovec.py: OK
scripts/benchmark_vector_formats.py: OK
scripts/benchmark_with_resources.py: OK
scripts/build_borsuk_benchmark_table.py: OK
scripts/build_cohere_1m_source.py: OK
scripts/build_v24_reduced_fixture.py: OK
scripts/build_v25_containment_open.py: OK
scripts/build_v30_reduced_truth.py: OK
scripts/certify_native_progressive_transfer_floor.py: OK
scripts/certify_v178_primary_gap.py: OK
scripts/check_bounded_publication_implementation.sh: OK
scripts/check_budget_object_fitter_implementation.sh: OK
scripts/check_budget_object_selector_implementation.sh: OK
scripts/check_cell_overlap_implementation.sh: OK
scripts/check_co_selection_implementation.sh: OK
scripts/check_cohere1024_implementation.sh: OK
scripts/check_cohere_closed_panel_construction.py: OK
scripts/check_cohere_cohort_implementation.sh: OK
scripts/check_cohere_sq8_builder.sh: OK
scripts/check_constrained_split_implementation.sh: OK
scripts/check_exact_sq8_runtime.sh: OK
scripts/check_fine_source_layout.py: OK
scripts/check_fine_sq8_implementation.sh: OK
scripts/check_fixed48_implementation.sh: OK
scripts/check_fresh_1m_scope.py: OK
scripts/check_fresh_cohere_source.py: OK
scripts/check_fresh_launcher.py: OK
scripts/check_hierarchical_cells_implementation.sh: OK
scripts/check_http_four_slot_authority.py: OK
scripts/check_http_peer_build.py: OK
scripts/check_http_peer_listener.py: OK
scripts/check_http_topk_authority.py: OK
scripts/check_http_two_slot_authority.py: OK
scripts/check_locality_source_layout.py: OK
scripts/check_native_cargo_pilot.py: OK
scripts/check_native_centroid_bulk_build.py: OK
scripts/check_native_cold_critical_path.py: OK
scripts/check_native_cold_first_query.py: OK
scripts/check_native_cold_offered.py: OK
scripts/check_native_cold_offered_resources.py: OK
scripts/check_native_memory_authority.py: OK
scripts/check_native_metadata_geometry.py: OK
scripts/check_native_metadata_geometry_build.py: OK
scripts/check_native_metadata_ranges_build.py: OK
scripts/check_native_metadata_ranges_cold.py: OK
scripts/check_native_metadata_ranges_stats.py: OK
scripts/check_native_paged_source_build.py: OK
scripts/check_native_paged_source_stats.py: OK
scripts/check_native_peer_1m_controller.py: OK
scripts/check_native_peer_1m_worker.py: OK
scripts/check_native_reference_panel.py: OK
scripts/check_native_semantic_cgroup.py: OK
scripts/check_native_semantic_checkpoint_cli.py: OK
scripts/check_native_semantic_concurrency.py: OK
scripts/check_native_semantic_metadata_cold.py: OK
scripts/check_native_semantic_router_stats.py: OK
scripts/check_native_source_paging_replay.py: OK
scripts/check_native_startup_build.py: OK
scripts/check_native_startup_stats.py: OK
scripts/check_native_startup_worker.py: OK
scripts/check_native_union_offered_http.py: OK
scripts/check_native_workspace_execution.py: OK
scripts/check_pq_residual_implementation.sh: OK
scripts/check_publication_disk.py: OK
scripts/check_release_versions.py: OK
scripts/check_repo_policy.py: OK
scripts/check_retained_generation_rebind_implementation.sh: OK
scripts/check_root_reuse_implementation.sh: OK
scripts/check_rust_test_build.sh: OK
scripts/check_semantic_1m_implementation.sh: OK
scripts/check_semantic_binary_coverage.py: OK
scripts/check_semantic_router_coverage.py: OK
scripts/check_source_completion_integration.py: OK
scripts/check_source_completion_red.py: OK
scripts/check_source_frontier_integration.py: OK
scripts/check_source_precision_integration.py: OK
scripts/check_source_precision_red.py: OK
scripts/check_startup_wave8_implementation.sh: OK
scripts/check_two_bit_http_boundary.py: OK
scripts/check_unit_graph_connectivity.py: OK
scripts/check_v168_closed_spot.py: OK
scripts/check_v192_optional_rank_plan_fit.py: OK
scripts/check_v193_optional_100k_transfer.py: OK
scripts/check_v194_fresh_1m_optional_source.py: OK
scripts/check_v195_used_1m_rerank_diagnostic.py: OK
scripts/check_v196_resident_fp16_preflight.py: OK
scripts/check_v197_fresh_resident_fp16_source.py: OK
scripts/check_v198_real_query_resident_fp16.py: OK
scripts/check_v199_live_s3_resident_fp16.py: OK
scripts/check_v200_uncapped_cover.py: OK
scripts/check_v201_relaxed_cover.py: OK
scripts/check_v202_two_cap_cover.py: OK
scripts/check_v203_hard_dp_loop.py: OK
scripts/check_v204_byte_trace.py: OK
scripts/check_v205_dual_certificate.py: OK
scripts/check_v206_deep_image_fp16.py: OK
scripts/check_v206_deep_image_tail.py: OK
scripts/check_v207_resident_nominee_fp16.py: OK
scripts/check_v26_fast.py: OK
scripts/check_walk_source_integration.py: OK
scripts/check_walk_source_nomination.py: OK
scripts/clone_publication_v3_index.py: OK
scripts/closeout_native_hundred_thousand_pq96.py: OK
scripts/closeout_native_hundred_thousand_sign96.py: OK
scripts/closeout_native_one_million_data_range.py: OK
scripts/closeout_native_one_million_progressive_code_projection.py: OK
scripts/closeout_native_one_million_progressive_paired.py: OK
scripts/closeout_native_one_million_source_range.py: OK
scripts/closeout_native_one_million_two_bit_code_projection.py: OK
scripts/derive_v138_primary_only.py: OK
scripts/derive_v139_relaion_primary.py: OK
scripts/derive_v141_deep_route_only.py: OK
scripts/evaluate_exact_bound_shadow.py: OK
scripts/evaluate_graph_promotion.py: OK
scripts/evaluate_semantic_frozen_diagnostics.py: OK
scripts/fetch_ann_dataset.py: OK
scripts/fetch_beir_dataset.py: OK
scripts/fetch_publication_v3_dataset.py: OK
scripts/fetch_vdbbench_dataset.py: OK
scripts/fixtures/cohere-medium-1M-dataset.json: OK
scripts/fixtures/v23_incidence_training_manifest.json: OK
scripts/fixtures/v23_page_ref.json: OK
scripts/freeze_layout_dataset_identity.py: OK
scripts/freeze_simd_dataset_identity.py: OK
scripts/generate_hybrid_synthetic_dataset.py: OK
scripts/generate_v36_coarse_fragment_pyarrow.py: OK
scripts/generate_v36_pyarrow_fixture.py: OK
scripts/global_source_oracle.py: OK
scripts/hard_priced_interval.py: OK
scripts/install-hooks.sh: OK
scripts/launch_aws_format_qualification.sh: OK
scripts/launch_aws_global_cell_stripe_confirmation.sh: OK
scripts/launch_aws_global_cell_stripes.sh: OK
scripts/launch_aws_global_range_hedge_qualification.sh: OK
scripts/launch_aws_group_commit_scalability.sh: OK
scripts/launch_aws_logical_cell_routing_spot.sh: OK
scripts/launch_aws_publication_benchmarks.sh: OK
scripts/launch_aws_publication_v2.sh: OK
scripts/launch_aws_publication_v3.sh: OK
scripts/launch_bounded_reader_1m_spot.py: OK
scripts/launch_cohere_fixed48_canary_spot.py: OK
scripts/launch_cohere_fixed48_cold_http_spot.py: OK
scripts/launch_cohere_fixed48_fresh_scientific_spot.py: OK
scripts/launch_cohere_fixed48_offered_canary_spot.py: OK
scripts/launch_cohere_fixed48_offered_http_spot.py: OK
scripts/launch_cohere_native_preflight_spot.py: OK
scripts/launch_cohere_semantic_1m_preparation_spot.py: OK
scripts/launch_cohere_semantic_artifact_reproduction_spot.py: OK
scripts/launch_cohere_top32_coverage_spot.py: OK
scripts/launch_fine_pack_diagnostic.py: OK
scripts/launch_hierarchical_cells_100k_spot.py: OK
scripts/launch_matched_s3_vectors_1m_spot.py: OK
scripts/launch_native_cargo_pilot.py: OK
scripts/launch_native_centroid_bulk_spot.py: OK
scripts/launch_native_cohere_semantic_1m_quality_spot.py: OK
scripts/launch_native_cold_first_query_spot.py: OK
scripts/launch_native_cold_offered_spot.py: OK
scripts/launch_native_geometric_layout_spot.py: OK
scripts/launch_native_geometry_cold_offered_spot.py: OK
scripts/launch_native_hundred_thousand_pq96_spot.py: OK
scripts/launch_native_hundred_thousand_sign96_spot.py: OK
scripts/launch_native_metadata_geometry_spot.py: OK
scripts/launch_native_metadata_ranges_cold_spot.py: OK
scripts/launch_native_one_million_selector_spot.py: OK
scripts/launch_native_page_centered_group_spot.py: OK
scripts/launch_native_page_microcluster_spot.py: OK
scripts/launch_native_paged_cold_offered_spot.py: OK
scripts/launch_native_paged_source_cold_spot.py: OK
scripts/launch_native_peer_1m_spot.py: OK
scripts/launch_native_peer_http_build.py: OK
scripts/launch_native_pq192_returned_spot.py: OK
scripts/launch_native_residual_row_score_spot.py: OK
scripts/launch_native_rotated_two_bit_spot.py: OK
scripts/launch_native_row_score_spot.py: OK
scripts/launch_native_semantic_1m_cold_spot.py: OK
scripts/launch_native_semantic_1m_offered_spot.py: OK
scripts/launch_native_semantic_1m_quality_spot.py: OK
scripts/launch_native_semantic_fresh_panel_spot.py: OK
scripts/launch_native_semantic_metadata_cold_spot.py: OK
scripts/launch_native_semantic_panel_ids_spot.py: OK
scripts/launch_native_semantic_router_cold_spot.py: OK
scripts/launch_native_startup_profile_spot.py: OK
scripts/launch_native_startup_wave8_paired_spot.py: OK
scripts/launch_native_workspace_execution_spot.py: OK
scripts/launch_rest_coexistence_spot.py: OK
scripts/launch_v100_page_residual_range_spot.py: OK
scripts/launch_v101_two_stage_residual_pq_spot.py: OK
scripts/launch_v102_two_wave_pq48_spot.py: OK
scripts/launch_v103_metric_aware_pq48_spot.py: OK
scripts/launch_v104_exact_retention_ladder_spot.py: OK
scripts/launch_v105_exact_retention_confirmation_spot.py: OK
scripts/launch_v106_anisotropic_pq48_spot.py: OK
scripts/launch_v109_capped_replay_spot.py: OK
scripts/launch_v110_physical_oracle_spot.py: OK
scripts/launch_v111_weighted_replay_spot.py: OK
scripts/launch_v112_precise_nominee_spot.py: OK
scripts/launch_v113_100k_score_spot.py: OK
scripts/launch_v114_1m_paired_spot.py: OK
scripts/launch_v114_exact_local_100k_spot.py: OK
scripts/launch_v115_returned_replay_spot.py: OK
scripts/launch_v115_router_parity_spot.py: OK
scripts/launch_v116_validation_paired_spot.py: OK
scripts/launch_v119_source_materialize_spot.py: OK
scripts/launch_v120_source_index_spot.py: OK
scripts/launch_v121_deep_image_paired_spot.py: OK
scripts/launch_v122_deep_image_100k_spot.py: OK
scripts/launch_v123_rerank_diagnostic_spot.py: OK
scripts/launch_v124_source_tier_precision_spot.py: OK
scripts/launch_v126_relaion_expansion_source_spot.py: OK
scripts/launch_v131_source_replay_spot.py: OK
scripts/launch_v132_live_s3_transport_spot.py: OK
scripts/launch_v133_local_sq8_transport_spot.py: OK
scripts/launch_v134_native_route_spot.py: OK
scripts/launch_v135_hull_route_spot.py: OK
scripts/launch_v136_concurrent_route_spot.py: OK
scripts/launch_v138_unit_bound_spot.py: OK
scripts/launch_v139_centroid_page_spot.py: OK
scripts/launch_v140_budgeted_page_spot.py: OK
scripts/launch_v141_deep_returned_spot.py: OK
scripts/launch_v142_relaion_returned_spot.py: OK
scripts/launch_v144_page_parity_spot.py: OK
scripts/launch_v145_page_parity_spot.py: OK
scripts/launch_v146_centroid_score_spot.py: OK
scripts/launch_v149_contiguous_hierarchy_spot.py: OK
scripts/launch_v150_unit_centroid_graph_spot.py: OK
scripts/launch_v151_page_seeded_graph_spot.py: OK
scripts/launch_v152_cached_page_graph_spot.py: OK
scripts/launch_v154_relaion_graph_spot.py: OK
scripts/launch_v155_relaion_returned_spot.py: OK
scripts/launch_v156_generation_check_spot.py: OK
scripts/launch_v157_primary_feasibility_spot.py: OK
scripts/launch_v158_pq_primary_spot.py: OK
scripts/launch_v159_route_loss_spot.py: OK
scripts/launch_v160_geometric_relayout_spot.py: OK
scripts/launch_v161_geometric_relayout_spot.py: OK
scripts/launch_v162_closed_route_loss_spot.py: OK
scripts/launch_v163_smooth_layout_spot.py: OK
scripts/launch_v164_smooth_layout_spot.py: OK
scripts/launch_v165_unit_interval_spot.py: OK
scripts/launch_v166_surrogate_ranking_spot.py: OK
scripts/launch_v167_vote_frontier_spot.py: OK
scripts/launch_v168_pq_neighbor_ranking_spot.py: OK
scripts/launch_v169_pq64_compile_spot.py: OK
scripts/launch_v170_pq_field_100k_spot.py: OK
scripts/launch_v171_primary_feasibility_spot.py: OK
scripts/launch_v172_row_map_compile_spot.py: OK
scripts/launch_v174_relaid_bind_compile_spot.py: OK
scripts/launch_v176_authority_compile_spot.py: OK
scripts/launch_v177_source_candidate_ceiling_spot.py: OK
scripts/launch_v178_source_oracle_physical_spot.py: OK
scripts/launch_v179_primary_cover_compile_spot.py: OK
scripts/launch_v180_pq_rank_signal_spot.py: OK
scripts/launch_v181_neighborhood_reach_spot.py: OK
scripts/launch_v182_wide_pq_rank_spot.py: OK
scripts/launch_v183_source_physical_admission_spot.py: OK
scripts/launch_v184_full_source_oracle_spot.py: OK
scripts/launch_v185_pq_metric_source_spot.py: OK
scripts/launch_v186_cosine_width_ladder_spot.py: OK
scripts/launch_v187_cosine_physical_plan_spot.py: OK
scripts/launch_v188_leave_one_out_source_spot.py: OK
scripts/launch_v189_predicted_interval_source_spot.py: OK
scripts/launch_v190_frozen_rank_replication_spot.py: OK
scripts/launch_v192_optional_rank_plan_fit_spot.py: OK
scripts/launch_v193_optional_100k_transfer_spot.py: OK
scripts/launch_v194_fresh_1m_optional_source_spot.py: OK
scripts/launch_v195_used_1m_rerank_diagnostic_spot.py: OK
scripts/launch_v196_resident_fp16_preflight_spot.py: OK
scripts/launch_v197_fresh_resident_fp16_spot.py: OK
scripts/launch_v198_real_query_resident_fp16_spot.py: OK
scripts/launch_v199_live_s3_resident_fp16_spot.py: OK
scripts/launch_v200_uncapped_cover_spot.py: OK
scripts/launch_v201_relaxed_cover_spot.py: OK
scripts/launch_v202_two_cap_cover_spot.py: OK
scripts/launch_v203_hard_dp_loop_spot.py: OK
scripts/launch_v204_byte_trace_spot.py: OK
scripts/launch_v205_dual_certificate_spot.py: OK
scripts/launch_v206_deep_image_fp16_spot.py: OK
scripts/launch_v207_resident_nominee_fp16_spot.py: OK
scripts/launch_v208_resident_generation_test_spot.py: OK
scripts/launch_v209_resident_1m_spot.py: OK
scripts/launch_v210_resident_neighborhood_spot.py: OK
scripts/launch_v211_pq_resident_neighborhood_spot.py: OK
scripts/launch_v212_rust_resident_100k_spot.py: OK
scripts/launch_v213_resident_graph_100k_spot.py: OK
scripts/launch_v214_pq_graph_100k_spot.py: OK
scripts/launch_v215_pq_cosine_graph_100k_spot.py: OK
scripts/launch_v216_heldout_pq_cosine_graph_100k_spot.py: OK
scripts/launch_v217_pq_graph_1m_spot.py: OK
scripts/launch_v218_reachable_graph_100k_spot.py: OK
scripts/launch_v219_reachable_graph_1m_spot.py: OK
scripts/launch_v220_graph_http_1m_spot.py: OK
scripts/launch_v222_external_graph_http_spot.py: OK
scripts/launch_v223_authenticated_graph_http_spot.py: OK
scripts/launch_v224_graph_store_s3_spot.py: OK
scripts/launch_v225_graph_switch_s3_spot.py: OK
scripts/launch_v226_fp16_graph_source_100k_spot.py: OK
scripts/launch_v227_fp16_graph_source_1m_spot.py: OK
scripts/launch_v228_graph_collection_s3_spot.py: OK
scripts/launch_v229_mutation_overlay_100k_spot.py: OK
scripts/launch_v230_mutation_graph_http_spot.py: OK
scripts/launch_v231_indexed_delta_100k_spot.py: OK
scripts/launch_v232_decoded_delta_100k_spot.py: OK
scripts/launch_v236_graph_collection_1m_spot.py: OK
scripts/launch_v237_persisted_graph_http_spot.py: OK
scripts/launch_v238_shared_graph_base_1m_spot.py: OK
scripts/launch_v239_graph_containment_100k_spot.py: OK
scripts/launch_v23_balanced_pages_spot.py: OK
scripts/launch_v23_incidence_spot.py: OK
scripts/launch_v23_rabitq_spot.py: OK
scripts/launch_v240_graph_order_100k_spot.py: OK
scripts/launch_v246_owner_graph_http_spot.py: OK
scripts/launch_v248_cohere_transfer_100k_spot.py: OK
scripts/launch_v24_qualification_spot.py: OK
scripts/launch_v24_reduced_spot.py: OK
scripts/launch_v25_qualification_spot.py: OK
scripts/launch_v263_cohere_s3_vectors_spot.py: OK
scripts/launch_v269_cohere_cached_http_spot.py: OK
scripts/launch_v26_page_layout_spot.py: OK
scripts/launch_v271_rust_rc_frontier_spot.py: OK
scripts/launch_v272_rust_rc_10m_spot.py: OK
scripts/launch_v273_construction_quality_spot.py: OK
scripts/launch_v274_neighbour_expand_spot.py: OK
scripts/launch_v275_reverse_incoming_spot.py: OK
scripts/launch_v276_extra_reverse_spot.py: OK
scripts/launch_v277_extra_reverse_fresh_spot.py: OK
scripts/launch_v278_extra_reverse_1m_spot.py: OK
scripts/launch_v279_relaion_transfer_1m_spot.py: OK
scripts/launch_v280_relaion_http_spot.py: OK
scripts/launch_v281_extra_reverse_10m_spot.py: OK
scripts/launch_v282_100k_spot.py: OK
scripts/launch_v283_dev64_spot.py: OK
scripts/launch_v97_row_width_screen_spot.py: OK
scripts/launch_v98_hierarchical_row_router_spot.py: OK
scripts/launch_v99_ranked_gap_range_router_spot.py: OK
scripts/market_benchmark_runner.py: OK
scripts/materialize_source_shards.py: OK
scripts/native_geometric_layout_screen.py: OK
scripts/native_hundred_thousand_opq8_cell.py: OK
scripts/native_hundred_thousand_opq8_paired_broker.py: OK
scripts/native_hundred_thousand_opq8_paired_cell.py: OK
scripts/native_hundred_thousand_opq8_paired_worker.py: OK
scripts/native_hundred_thousand_opq8_router.py: OK
scripts/native_hundred_thousand_opq8_worker.py: OK
scripts/native_hundred_thousand_pq96_cell.py: OK
scripts/native_hundred_thousand_pq96_worker.py: OK
scripts/native_hundred_thousand_sign96_cell.py: OK
scripts/native_hundred_thousand_sign96_worker.py: OK
scripts/native_one_million_byte_ceiling_cell.py: OK
scripts/native_one_million_data_range_cell.py: OK
scripts/native_one_million_data_range_evaluation.py: OK
scripts/native_one_million_data_range_query.py: OK
scripts/native_one_million_data_range_worker.py: OK
scripts/native_one_million_data_ranges.py: OK
scripts/native_one_million_geometric_group_order.py: OK
scripts/native_one_million_geometric_group_order_cell.py: OK
scripts/native_one_million_geometric_group_order_evaluation.py: OK
scripts/native_one_million_group_selector.py: OK
scripts/native_one_million_opq8.py: OK
scripts/native_one_million_opq8_cell.py: OK
scripts/native_one_million_page_dispersion_mass.py: OK
scripts/native_one_million_page_dispersion_mass_cell.py: OK
scripts/native_one_million_page_dispersion_mass_evaluation.py: OK
scripts/native_one_million_page_feasibility.py: OK
scripts/native_one_million_page_oracle_cell.py: OK
scripts/native_one_million_page_oracle_worker.py: OK
scripts/native_one_million_page_priority.py: OK
scripts/native_one_million_page_selector.py: OK
scripts/native_one_million_page_selector_cell.py: OK
scripts/native_one_million_page_selector_evaluation.py: OK
scripts/native_one_million_pq80_projection_cell.py: OK
scripts/native_one_million_pq96_projection_cell.py: OK
scripts/native_one_million_progressive_code_projection_cell.py: OK
scripts/native_one_million_progressive_code_projection_worker.py: OK
scripts/native_one_million_progressive_paired_cell.py: OK
scripts/native_one_million_progressive_paired_worker.py: OK
scripts/native_one_million_range_selector_cell.py: OK
scripts/native_one_million_range_selector_evaluation.py: OK
scripts/native_one_million_selector_cell.py: OK
scripts/native_one_million_selector_evaluation.py: OK
scripts/native_one_million_source_priority.py: OK
scripts/native_one_million_source_range_cell.py: OK
scripts/native_one_million_source_range_worker.py: OK
scripts/native_one_million_source_scan.py: OK
scripts/native_one_million_two_bit_code_projection.py: OK
scripts/native_one_million_two_bit_code_projection_cell.py: OK
scripts/native_one_million_two_bit_code_projection_worker.py: OK
scripts/native_page_centered_group_cell.py: OK
scripts/native_page_centered_group_codes.py: OK
scripts/native_page_centered_group_evaluation.py: OK
scripts/native_page_centered_group_evidence.py: OK
scripts/native_page_microcluster_cell.py: OK
scripts/native_page_microcluster_router.py: OK
scripts/native_pq192_returned.py: OK
scripts/native_pq192_returned_spot_worker.py: OK
scripts/native_pq96_groups.py: OK
scripts/native_progressive_code_wave.py: OK
scripts/native_progressive_page_objects.py: OK
scripts/native_progressive_paired_priority.py: OK
scripts/native_progressive_score.py: OK
scripts/native_progressive_source_build.py: OK
scripts/native_progressive_two_bit_codes.py: OK
scripts/native_relaion_oracle.py: OK
scripts/native_residual_row_score_cell.py: OK
scripts/native_residual_row_score_codes.py: OK
scripts/native_residual_row_score_evaluation.py: OK
scripts/native_residual_row_score_evidence.py: OK
scripts/native_rotated_sign96.py: OK
scripts/native_rotated_sign96_groups.py: OK
scripts/native_rotated_two_bit_cell.py: OK
scripts/native_rotated_two_bit_codes.py: OK
scripts/native_rotated_two_bit_evaluation.py: OK
scripts/native_rotated_two_bit_evidence.py: OK
scripts/native_rotated_two_bit_range_broker.py: OK
scripts/native_row_score_cell.py: OK
scripts/native_row_score_code_artifacts.py: OK
scripts/native_row_score_evaluation.py: OK
scripts/native_row_score_evidence.py: OK
scripts/native_row_score_nomination.py: OK
scripts/native_row_score_s3.py: OK
scripts/native_sign96_range_screen.py: OK
scripts/native_sq8_source_parity.py: OK
scripts/native_two_bit_cosine_development.py: OK
scripts/native_two_bit_quality.py: OK
scripts/native_two_bit_returned_recall.py: OK
scripts/native_two_bit_returned_replay.py: OK
scripts/native_two_bit_returned_spot_worker.py: OK
scripts/native_two_bit_topology.py: OK
scripts/native_verified_s3_ranges.py: OK
scripts/normalize_simd_datatype_cell.py: OK
scripts/observe_publication_v3_index.py: OK
scripts/optional_rank_utility.py: OK
scripts/package_rust_rc.sh: OK
scripts/package_semantic_native_generation.py: OK
scripts/pq_cosine_margin_utility.py: OK
scripts/predicted_interval_prices.py: OK
scripts/preflight_s3_vectors_service.py: OK
scripts/prepare_beir_publication_dataset.py: OK
scripts/prepare_cohere_semantic_1m_panel.py: OK
scripts/prepare_cohere_top32_coverage.py: OK
scripts/prepare_hierarchical_cells_100k.py: OK
scripts/prepare_hybrid_dataset.py: OK
scripts/prepare_native_paged_source.py: OK
scripts/prepare_native_semantic_publication.py: OK
scripts/prepare_semantic_1m_fresh_panel.py: OK
scripts/prepare_semantic_positive_inputs.py: OK
scripts/prepare_simd_fixture_datasets.py: OK
scripts/prepare_v132_live_generation.py: OK
scripts/prepare_v132_live_inputs.py: OK
scripts/priced_interval_oracle.py: OK
scripts/probe_table_format_compatibility.py: OK
scripts/probe_vector_format_compatibility.py: OK
scripts/production_bench_schema.py: OK
scripts/promote_publication_v3_dataset.py: OK
scripts/publication_protocol.py: OK
scripts/publication_v3_attestation.py: OK
scripts/publication_v3_aws.py: OK
scripts/publication_v3_beir.py: OK
scripts/publication_v3_clones.py: OK
scripts/publication_v3_controller.py: OK
scripts/publication_v3_datasets.py: OK
scripts/publication_v3_execution.py: OK
scripts/publication_v3_protocol.py: OK
scripts/publication_v3_receipts.py: OK
scripts/publication_v3_results.py: OK
scripts/publish_cohere_1m_source.py: OK
scripts/reconcile_publication_v3_staging.py: OK
scripts/recount_native_one_million_data_range.py: OK
scripts/reduce_bounded_reader_result.py: OK
scripts/reduce_hierarchical_global_leaf_coverage.py: OK
scripts/render_borsuk_table_format_charts.py: OK
scripts/render_cache_coverage_charts.py: OK
scripts/render_hybrid_retrieval_charts.py: OK
scripts/render_recall_latency_charts.py: OK
scripts/render_resource_charts.py: OK
scripts/replay_fixed48_semantic_locality.py: OK
scripts/replay_fixed48_source_get_caps.py: OK
scripts/replay_storage_access_traces.py: OK
scripts/reproduce_cohere_semantic_artifacts.py: OK
scripts/requirements-beir-stage.in: OK
scripts/requirements-beir-stage.txt: OK
scripts/requirements-format-bench.txt: OK
scripts/requirements-hybrid-bench.txt: OK
scripts/requirements-s3-vectors-match.txt: OK
scripts/requirements-v37-relation-router.txt: OK
scripts/rest_coexistence_load.py: OK
scripts/run_bounded_reader_1m_remote.sh: OK
scripts/run_cell_overlap_pair.py: OK
scripts/run_cohere_fixed48_cold_http.py: OK
scripts/run_cohere_fixed48_fresh_falsifier.py: OK
scripts/run_cohere_fixed48_offered_http.py: OK
scripts/run_cohere_native_preflight.py: OK
scripts/run_constrained_split_falsifier.py: OK
scripts/run_hierarchical_global_leaf_probe.py: OK
scripts/run_matched_s3_vectors_1m_remote.sh: OK
scripts/run_native_centroid_bulk_cold.py: OK
scripts/run_native_cohere_semantic_1m_quality.py: OK
scripts/run_native_cold.py: OK
scripts/run_native_cold_first_query.py: OK
scripts/run_native_cold_offered.py: OK
scripts/run_native_current_1m_offered_http.py: OK
scripts/run_native_four_slot_1m_offered_http.py: OK
scripts/run_native_fresh_rank16_dev64.py: OK
scripts/run_native_geometry_cold_offered.py: OK
scripts/run_native_metadata_ranges_cold.py: OK
scripts/run_native_paged_cold_first_query.py: OK
scripts/run_native_paged_cold_first_query_selfcheck.py: OK
scripts/run_native_paged_cold_offered.py: OK
scripts/run_native_peer_1m_worker.py: OK
scripts/run_native_peer_offered_http.py: OK
scripts/run_native_relaion_prepare.sh: OK
scripts/run_native_semantic_1m_cold.py: OK
scripts/run_native_semantic_1m_offered.py: OK
scripts/run_native_semantic_1m_quality.py: OK
scripts/run_native_semantic_metadata_cold.py: OK
scripts/run_native_semantic_router_cold.py: OK
scripts/run_native_source_completion_1m.py: OK
scripts/run_native_source_completion_http.py: OK
scripts/run_native_source_frontier_1m.py: OK
scripts/run_native_source_frontier_http.py: OK
scripts/run_native_source_precision_1m.py: OK
scripts/run_native_source_precision_http.py: OK
scripts/run_native_startup_profile.py: OK
scripts/run_native_startup_wave8_paired.py: OK
scripts/run_native_two_bit_topology.py: OK
scripts/run_native_two_slot_1m_offered_http.py: OK
scripts/run_native_union_cold.py: OK
scripts/run_native_union_http.py: OK
scripts/run_native_union_layout_transfer.py: OK
scripts/run_native_union_offered_http.py: OK
scripts/run_native_union_validation.py: OK
scripts/run_native_walk_source_1m.py: OK
scripts/run_native_walk_source_http.py: OK
scripts/run_native_walk_source_replay.py: OK
scripts/run_publication_v3_cell.py: OK
scripts/run_publication_v3_read_campaign.py: OK
scripts/run_rest_coexistence_attempt.py: OK
scripts/run_simd_datatype_cell.sh: OK
scripts/run_source_witness_paired_coverage.py: OK
scripts/run_union_nomination.py: OK
scripts/run_v109_capped_replay_remote.sh: OK
scripts/run_v110_physical_oracle_remote.sh: OK
scripts/run_v111_weighted_replay_remote.sh: OK
scripts/run_v112_precise_nominee_remote.sh: OK
scripts/run_v113_100k_score_remote.sh: OK
scripts/run_v114_1m_paired_remote.sh: OK
scripts/run_v114_exact_local_100k_remote.sh: OK
scripts/run_v115_returned_replay_remote.sh: OK
scripts/run_v115_router_parity_remote.sh: OK
scripts/run_v115_s3_compile_remote.sh: OK
scripts/run_v116_validation_paired_remote.sh: OK
scripts/run_v119_source_materialize_remote.sh: OK
scripts/run_v120_source_index_remote.sh: OK
scripts/run_v121_deep_image_paired_remote.sh: OK
scripts/run_v122_deep_image_100k_remote.sh: OK
scripts/run_v123_rerank_diagnostic_remote.sh: OK
scripts/run_v124_source_tier_precision_remote.sh: OK
scripts/run_v126_relaion_expansion_source_remote.sh: OK
scripts/run_v131_source_replay_remote.sh: OK
scripts/run_v132_live_s3_transport_remote.sh: OK
scripts/run_v133_local_sq8_transport_remote.sh: OK
scripts/run_v134_native_route_remote.sh: OK
scripts/run_v135_hull_route_remote.sh: OK
scripts/run_v136_concurrent_route_remote.sh: OK
scripts/run_v138_unit_bound_remote.sh: OK
scripts/run_v139_centroid_page_remote.sh: OK
scripts/run_v140_budgeted_page_remote.sh: OK
scripts/run_v141_deep_returned_remote.sh: OK
scripts/run_v142_relaion_returned_remote.sh: OK
scripts/run_v144_page_parity_remote.sh: OK
scripts/run_v145_page_parity_remote.sh: OK
scripts/run_v146_centroid_score_remote.sh: OK
scripts/run_v149_contiguous_hierarchy_remote.sh: OK
scripts/run_v150_unit_centroid_graph_remote.sh: OK
scripts/run_v151_page_seeded_graph_remote.sh: OK
scripts/run_v152_cached_page_graph_remote.sh: OK
scripts/run_v154_relaion_graph_remote.sh: OK
scripts/run_v155_relaion_returned_remote.sh: OK
scripts/run_v222_external_graph_http.sh: OK
scripts/run_v223_authenticated_graph_http.sh: OK
scripts/run_v224_graph_store_s3.sh: OK
scripts/run_v225_graph_switch_s3.sh: OK
scripts/run_v228_graph_collection_s3.sh: OK
scripts/run_v236_graph_collection_1m.sh: OK
scripts/run_v238_shared_graph_base_1m.sh: OK
scripts/run_v23_balanced_page_falsifier.py: OK
scripts/run_v23_incidence_development_screen.py: OK
scripts/run_v23_leaf_page_incidence_falsifier.py: OK
scripts/run_v23_rabitq_construction.py: OK
scripts/run_v23_rabitq_falsifier.py: OK
scripts/run_v240_graph_order_100k.sh: OK
scripts/run_v24_reduced_preflight.py: OK
scripts/run_v24_witness_page_router.py: OK
scripts/run_v25_page_containment.py: OK
scripts/run_v26_page_layout.py: OK
scripts/run_v26_pq4_100m_campaign.py: OK
scripts/run_v271_fresh_frontier.sh: OK
scripts/run_v272_10m_scale.sh: OK
scripts/run_v273_construction_quality.sh: OK
scripts/run_v274_neighbour_expand.sh: OK
scripts/run_v275_reverse_incoming.sh: OK
scripts/run_v276_extra_reverse.sh: OK
scripts/run_v277_extra_reverse_fresh.sh: OK
scripts/run_v278_extra_reverse_1m.sh: OK
scripts/run_v279_relaion_transfer_1m.sh: OK
scripts/run_v27_reduced_quality.py: OK
scripts/run_v27_s3_page_campaign.py: OK
scripts/run_v281_extra_reverse_10m.sh: OK
scripts/run_v282_100k.sh: OK
scripts/run_v283_dev64.sh: OK
scripts/run_v30_reduced_quality.py: OK
scripts/run_v30_s3_campaign.py: OK
scripts/run_v30_untouched_quality.py: OK
scripts/run_v30_variable_rate_reproduction.py: OK
scripts/run_v31_residual_correction_falsifier.py: OK
scripts/run_v32_no_page_containment.py: OK
scripts/run_v32_s3_latency_preflight.py: OK
scripts/run_v33_group_proxy.py: OK
scripts/run_v36_dataset_freeze.py: OK
scripts/run_v36_prefix_screen.py: OK
scripts/run_v37_relation_router_spot.py: OK
scripts/run_v38_boundary_spill_spot.py: OK
scripts/seal_native_union_fresh.py: OK
scripts/seal_publication_v3_index.py: OK
scripts/seal_v36_rank16_fresh_1m.py: OK
scripts/select_cohere_1m_fresh64.py: OK
scripts/select_cohere_fixed48_fresh64.py: OK
scripts/select_cohere_fresh64_coverage.py: OK
scripts/select_v36_rank16_fresh_ids.py: OK
scripts/smoke_resident_graph_rc.sh: OK
scripts/source_cover_frontier.py: OK
scripts/source_rank_utility.py: OK
scripts/sparse_cover_frontier.py: OK
scripts/spot_rust_slice.py: OK
scripts/stage_publication_v3_dataset.py: OK
scripts/stage_v23_leaf_page_incidence_inputs.py: OK
scripts/stage_v24_witness_inputs.py: OK
scripts/stage_v25_page_containment.py: OK
scripts/storage_layout_inventory.py: OK
scripts/summarize_v63_layout_oracle.py: OK
scripts/sync_docs_examples.mjs: OK
scripts/test_analyze_publication_claims.py: OK
scripts/test_analyze_storage_layout_qualification.py: OK
scripts/test_analyze_wal_layout_qualification.py: OK
scripts/test_assemble_storage_layout_qualification.py: OK
scripts/test_bench_100m_code_ranges.py: OK
scripts/test_bench_approximate_first_qualification.py: OK
scripts/test_bench_cache_execution_matrix.py: OK
scripts/test_bench_external_control_matrix.py: OK
scripts/test_bench_format_qualification_aws.py: OK
scripts/test_bench_format_tuning_aws.py: OK
scripts/test_bench_global_cell_stripe_confirmation.py: OK
scripts/test_bench_global_cell_stripes.py: OK
scripts/test_bench_global_range_hedge_qualification.py: OK
scripts/test_bench_graph_promotion.py: OK
scripts/test_bench_group_commit_diagnostic.py: OK
scripts/test_bench_group_commit_scalability_runner.py: OK
scripts/test_bench_hybrid_retrieval_matrix.py: OK
scripts/test_bench_logical_cell_routing.py: OK
scripts/test_bench_object_store_floor.py: OK
scripts/test_bench_production_lifecycle_aws.py: OK
scripts/test_bench_publication_v2_aws.py: OK
scripts/test_bench_publication_v3_aws.py: OK
scripts/test_bench_realistic_durable_write.py: OK
scripts/test_bench_s3_full.py: OK
scripts/test_bench_s3_vectors_matrix.py: OK
scripts/test_bench_scan_codec_matrix.py: OK
scripts/test_bench_simd_datatype_matrix.py: OK
scripts/test_bench_standard_method_matrix.py: OK
scripts/test_bench_storage_layout_qualification_aws.py: OK
scripts/test_bench_wal_layout_qualification_aws.py: OK
scripts/test_benchmark_borsuk_table_formats.py: OK
scripts/test_benchmark_faiss.py: OK
scripts/test_benchmark_s3.py: OK
scripts/test_benchmark_s3_vectors.py: OK
scripts/test_benchmark_s3_vectors_parquet.py: OK
scripts/test_benchmark_table_formats.py: OK
scripts/test_benchmark_turboquant_reference.py: OK
scripts/test_benchmark_turbovec.py: OK
scripts/test_benchmark_vector_formats.py: OK
scripts/test_benchmark_with_resources.py: OK
scripts/test_build_borsuk_benchmark_table.py: OK
scripts/test_build_v24_reduced_fixture.py: OK
scripts/test_build_v25_containment_open.py: OK
scripts/test_build_v30_reduced_truth.py: OK
scripts/test_certify_native_progressive_transfer_floor.py: OK
scripts/test_check_publication_disk.py: OK
scripts/test_check_release_versions.py: OK
scripts/test_check_repo_policy.py: OK
scripts/test_check_rust_test_build.py: OK
scripts/test_check_v26_fast.py: OK
scripts/test_clone_publication_v3_index.py: OK
scripts/test_closeout_native_hundred_thousand_pq96.py: OK
scripts/test_closeout_native_hundred_thousand_sign96.py: OK
scripts/test_closeout_native_one_million_data_range.py: OK
scripts/test_closeout_native_one_million_source_range.py: OK
scripts/test_docs_web.mjs: OK
scripts/test_evaluate_exact_bound_shadow.py: OK
scripts/test_evaluate_graph_promotion.py: OK
scripts/test_fetch_ann_dataset.py: OK
scripts/test_fetch_beir_dataset.py: OK
scripts/test_fetch_publication_v3_dataset.py: OK
scripts/test_fetch_vdbbench_dataset.py: OK
scripts/test_freeze_layout_dataset_identity.py: OK
scripts/test_freeze_simd_dataset_identity.py: OK
scripts/test_generate_hybrid_synthetic_dataset.py: OK
scripts/test_global_source_oracle.py: OK
scripts/test_hard_priced_interval.py: OK
scripts/test_hybrid_retrieval_bench.py: OK
scripts/test_launch_aws_format_qualification.py: OK
scripts/test_launch_aws_logical_cell_routing_spot.py: OK
scripts/test_launch_aws_publication_benchmarks.py: OK
scripts/test_launch_aws_publication_v2.py: OK
scripts/test_launch_aws_publication_v3.py: OK
scripts/test_launch_bounded_reader_1m_spot.py: OK
scripts/test_launch_matched_s3_vectors_1m_spot.py: OK
scripts/test_launch_native_geometric_layout_spot.py: OK
scripts/test_launch_native_hundred_thousand_pq96_spot.py: OK
scripts/test_launch_native_hundred_thousand_sign96_spot.py: OK
scripts/test_launch_native_page_microcluster_spot.py: OK
scripts/test_launch_native_pq192_returned_spot.py: OK
scripts/test_launch_native_residual_row_score_spot.py: OK
scripts/test_launch_native_row_score_spot.py: OK
scripts/test_launch_rest_coexistence_spot.py: OK
scripts/test_launch_v100_page_residual_range_spot.py: OK
scripts/test_launch_v101_two_stage_residual_pq_spot.py: OK
scripts/test_launch_v102_two_wave_pq48_spot.py: OK
scripts/test_launch_v103_metric_aware_pq48_spot.py: OK
scripts/test_launch_v104_exact_retention_ladder_spot.py: OK
scripts/test_launch_v105_exact_retention_confirmation_spot.py: OK
scripts/test_launch_v106_anisotropic_pq48_spot.py: OK
scripts/test_launch_v109_capped_replay_spot.py: OK
scripts/test_launch_v110_physical_oracle_spot.py: OK
scripts/test_launch_v111_weighted_replay_spot.py: OK
scripts/test_launch_v112_precise_nominee_spot.py: OK
scripts/test_launch_v113_100k_score_spot.py: OK
scripts/test_launch_v114_1m_paired_spot.py: OK
scripts/test_launch_v114_exact_local_100k_spot.py: OK
scripts/test_launch_v115_returned_replay_spot.py: OK
scripts/test_launch_v115_router_parity_spot.py: OK
scripts/test_launch_v189_predicted_interval_source_spot.py: OK
scripts/test_launch_v220_graph_http_1m_spot.py: OK
scripts/test_launch_v222_external_graph_http_spot.py: OK
scripts/test_launch_v223_authenticated_graph_http_spot.py: OK
scripts/test_launch_v23_balanced_pages_spot.py: OK
scripts/test_launch_v23_incidence_spot.py: OK
scripts/test_launch_v23_rabitq_spot.py: OK
scripts/test_launch_v24_qualification_spot.py: OK
scripts/test_launch_v24_reduced_spot.py: OK
scripts/test_launch_v255_cohere_1m_spot.py: OK
scripts/test_launch_v25_qualification_spot.py: OK
scripts/test_launch_v26_page_layout_spot.py: OK
scripts/test_launch_v97_row_width_screen_spot.py: OK
scripts/test_launch_v98_hierarchical_row_router_spot.py: OK
scripts/test_launch_v99_ranked_gap_range_router_spot.py: OK
scripts/test_market_benchmark_matrix.py: OK
scripts/test_market_benchmark_runner.py: OK
scripts/test_materialize_source_shards.py: OK
scripts/test_native_geometric_layout_screen.py: OK
scripts/test_native_hundred_thousand_opq8_paired.py: OK
scripts/test_native_hundred_thousand_opq8_router.py: OK
scripts/test_native_hundred_thousand_pq96_cell.py: OK
scripts/test_native_hundred_thousand_pq96_worker.py: OK
scripts/test_native_hundred_thousand_sign96_cell.py: OK
scripts/test_native_hundred_thousand_sign96_worker.py: OK
scripts/test_native_one_million_byte_ceiling.py: OK
scripts/test_native_one_million_data_range_cell.py: OK
scripts/test_native_one_million_data_range_evaluation.py: OK
scripts/test_native_one_million_data_range_query.py: OK
scripts/test_native_one_million_data_range_spot.py: OK
scripts/test_native_one_million_data_ranges.py: OK
scripts/test_native_one_million_geometric_group_order.py: OK
scripts/test_native_one_million_group_selector.py: OK
scripts/test_native_one_million_opq8.py: OK
scripts/test_native_one_million_opq8_cell.py: OK
scripts/test_native_one_million_opq8_spot.py: OK
scripts/test_native_one_million_page_dispersion_mass.py: OK
scripts/test_native_one_million_page_feasibility.py: OK
scripts/test_native_one_million_page_oracle_cell.py: OK
scripts/test_native_one_million_page_oracle_spot.py: OK
scripts/test_native_one_million_page_priority.py: OK
scripts/test_native_one_million_page_priority_float64.py: OK
scripts/test_native_one_million_page_selector.py: OK
scripts/test_native_one_million_pq96_projection.py: OK
scripts/test_native_one_million_progressive_code_projection.py: OK
scripts/test_native_one_million_progressive_paired_cell.py: OK
scripts/test_native_one_million_range_selector.py: OK
scripts/test_native_one_million_selector_evaluation.py: OK
scripts/test_native_one_million_selector_spot.py: OK
scripts/test_native_one_million_source_priority.py: OK
scripts/test_native_one_million_source_range_cell.py: OK
scripts/test_native_one_million_source_range_spot.py: OK
scripts/test_native_one_million_source_scan.py: OK
scripts/test_native_one_million_two_bit_code_projection.py: OK
scripts/test_native_page_centered_group_cell.py: OK
scripts/test_native_page_centered_group_codes.py: OK
scripts/test_native_page_centered_group_evaluation.py: OK
scripts/test_native_page_centered_group_evidence.py: OK
scripts/test_native_page_microcluster_cell.py: OK
scripts/test_native_page_microcluster_router.py: OK
scripts/test_native_pq192_returned.py: OK
scripts/test_native_pq96_groups.py: OK
scripts/test_native_progressive_code_wave.py: OK
scripts/test_native_progressive_page_objects.py: OK
scripts/test_native_progressive_paired_priority.py: OK
scripts/test_native_progressive_score.py: OK
scripts/test_native_progressive_source_build.py: OK
scripts/test_native_progressive_two_bit_codes.py: OK
scripts/test_native_relaion_oracle.py: OK
scripts/test_native_relaion_prepare.py: OK
scripts/test_native_residual_row_score_cell.py: OK
scripts/test_native_residual_row_score_codes.py: OK
scripts/test_native_residual_row_score_evaluation.py: OK
scripts/test_native_residual_row_score_evidence.py: OK
scripts/test_native_rotated_sign96.py: OK
scripts/test_native_rotated_sign96_groups.py: OK
scripts/test_native_rotated_two_bit_cell.py: OK
scripts/test_native_rotated_two_bit_codes.py: OK
scripts/test_native_rotated_two_bit_evaluation.py: OK
scripts/test_native_rotated_two_bit_evidence.py: OK
scripts/test_native_rotated_two_bit_range_broker.py: OK
scripts/test_native_row_score_cell.py: OK
scripts/test_native_row_score_code_artifacts.py: OK
scripts/test_native_row_score_evaluation.py: OK
scripts/test_native_row_score_evidence.py: OK
scripts/test_native_row_score_nomination.py: OK
scripts/test_native_row_score_s3.py: OK
scripts/test_native_sign96_range_screen.py: OK
scripts/test_native_two_bit_quality.py: OK
scripts/test_native_two_bit_returned_recall.py: OK
scripts/test_native_two_bit_returned_replay.py: OK
scripts/test_native_two_bit_topology.py: OK
scripts/test_native_two_bit_topology_runner.py: OK
scripts/test_native_verified_s3_ranges.py: OK
scripts/test_normalize_simd_datatype_cell.py: OK
scripts/test_observe_publication_v3_index.py: OK
scripts/test_optional_rank_utility.py: OK
scripts/test_pq_cosine_margin_utility.py: OK
scripts/test_predicted_interval_prices.py: OK
scripts/test_preflight_s3_vectors_service.py: OK
scripts/test_prepare_beir_publication_dataset.py: OK
scripts/test_prepare_hybrid_dataset.py: OK
scripts/test_prepare_simd_fixture_datasets.py: OK
scripts/test_priced_interval_oracle.py: OK
scripts/test_probe_table_format_compatibility.py: OK
scripts/test_probe_vector_format_compatibility.py: OK
scripts/test_promote_publication_v3_dataset.py: OK
scripts/test_publication_protocol.py: OK
scripts/test_publication_v3_attestation.py: OK
scripts/test_publication_v3_aws.py: OK
scripts/test_publication_v3_clones.py: OK
scripts/test_publication_v3_controller.py: OK
scripts/test_publication_v3_datasets.py: OK
scripts/test_publication_v3_execution.py: OK
scripts/test_publication_v3_protocol.py: OK
scripts/test_publication_v3_receipts.py: OK
scripts/test_publication_v3_results.py: OK
scripts/test_reconcile_publication_v3_staging.py: OK
scripts/test_recount_base_only.py: OK
scripts/test_recount_native_one_million_data_range.py: OK
scripts/test_reduce_bounded_reader_result.py: OK
scripts/test_render_borsuk_table_format_charts.py: OK
scripts/test_render_cache_coverage_charts.py: OK
scripts/test_render_hybrid_retrieval_charts.py: OK
scripts/test_render_recall_latency_charts.py: OK
scripts/test_render_resource_charts.py: OK
scripts/test_replay_storage_access_traces.py: OK
scripts/test_rest_coexistence_load.py: OK
scripts/test_run_publication_v3_cell.py: OK
scripts/test_run_publication_v3_read_campaign.py: OK
scripts/test_run_rest_coexistence_attempt.py: OK
scripts/test_run_v23_balanced_page_falsifier.py: OK
scripts/test_run_v23_incidence_development_screen.py: OK
scripts/test_run_v23_leaf_page_incidence_falsifier.py: OK
scripts/test_run_v23_rabitq_construction.py: OK
scripts/test_run_v23_rabitq_falsifier.py: OK
scripts/test_run_v24_reduced_preflight.py: OK
scripts/test_run_v24_witness_page_router.py: OK
scripts/test_run_v25_page_containment.py: OK
scripts/test_run_v26_page_layout.py: OK
scripts/test_run_v26_pq4_100m_campaign.py: OK
scripts/test_run_v27_reduced_quality.py: OK
scripts/test_run_v27_s3_page_campaign.py: OK
scripts/test_run_v30_reduced_quality.py: OK
scripts/test_run_v30_s3_campaign.py: OK
scripts/test_run_v30_untouched_quality.py: OK
scripts/test_run_v30_variable_rate_reproduction.py: OK
scripts/test_run_v31_residual_correction_falsifier.py: OK
scripts/test_run_v32_no_page_containment.py: OK
scripts/test_run_v32_s3_latency_preflight.py: OK
scripts/test_run_v36_dataset_freeze.py: OK
scripts/test_run_v36_prefix_screen.py: OK
scripts/test_run_v37_relation_router_spot.py: OK
scripts/test_run_v38_boundary_spill_spot.py: OK
scripts/test_seal_publication_v3_index.py: OK
scripts/test_seaweedfs_smoke.py: OK
scripts/test_source_cover_frontier.py: OK
scripts/test_source_rank_utility.py: OK
scripts/test_sparse_cover_frontier.py: OK
scripts/test_stage_publication_v3_dataset.py: OK
scripts/test_stage_v23_leaf_page_incidence_inputs.py: OK
scripts/test_stage_v24_witness_inputs.py: OK
scripts/test_stage_v25_page_containment.py: OK
scripts/test_storage_layout_inventory.py: OK
scripts/test_unconstrained_priced_interval.py: OK
scripts/test_v100_page_residual_range_rescore.py: OK
scripts/test_v100_page_residual_range_screen.py: OK
scripts/test_v101_two_stage_residual_pq_rescore.py: OK
scripts/test_v101_two_stage_residual_pq_screen.py: OK
scripts/test_v102_two_wave_pq48_refinement.py: OK
scripts/test_v102_two_wave_pq48_rescore.py: OK
scripts/test_v103_metric_aware_pq48.py: OK
scripts/test_v103_metric_aware_pq48_rescore.py: OK
scripts/test_v104_exact_retention_ladder.py: OK
scripts/test_v104_exact_retention_ladder_ci.py: OK
scripts/test_v104_exact_retention_ladder_rescore.py: OK
scripts/test_v105_exact_retention_comparison.py: OK
scripts/test_v105_exact_retention_confirmation.py: OK
scripts/test_v105_exact_retention_confirmation_rescore.py: OK
scripts/test_v106_anisotropic_pq48.py: OK
scripts/test_v106_anisotropic_pq48_rescore.py: OK
scripts/test_v109_capped_reader_replay.py: OK
scripts/test_v109_range_plan.py: OK
scripts/test_v110_physical_interval_oracle.py: OK
scripts/test_v111_weighted_interval_plan.py: OK
scripts/test_v112_precise_nominee_route.py: OK
scripts/test_v113_100k_score_screen.py: OK
scripts/test_v113_resident_score.py: OK
scripts/test_v113_score_artifact.py: OK
scripts/test_v114_1m_mirror.py: OK
scripts/test_v114_1m_paired.py: OK
scripts/test_v114_exact_local_mirror.py: OK
scripts/test_v115_page_authority.py: OK
scripts/test_v115_source_router.py: OK
scripts/test_v116_validation_paired.py: OK
scripts/test_v120_source_layout.py: OK
scripts/test_v121_cli_wiring.py: OK
scripts/test_v121_deep_image_paired.py: OK
scripts/test_v121_download_index.py: OK
scripts/test_v121_launch_gate.py: OK
scripts/test_v122_subset_screen.py: OK
scripts/test_v123_launcher.py: OK
scripts/test_v123_rerank_diagnostic.py: OK
scripts/test_v124_launcher.py: OK
scripts/test_v124_source_tier_precision.py: OK
scripts/test_v126_relaion_expansion_source.py: OK
scripts/test_v157_primary_source_feasibility.py: OK
scripts/test_v166_postterminal_rank_diagnostic.py: OK
scripts/test_v166_surrogate_core.py: OK
scripts/test_v166_surrogate_probe.py: OK
scripts/test_v167_min_cost_vote_frontier.py: OK
scripts/test_v167_vote_frontier_run.py: OK
scripts/test_v168_pq_neighbor_ranking_run.py: OK
scripts/test_v168_scored_neighbor_field.py: OK
scripts/test_v169_costed_interval_frontier.py: OK
scripts/test_v170_pq_field_100k.py: OK
scripts/test_v171_primary_feasibility.py: OK
scripts/test_v180_pq_rank_signal.py: OK
scripts/test_v181_neighborhood_reach.py: OK
scripts/test_v182_wide_pq_rank.py: OK
scripts/test_v183_source_physical_admission.py: OK
scripts/test_v184_full_source_oracle.py: OK
scripts/test_v185_pq_metric_source.py: OK
scripts/test_v186_cosine_width_ladder.py: OK
scripts/test_v187_cosine_physical_plan.py: OK
scripts/test_v188_leave_one_out_source.py: OK
scripts/test_v189_predicted_interval_source.py: OK
scripts/test_v190_frozen_rank_replication.py: OK
scripts/test_v192_optional_rank_plan_fit.py: OK
scripts/test_v193_optional_100k_transfer.py: OK
scripts/test_v194_fresh_1m_optional_source.py: OK
scripts/test_v206_deep_image_tail.py: OK
scripts/test_v219_launcher_state.py: OK
scripts/test_v220_bench_graph_http.py: OK
scripts/test_v220_score_graph_http.py: OK
scripts/test_v222_score_external_graph_http.py: OK
scripts/test_v230_score_mutation_graph_http.py: OK
scripts/test_v231_score_indexed_delta_100k.py: OK
scripts/test_v232_score_decoded_delta_100k.py: OK
scripts/test_v234_score_blocked_delta_100k.py: OK
scripts/test_v235_score_screened_delta_100k.py: OK
scripts/test_v23_clustered_page_prototype_falsifier.py: OK
scripts/test_v248_prepare_cohere_graph.py: OK
scripts/test_v254_prepare_coarse_pq.py: OK
scripts/test_v26_pq4_100m_authority.py: OK
scripts/test_v271_fresh_frontier.py: OK
scripts/test_v272_10m_scale.py: OK
scripts/test_v280_http.py: OK
scripts/test_v281_10m.py: OK
scripts/test_v282_prepare_pair.py: OK
scripts/test_v282_seal_generation.py: OK
scripts/test_v282_summarize_falsifier.py: OK
scripts/test_v283_dev64_summary.py: OK
scripts/test_v283_page_oracle.py: OK
scripts/test_v283_semantic_cell_layout.py: OK
scripts/test_v284_page_primary_dev64.py: OK
scripts/test_v32_code_object_interchange.py: OK
scripts/test_v32_global_serving.py: OK
scripts/test_v32_page_budget_ladder.py: OK
scripts/test_v33_group_proxy.py: OK
scripts/test_v85_build_delta.py: OK
scripts/test_v85_memory_worksheet.py: OK
scripts/test_v85_mutation_screen.py: OK
scripts/test_v85_pq16_page_nomination.py: OK
scripts/test_v85_qualification.py: OK
scripts/test_v85_shared_overlay_screen.py: OK
scripts/test_v86_coarse_to_fine_screen.py: OK
scripts/test_v87_summary_capacity_screen.py: OK
scripts/test_v88_planner_objective_screen.py: OK
scripts/test_v89_calibrated_planner_screen.py: OK
scripts/test_v90_residual_row_sketch_screen.py: OK
scripts/test_v91_soft_occupancy_screen.py: OK
scripts/test_v92_wave2_nominated_rows_screen.py: OK
scripts/test_v93_protected_rescue_screen.py: OK
scripts/test_v94_protected_rescue_confirmation.py: OK
scripts/test_v95_real_s3_plan_replay.py: OK
scripts/test_v96_s3_transport_order_probe.py: OK
scripts/test_v97_row_width_rescore.py: OK
scripts/test_v97_row_width_screen.py: OK
scripts/test_v98_hierarchical_row_router.py: OK
scripts/test_v98_hierarchical_row_router_rescore.py: OK
scripts/test_v99_ranked_gap_range_router.py: OK
scripts/test_v99_ranked_gap_range_router_rescore.py: OK
scripts/test_validate_approximate_first_qualification.py: OK
scripts/test_validate_benchmark_artifacts.py: OK
scripts/test_validate_bounded_native_result.py: OK
scripts/test_validate_format_qualification.py: OK
scripts/test_validate_global_cell_stripe_confirmation.py: OK
scripts/test_validate_global_cell_stripes.py: OK
scripts/test_validate_global_range_hedge_qualification.py: OK
scripts/test_validate_group_commit_diagnostic.py: OK
scripts/test_validate_group_commit_scalability.py: OK
scripts/test_validate_hybrid_dataset.py: OK
scripts/test_validate_logical_cell_routing_results.py: OK
scripts/test_validate_native_geometric_layout_result.py: OK
scripts/test_validate_native_one_million_data_range_cell.py: OK
scripts/test_validate_native_one_million_selector.py: OK
scripts/test_validate_native_residual_row_score_result.py: OK
scripts/test_validate_native_row_score_result.py: OK
scripts/test_validate_native_two_bit_returned_replay.py: OK
scripts/test_validate_object_store_floor.py: OK
scripts/test_validate_physical_get_admission_results.py: OK
scripts/test_validate_publication_v2_results.py: OK
scripts/test_validate_publication_v3_results.py: OK
scripts/test_validate_realistic_durable_write.py: OK
scripts/test_validate_reported_comparisons.py: OK
scripts/test_validate_research_docs.py: OK
scripts/test_validate_simd_datatype_results.py: OK
scripts/test_validate_v114_1m_paired.py: OK
scripts/test_validate_v115_returned_replay.py: OK
scripts/test_validate_v115_router_parity.py: OK
scripts/test_validate_wal_layout_qualification.py: OK
scripts/unconstrained_priced_interval.py: OK
scripts/v100_page_residual_range_rescore.py: OK
scripts/v100_page_residual_range_run_remote.sh: OK
scripts/v100_page_residual_range_screen.py: OK
scripts/v101_two_stage_residual_pq_rescore.py: OK
scripts/v101_two_stage_residual_pq_run_remote.sh: OK
scripts/v101_two_stage_residual_pq_screen.py: OK
scripts/v102_two_wave_pq48_refinement.py: OK
scripts/v102_two_wave_pq48_rescore.py: OK
scripts/v102_two_wave_pq48_run_remote.sh: OK
scripts/v103_metric_aware_pq48.py: OK
scripts/v103_metric_aware_pq48_rescore.py: OK
scripts/v103_metric_aware_pq48_run_remote.sh: OK
scripts/v104_exact_retention_ladder.py: OK
scripts/v104_exact_retention_ladder_ci.py: OK
scripts/v104_exact_retention_ladder_rescore.py: OK
scripts/v104_exact_retention_ladder_run_remote.sh: OK
scripts/v105_exact_retention_comparison.py: OK
scripts/v105_exact_retention_confirmation.py: OK
scripts/v105_exact_retention_confirmation_rescore.py: OK
scripts/v105_exact_retention_confirmation_run_remote.sh: OK
scripts/v106_anisotropic_pq48.py: OK
scripts/v106_anisotropic_pq48_rescore.py: OK
scripts/v106_anisotropic_pq48_run_remote.sh: OK
scripts/v109_capped_reader_replay.py: OK
scripts/v109_range_plan.py: OK
scripts/v110_physical_interval_oracle.py: OK
scripts/v111_weighted_interval_plan.py: OK
scripts/v111_weighted_reader_replay.py: OK
scripts/v112_precise_nominee_route.py: OK
scripts/v113_100k_score_screen.py: OK
scripts/v113_resident_score.py: OK
scripts/v113_score_artifact.py: OK
scripts/v114_1m_mirror.py: OK
scripts/v114_1m_paired.py: OK
scripts/v114_exact_local_100k.py: OK
scripts/v114_score_rust/Cargo.lock: OK
scripts/v114_score_rust/Cargo.toml: OK
scripts/v114_score_rust/src/bin/v144_page_parity.rs: OK
scripts/v114_score_rust/src/bin/v145_page_parity.rs: OK
scripts/v114_score_rust/src/bin/v146_centroid_score.rs: OK
scripts/v114_score_rust/src/bin/v149_contiguous_hierarchy.rs: OK
scripts/v114_score_rust/src/main.rs: OK
scripts/v114_weighted_interval_plan.py: OK
scripts/v115_compose_replay_requests.py: OK
scripts/v115_page_authority.py: OK
scripts/v115_source_router.py: OK
scripts/v116_validation_paired.py: OK
scripts/v120_source_layout.py: OK
scripts/v121_deep_image_paired.py: OK
scripts/v121_download_index.py: OK
scripts/v122_subset_screen.py: OK
scripts/v123_rerank_diagnostic.py: OK
scripts/v124_source_tier_precision.py: OK
scripts/v126_relaion_expansion_source.py: OK
scripts/v131_source_replay_preflight.py: OK
scripts/v131_source_replay_prepare.py: OK
scripts/v137_halo_ceiling.py: OK
scripts/v137_v116_vote_inventory.py: OK
scripts/v138_unit_bound_feasibility.py: OK
scripts/v139_centroid_page_screen.py: OK
scripts/v140_budgeted_page_rank.py: OK
scripts/v140_postterminal_recount.py: OK
scripts/v141_deep_returned_quality.py: OK
scripts/v142_relaion_returned_quality.py: OK
scripts/v147_route_diagnostics.py: OK
scripts/v150_postterminal_truth_coverage.py: OK
scripts/v151_independent_recount.py: OK
scripts/v151_prepare_fresh.py: OK
scripts/v151_returned_audit.py: OK
scripts/v151_returned_quality.py: OK
scripts/v152_independent_recount.py: OK
scripts/v152_prepare_fresh.py: OK
scripts/v152_returned_audit.py: OK
scripts/v152_returned_quality.py: OK
scripts/v153_compare_closed_plan_parity.py: OK
scripts/v154_independent_recount.py: OK
scripts/v154_prepare_relaion_graph.py: OK
scripts/v155_independent_recount.py: OK
scripts/v155_relaion_returned_quality.py: OK
scripts/v157_check_primary_feasibility.py: OK
scripts/v157_primary_source_feasibility.py: OK
scripts/v158_check_pq_primary_returned.py: OK
scripts/v158_pq_primary_returned.py: OK
scripts/v159_check_route_loss.py: OK
scripts/v159_route_loss_decomposition.py: OK
scripts/v160_check_geometric_relayout.py: OK
scripts/v160_geometric_relayout_primary.py: OK
scripts/v161_check_geometric_relayout.py: OK
scripts/v161_geometric_relayout_1m.py: OK
scripts/v162_check_closed_route_loss.py: OK
scripts/v162_closed_route_loss.py: OK
scripts/v163_check_smooth_layout.py: OK
scripts/v163_smooth_layout_100k.py: OK
scripts/v164_check_smooth_layout.py: OK
scripts/v164_smooth_layout_1m.py: OK
scripts/v165_unit_interval_resources.py: OK
scripts/v166_postterminal_iso_byte_curve.py: OK
scripts/v166_postterminal_rank_diagnostic.py: OK
scripts/v166_surrogate_core.py: OK
scripts/v166_surrogate_probe.py: OK
scripts/v166_surrogate_ranking_run.py: OK
scripts/v167_min_cost_vote_frontier.py: OK
scripts/v167_vote_frontier_run.py: OK
scripts/v168_pq_neighbor_ranking_run.py: OK
scripts/v168_scored_neighbor_field.py: OK
scripts/v169_costed_interval_frontier.py: OK
scripts/v170_pq_field_100k.py: OK
scripts/v171_primary_feasibility.py: OK
scripts/v177_source_candidate_ceiling.py: OK
scripts/v178_source_oracle_physical.py: OK
scripts/v180_pq_rank_signal.py: OK
scripts/v181_neighborhood_reach.py: OK
scripts/v182_wide_pq_rank.py: OK
scripts/v183_source_physical_admission.py: OK
scripts/v184_full_source_oracle.py: OK
scripts/v185_pq_metric_source.py: OK
scripts/v186_cosine_width_ladder.py: OK
scripts/v187_cosine_physical_plan.py: OK
scripts/v188_leave_one_out_source.py: OK
scripts/v189_predicted_interval_source.py: OK
scripts/v190_frozen_rank_replication.py: OK
scripts/v192_candidate_oracle_fit.py: OK
scripts/v192_optional_rank_fit_diagnostic.py: OK
scripts/v192_optional_rank_plan_fit.py: OK
scripts/v193_optional_100k_transfer.py: OK
scripts/v194_fresh_1m_optional_source.py: OK
scripts/v195_used_1m_rerank_diagnostic.py: OK
scripts/v196_resident_fp16_cases.py: OK
scripts/v197_fresh_resident_fp16_source.py: OK
scripts/v198_real_query_resident_fp16.py: OK
scripts/v199_build_sq8_pages.py: OK
scripts/v200_uncapped_weights.py: OK
scripts/v206_deep_image_fp16.py: OK
scripts/v207_resident_nominee_fp16.py: OK
scripts/v209_prepare_resident_map.py: OK
scripts/v209_score_resident_1m.py: OK
scripts/v210_resident_neighborhood_100k.py: OK
scripts/v211_pq_resident_neighborhood_100k.py: OK
scripts/v212_prepare_rust_100k.py: OK
scripts/v212_score_rust_100k.py: OK
scripts/v213_prepare_graph_100k.py: OK
scripts/v213_score_graph_100k.py: OK
scripts/v214_score_pq_graph_100k.py: OK
scripts/v215_score_pq_cosine_graph_100k.py: OK
scripts/v216_score_heldout_pq_cosine_graph_100k.py: OK
scripts/v217_prepare_graph_1m.py: OK
scripts/v217_score_graph_1m.py: OK
scripts/v218_score_reachable_graph_100k.py: OK
scripts/v219_score_reachable_graph_1m.py: OK
scripts/v220_bench_graph_http.py: OK
scripts/v220_score_graph_http.py: OK
scripts/v222_score_external_graph_http.py: OK
scripts/v226_score_fp16_graph_source.py: OK
scripts/v229_score_mutation_overlay_100k.py: OK
scripts/v230_score_mutation_graph_http.py: OK
scripts/v231_score_indexed_delta_100k.py: OK
scripts/v232_score_decoded_delta_100k.py: OK
scripts/v233_score_decoded_graph_http.py: OK
scripts/v234_score_blocked_delta_100k.py: OK
scripts/v235_score_screened_delta_100k.py: OK
scripts/v239_score_graph_containment_100k.py: OK
scripts/v23_clustered_page_prototype_falsifier.py: OK
scripts/v240_graph_order_100k.py: OK
scripts/v246_score_graph_http.py: OK
scripts/v248_prepare_cohere_graph.py: OK
scripts/v248_score_cohere_graph.py: OK
scripts/v254_prepare_coarse_pq.py: OK
scripts/v262_score_cohere_dual_http.py: OK
scripts/v26_pq4_100m_authority.py: OK
scripts/v271_fresh_frontier.py: OK
scripts/v272_10m_scale.py: OK
scripts/v273_construction_quality.py: OK
scripts/v274_neighbour_expand.py: OK
scripts/v275_reverse_incoming.py: OK
scripts/v276_extra_reverse.py: OK
scripts/v277_extra_reverse_fresh.py: OK
scripts/v278_extra_reverse_1m.py: OK
scripts/v279_relaion_transfer_1m.py: OK
scripts/v280_http.py: OK
scripts/v281_10m.py: OK
scripts/v282_prepare_pair.py: OK
scripts/v282_seal_generation.py: OK
scripts/v282_summarize_falsifier.py: OK
scripts/v283_dev64_summary.py: OK
scripts/v283_page_oracle.py: OK
scripts/v283_semantic_cell_layout.py: OK
scripts/v284_page_primary_dev64.py: OK
scripts/v285_exact_page_rank_bound.py: OK
scripts/v286_cosine_centroid_dev64.py: OK
scripts/v287_global_pq_page_bound.py: OK
scripts/v288_source_norm_pq_page.py: OK
scripts/v289_two_bit_page_rank.py: OK
scripts/v290_centroid_prefilter.py: OK
scripts/v291_two_stage_development.py: OK
scripts/v293_bounded_two_stage.py: OK
scripts/v294_export_two_bit_source.py: OK
scripts/v296_score_validation.py: OK
scripts/v32_global_serving.py: OK
scripts/v33_group_proxy.py: OK
scripts/v53_algorithm_first_page_mlp.py: OK
scripts/v53_run_remote.sh: OK
scripts/v54_algorithm_first_binary_scan.py: OK
scripts/v54_run_remote.sh: OK
scripts/v55_algorithm_first_cross_polytope.py: OK
scripts/v55_run_remote.sh: OK
scripts/v56_algorithm_first_residual_pq24.py: OK
scripts/v56_run_remote.sh: OK
scripts/v57_algorithm_first_leaf_incidence.py: OK
scripts/v57_run_remote.sh: OK
scripts/v58_algorithm_first_prefix_pages.py: OK
scripts/v58_run_remote.sh: OK
scripts/v59_algorithm_first_cross_polytope_page_sketch.py: OK
scripts/v59_run_remote.sh: OK
scripts/v60_algorithm_first_diskann_returned_recall.py: OK
scripts/v60_run_remote.sh: OK
scripts/v61_algorithm_first_graph_page_ceiling.py: OK
scripts/v61_run_remote.sh: OK
scripts/v62_algorithm_first_page_oracle.py: OK
scripts/v62_run_remote.sh: OK
scripts/v63_algorithm_first_layout_oracle.py: OK
scripts/v63_run_remote.sh: OK
scripts/v64_algorithm_first_page_router.py: OK
scripts/v64_run_remote.sh: OK
scripts/v65_algorithm_first_two_stage.py: OK
scripts/v65_run_remote.sh: OK
scripts/v66_algorithm_first_router_ram.py: OK
scripts/v66_run_remote.sh: OK
scripts/v67_algorithm_first_request_profile.py: OK
scripts/v67_run_remote.sh: OK
scripts/v68_algorithm_first_real_s3.py: OK
scripts/v68_run_remote.sh: OK
scripts/v69_algorithm_first_serving_sweep.py: OK
scripts/v69_run_remote.sh: OK
scripts/v70_algorithm_first_single_stage_sq8.py: OK
scripts/v70_run_remote.sh: OK
scripts/v71_export_manifest.py: OK
scripts/v71_run_remote.sh: OK
scripts/v72_resident_row_router.py: OK
scripts/v72_run_remote.sh: OK
scripts/v73_export_manifest.py: OK
scripts/v73_run_remote.sh: OK
scripts/v74_run_remote.sh: OK
scripts/v75_run_remote.sh: OK
scripts/v76_run_remote.sh: OK
scripts/v77_export_manifest.py: OK
scripts/v77_run_remote.sh: OK
scripts/v77b_run_remote.sh: OK
scripts/v78_run_remote.sh: OK
scripts/v79_run_remote.sh: OK
scripts/v80_run_remote.sh: OK
scripts/v81_run_remote.sh: OK
scripts/v82_run_remote.sh: OK
scripts/v82_scale_build.py: OK
scripts/v83_Cargo.toml: OK
scripts/v83_run_remote.sh: OK
scripts/v84_run_remote.sh: OK
scripts/v85_build_delta.py: OK
scripts/v85_delta_compaction_100k_run_remote.sh: OK
scripts/v85_delta_compaction_screen.py: OK
scripts/v85_memory_worksheet.py: OK
scripts/v85_mutation_100k_run_remote.sh: OK
scripts/v85_mutation_screen.py: OK
scripts/v85_pq16_100k_rescore_run_remote.sh: OK
scripts/v85_pq16_1m_validation_run_remote.sh: OK
scripts/v85_pq16_cooccurrence_100k_run_remote.sh: OK
scripts/v85_pq16_page_nomination.py: OK
scripts/v85_pq16_rescore_summary.py: OK
scripts/v85_pq16_srht_100k_run_remote.sh: OK
scripts/v85_qualification.py: OK
scripts/v85_run_remote.sh: OK
scripts/v85_shared_overlay_run_remote.sh: OK
scripts/v85_shared_overlay_screen.py: OK
scripts/v85_sparse_residual_100k_run_remote.sh: OK
scripts/v85_sparse_residual_1m_development_run_remote.sh: OK
scripts/v85_sparse_residual_1m_validation_run_remote.sh: OK
scripts/v86_coarse_to_fine_run_remote.sh: OK
scripts/v86_coarse_to_fine_screen.py: OK
scripts/v87_summary_capacity_run_remote.sh: OK
scripts/v87_summary_capacity_screen.py: OK
scripts/v88_planner_objective_run_remote.sh: OK
scripts/v88_planner_objective_screen.py: OK
scripts/v89_calibrated_planner_run_remote.sh: OK
scripts/v89_calibrated_planner_screen.py: OK
scripts/v90_residual_row_sketch_run_remote.sh: OK
scripts/v90_residual_row_sketch_screen.py: OK
scripts/v91_soft_occupancy_run_remote.sh: OK
scripts/v91_soft_occupancy_screen.py: OK
scripts/v92_wave2_nominated_rows_run_remote.sh: OK
scripts/v92_wave2_nominated_rows_screen.py: OK
scripts/v93_protected_rescue_run_remote.sh: OK
scripts/v93_protected_rescue_screen.py: OK
scripts/v94_protected_rescue_confirmation.py: OK
scripts/v94_protected_rescue_confirmation_run_remote.sh: OK
scripts/v95_real_s3_plan_replay.py: OK
scripts/v95_real_s3_plan_replay_run_remote.sh: OK
scripts/v96_s3_transport_order_probe.py: OK
scripts/v96_s3_transport_order_probe_run_remote.sh: OK
scripts/v97_row_width_rescore.py: OK
scripts/v97_row_width_screen.py: OK
scripts/v98_hierarchical_row_router.py: OK
scripts/v98_hierarchical_row_router_rescore.py: OK
scripts/v98_hierarchical_row_router_run_remote.sh: OK
scripts/v99_ranked_gap_range_router.py: OK
scripts/v99_ranked_gap_range_router_rescore.py: OK
scripts/v99_ranked_gap_range_router_run_remote.sh: OK
scripts/validate_approximate_first_qualification.py: OK
scripts/validate_benchmark_artifacts.py: OK
scripts/validate_bounded_native_result.py: OK
scripts/validate_exact_candidate_frontier.py: OK
scripts/validate_format_qualification.py: OK
scripts/validate_global_cell_stripes.py: OK
scripts/validate_global_range_hedge_qualification.py: OK
scripts/validate_group_commit_diagnostic.py: OK
scripts/validate_group_commit_scalability.py: OK
scripts/validate_hybrid_dataset.py: OK
scripts/validate_logical_cell_routing_positioned_v12_results.py: OK
scripts/validate_native_geometric_layout_result.py: OK
scripts/validate_native_hundred_thousand_opq8.py: OK
scripts/validate_native_hundred_thousand_pq96_cell.py: OK
scripts/validate_native_hundred_thousand_sign96_cell.py: OK
scripts/validate_native_one_million_data_range_cell.py: OK
scripts/validate_native_one_million_geometric_group_order.py: OK
scripts/validate_native_one_million_page_dispersion_mass.py: OK
scripts/validate_native_one_million_page_oracle.py: OK
scripts/validate_native_one_million_page_selector.py: OK
scripts/validate_native_one_million_progressive_code_projection.py: OK
scripts/validate_native_one_million_progressive_paired_cell.py: OK
scripts/validate_native_one_million_range_selector.py: OK
scripts/validate_native_one_million_selector.py: OK
scripts/validate_native_one_million_source_range_cell.py: OK
scripts/validate_native_one_million_two_bit_code_projection.py: OK
scripts/validate_native_page_centered_group_result.py: OK
scripts/validate_native_page_microcluster_result.py: OK
scripts/validate_native_pq192_returned.py: OK
scripts/validate_native_residual_row_score_result.py: OK
scripts/validate_native_rotated_two_bit_result.py: OK
scripts/validate_native_row_score_result.py: OK
scripts/validate_native_two_bit_returned_replay.py: OK
scripts/validate_object_store_floor.py: OK
scripts/validate_physical_get_admission_results.py: OK
scripts/validate_publication_v2_results.py: OK
scripts/validate_publication_v3_results.py: OK
scripts/validate_realistic_durable_write.py: OK
scripts/validate_reported_comparisons.py: OK
scripts/validate_research_docs.py: OK
scripts/validate_simd_datatype_results.py: OK
scripts/validate_v109_capped_replay.py: OK
scripts/validate_v110_physical_interval_oracle.py: OK
scripts/validate_v111_weighted_reader.py: OK
scripts/validate_v112_precise_nominee_route.py: OK
scripts/validate_v113_100k_score_screen.py: OK
scripts/validate_v114_1m_paired.py: OK
scripts/validate_v114_exact_local_100k.py: OK
scripts/validate_v115_returned_replay.py: OK
scripts/validate_v115_router_parity.py: OK
scripts/validate_v291_exact_sq8_parity.py: OK
scripts/validate_wal_layout_qualification.py: OK
scripts/verify_fresh_cohere_seal.py: OK
scripts/verify_native_arm_sha_startup.py: OK
scripts/verify_native_centroid_bulk_cold.py: OK
scripts/verify_native_cold_first_query.py: OK
scripts/verify_native_cold_offered.py: OK
scripts/verify_native_geometry_cold_offered.py: OK
scripts/verify_native_metadata_geometry.py: OK
scripts/verify_native_metadata_ranges_cold.py: OK
scripts/verify_native_paged_cold_first_query.py: OK
scripts/verify_native_paged_cold_offered.py: OK
scripts/verify_native_peer_1m.py: OK
scripts/verify_native_peer_http_build.py: OK
scripts/verify_native_startup_profile.py: OK
scripts/verify_v63_greedy_gap.py: OK
scripts/verify_v63_router.py: OK
tests/fixtures/metadata_parity.json: OK
tests/test_certify_v178_primary_gap.py: OK
tests/test_v177_source_candidate_ceiling.py: OK
tests/test_v178_source_oracle_physical.py: OK
work.md: OK
work_state.md: OK
Cargo.lock: OK
