records,dimensions,queries,segment_max_vectors,max_segments,tie_aware_recall_at_10,id_recall_at_10,p50_ms,p95_ms,resident_bytes,rss_before,rss_peak,rss_peak_delta,avg_bytes_read,avg_segments_searched,ingest_ms,compaction_ms
10000,16,32,256,128,1.000000,1.000000,64,74,379,24559616,24920064,360448,1477968,40,765,1304
100000,16,32,256,128,1.000000,1.000000,226,306,379,52805632,53067776,262144,4937286,128,8115,13882
1000000,16,32,256,128,1.000000,1.000000,237,263,379,343736320,344113152,376832,6832450,128,75143,100113
10000000,16,32,256,128,1.000000,1.000000,264,343,379,2932686848,2932998144,311296,6934176,128,607075,934726
