records,dimensions,queries,segment_max_vectors,max_segments,tie_aware_recall_at_10,id_recall_at_10,p50_ms,p95_ms,resident_bytes,rss_before,rss_peak,rss_peak_delta,avg_bytes_read,avg_segments_searched,ingest_ms,compaction_ms
10000,16,12,4096,64,1.000000,1.000000,31,33,379,40763392,41287680,524288,1293794,3,1319,1221
100000,16,12,4096,64,1.000000,1.000000,312,347,379,77086720,77348864,262144,12859979,25,14269,14437
1000000,16,12,4096,64,0.983333,0.983333,277,837,379,287866880,288194560,327680,33938308,64,87521,81816
10000000,16,12,4096,64,0.966667,0.966667,812,842,379,2438021120,2438283264,262144,34707202,64,750904,1091237
