selectivity,selectivity_target,dimensions,records,segments_total,matching_records,p50_ms,p50_ms_std,p95_ms,p95_ms_std,avg_segments_searched,avg_segments_pruned_by_filter,avg_bytes_read,avg_rows_evaluated,avg_rows_passed_filter,id_recall_at_10
100%,1.000000,16,20000,100,20000,148.193,0.815,158.391,12.817,100.000,0.000,5786122.0,0.0,0.0,1.000000
25%,0.250000,16,20000,100,5000,37.493,0.036,38.157,0.246,25.000,75.000,1533959.0,5000.0,5000.0,1.000000
5%,0.050000,16,20000,100,1000,8.198,0.515,8.560,0.708,5.000,95.000,400545.0,1000.0,1000.0,1.000000
1%,0.010000,16,20000,100,200,2.007,0.004,2.073,0.032,1.000,99.000,171992.0,200.0,200.0,1.000000
