selectivity,selectivity_target,dimensions,records,segments_total,matching_records,p50_ms,p50_ms_std,p95_ms,p95_ms_std,avg_segments_searched,avg_segments_pruned_by_filter,avg_bytes_read,avg_rows_evaluated,avg_rows_passed_filter,id_recall_at_10
100%,1.000000,16,20000,100,20000,23.435,0.049,24.135,0.126,100.000,0.000,3088689.0,0.0,0.0,1.000000
25%,0.250000,16,20000,100,5000,6.505,0.039,6.912,0.036,25.000,75.000,857940.0,5000.0,5000.0,1.000000
5%,0.050000,16,20000,100,1000,1.842,0.017,2.116,0.050,5.000,95.000,263151.0,1000.0,1000.0,1.000000
1%,0.010000,16,20000,100,200,0.824,0.008,1.064,0.062,1.000,99.000,144213.0,200.0,200.0,1.000000
