selectivity,selectivity_target,dimensions,records,segments_total,matching_records,p50_ms,p95_ms,avg_segments_searched,avg_segments_pruned_by_filter,avg_bytes_read,avg_rows_evaluated,avg_rows_passed_filter,id_recall_at_10
100%,1.000000,16,20000,100,20000,69.404,72.714,100.000,0.000,3086741.0,0.0,0.0,1.000000
25%,0.250000,16,20000,100,5000,20.081,21.091,25.000,75.000,856141.0,5000.0,5000.0,1.000000
5%,0.050000,16,20000,100,1000,6.106,6.720,5.000,95.000,261392.0,1000.0,1000.0,1.000000
1%,0.010000,16,20000,100,200,3.021,3.781,1.000,99.000,142462.0,200.0,200.0,1.000000
