dataset,records,dimensions,segment_max_vectors,ingest_ms,ingest_vectors_per_sec,compaction_ms,compaction_vectors_per_sec,pre_compaction_segments,post_compaction_segments,compacted_segments_read,compacted_segments_written,records_rewritten,routing_page_indexes_read,routing_pages_read,routing_page_indexes_written,routing_pages_written,graph_payloads_read,graph_bytes_read,compaction_bytes_read,compaction_bytes_written,compaction_read_bytes_per_sec,compaction_write_bytes_per_sec
synthetic-uniform-n10000,10000,64,256,1009.467291,9906.214980,2755.412458,3629.220726,40,40,40,40,10000,1,1,1,1,0,0,1246573,822283,452408.856751,298424.650586
synthetic-clustered-n10000,10000,64,256,787.293125,12701.749428,3158.347333,3166.212878,40,40,40,40,10000,1,1,1,1,0,0,699720,700791,221546.247523,221885.348922
synthetic-adversarial-n10000,10000,64,256,709.639125,14091.669481,2367.961166,4223.042229,40,40,40,40,10000,1,1,1,1,0,0,360121,469256,152080.619045,198168.790408
synthetic-uniform-n100000,100000,64,256,7203.380750,13882.370441,24193.031708,4133.421607,391,391,391,391,100000,1,5,1,5,0,0,12264865,5298394,506958.579976,219004.962418
synthetic-clustered-n100000,100000,64,256,7668.947750,13039.598555,32084.634625,3116.756702,391,391,391,391,100000,1,5,1,5,0,0,6853924,5206318,213620.135623,162268.265195
synthetic-adversarial-n100000,100000,64,256,7224.522792,13841.744691,33134.896000,3017.966316,391,391,391,391,100000,1,5,1,5,0,0,3507737,4529989,105862.321101,136713.542122
sklearn-digits,1797,64,256,144.284458,12454.563887,637.563083,2818.544624,8,8,8,8,1797,1,1,1,1,0,0,234494,298857,367797.330574,468748.909667
