dataset,records,dimensions,segment_max_vectors,ingest_ms,ingest_vectors_per_sec,compaction_ms,compaction_vectors_per_sec,pre_compaction_segments,post_compaction_segments,compacted_segments_read,compacted_segments_written,records_rewritten,routing_page_indexes_read,routing_pages_read,routing_page_indexes_written,routing_pages_written,graph_payloads_read,graph_bytes_read,compaction_bytes_read,compaction_bytes_written,compaction_read_bytes_per_sec,compaction_write_bytes_per_sec
synthetic-uniform-n10000,10000,64,256,730.585333,13687.655019,2278.463125,4388.923345,40,40,40,40,10000,1,1,1,1,0,0,1246013,578229,546865.554385,253780.275685
synthetic-clustered-n10000,10000,64,256,764.142667,13086.561492,3130.984583,3193.883501,40,40,40,40,10000,1,1,1,1,0,0,699169,439893,223306.433317,140496.699469
synthetic-adversarial-n10000,10000,64,256,689.523334,14502.772433,2134.189250,4685.620078,40,40,40,40,10000,1,1,1,1,0,0,359548,303263,168470.532780,142097.520171
synthetic-uniform-n100000,100000,64,256,6985.931000,14314.484354,23553.105584,4245.724609,391,391,391,391,100000,1,5,1,5,0,0,12264077,3600756,520698.935275,152878.183608
synthetic-clustered-n100000,100000,64,256,7281.369875,13733.679475,30841.356459,3242.399540,391,391,391,391,100000,1,5,1,5,0,0,6852864,3461763,222197.230823,112244.187593
synthetic-adversarial-n100000,100000,64,256,6829.655083,14642.027860,28023.515250,3568.431694,391,391,391,391,100000,1,5,1,5,0,0,3507057,2923398,125146.933520,104319.460779
sklearn-digits,1797,64,256,143.788791,12497.497110,616.068375,2916.884023,8,8,8,8,1797,1,1,1,1,0,0,233932,208620,379717.592223,338631.243651
