dataset,records,dimensions,segment_max_vectors,ingest_ms,ingest_vectors_per_sec,compaction_ms,compaction_vectors_per_sec,pre_compaction_segments,post_compaction_segments,compacted_segments_read,compacted_segments_written,records_rewritten,routing_page_indexes_read,routing_pages_read,routing_page_indexes_written,routing_pages_written,graph_payloads_read,graph_bytes_read,compaction_bytes_read,compaction_bytes_written,compaction_read_bytes_per_sec,compaction_write_bytes_per_sec
synthetic-uniform-n10000,10000,64,256,782.345667,12782.073733,2403.575541,4160.468364,40,40,40,40,10000,1,1,1,1,0,0,1246589,822285,518639.409803,342109.072910
synthetic-clustered-n10000,10000,64,256,833.317625,12000.226204,3361.266292,2975.069254,40,40,40,40,10000,1,1,1,1,0,0,699744,700791,208178.686011,208490.175761
synthetic-adversarial-n10000,10000,64,256,759.229208,13171.253022,2394.093666,4176.946016,40,40,40,40,10000,1,1,1,1,0,0,360086,469256,150405.978310,196005.697966
synthetic-uniform-n100000,100000,64,256,7877.617250,12694.193793,26098.047833,3831.704219,391,391,391,391,100000,1,5,1,5,0,0,12264868,5298394,469953.464661,203018.786459
synthetic-clustered-n100000,100000,64,256,8505.869625,11756.587440,35461.090750,2819.992219,391,391,391,391,100000,1,5,1,5,0,0,6854028,5206322,193283.056303,146817.875307
synthetic-adversarial-n100000,100000,64,256,7679.904875,13020.994612,32071.927375,3117.991595,391,391,391,391,100000,1,5,1,5,0,0,3507984,4529989,109378.646284,141244.676288
sklearn-digits,1797,64,256,174.225500,10314.219216,718.489500,2501.080392,8,8,8,8,1797,1,1,1,1,0,0,234498,298857,326376.377108,415951.798878
