dataset,records,dimensions,segment_max_vectors,ingest_ms,ingest_vectors_per_sec,compaction_ms,compaction_vectors_per_sec,pre_compaction_segments,post_compaction_segments,compacted_segments_read,compacted_segments_written,records_rewritten,routing_page_indexes_read,routing_pages_read,routing_page_indexes_written,routing_pages_written,graph_payloads_read,graph_bytes_read,compaction_bytes_read,compaction_bytes_written,compaction_read_bytes_per_sec,compaction_write_bytes_per_sec
synthetic-uniform-n10000,10000,64,256,698.818000,14309.877536,2179.390541,4588.438746,40,40,40,40,10000,1,1,1,1,0,0,1246049,578229,571741.951045,265316.834740
synthetic-clustered-n10000,10000,64,256,740.831000,13498.355225,3025.871750,3304.832731,40,40,40,40,10000,1,1,1,1,0,0,699179,439893,231066.964421,145377.278465
synthetic-adversarial-n10000,10000,64,256,698.982708,14306.505562,2242.040167,4460.223393,40,40,40,40,10000,1,1,1,1,0,0,359560,303263,160371.792304,135262.072671
synthetic-uniform-n100000,100000,64,256,7168.823042,13949.291176,25816.389708,3873.508307,391,391,391,391,100000,1,5,1,5,0,0,12263438,3600756,475025.289698,139475.582788
synthetic-clustered-n100000,100000,64,256,7720.081709,12953.230778,33557.295375,2979.977942,391,391,391,391,100000,1,5,1,5,0,0,6852867,3461764,204213.924973,103159.803593
synthetic-adversarial-n100000,100000,64,256,7061.204417,14161.889969,29248.525834,3418.975731,391,391,391,391,100000,1,5,1,5,0,0,3506598,2923398,119889.734611,99950.268147
sklearn-digits,1797,64,256,142.544208,12606.615346,628.456916,2859.384556,8,8,8,8,1797,1,1,1,1,0,0,233919,208620,372211.672821,331955.929975
