dataset,records,dimensions,segment_max_vectors,ingest_ms,ingest_vectors_per_sec,compaction_ms,compaction_vectors_per_sec,pre_compaction_segments,post_compaction_segments,compacted_segments_read,compacted_segments_written,records_rewritten,routing_page_indexes_read,routing_pages_read,routing_page_indexes_written,routing_pages_written,graph_payloads_read,graph_bytes_read,compaction_bytes_read,compaction_bytes_written,compaction_read_bytes_per_sec,compaction_write_bytes_per_sec
synthetic-uniform-n10000,10000,64,256,973.768000,10269.386548,2461.701750,4062.230528,40,40,40,40,10000,1,1,1,1,0,0,1246045,578229,506172.203842,234889.949605
synthetic-clustered-n10000,10000,64,256,671.134041,14900.153157,3205.008917,3120.116124,40,40,40,40,10000,1,1,1,1,0,0,699197,439893,218157.583366,137251.724220
synthetic-adversarial-n10000,10000,64,256,606.785541,16480.287226,2355.025833,4246.237922,40,40,40,40,10000,1,1,1,1,0,0,359554,303263,152675.182990,128772.685102
synthetic-uniform-n100000,100000,64,256,7328.570083,13645.226677,29836.720459,3351.574786,391,391,391,391,100000,1,5,1,5,0,0,12263803,3600754,411030.529205,120681.963185
synthetic-clustered-n100000,100000,64,256,4560.153125,21929.088182,20815.726250,4804.060103,391,391,391,391,100000,1,5,1,5,0,0,6852595,3461763,329202.782440,166305.175156
synthetic-adversarial-n100000,100000,64,256,4524.418291,22102.288862,16483.406583,6066.707115,391,391,391,391,100000,1,5,1,5,0,0,3506787,2923397,212746.496444,177353.933805
sklearn-digits,1797,64,256,101.530834,17699.056821,376.802833,4769.072424,8,8,8,8,1797,1,1,1,1,0,0,233911,208620,620778.241336,553658.257660
