 Downloading crates ...
  Downloaded anstream v1.0.0
  Downloaded difflib v0.4.0
  Downloaded assert_cmd v2.2.2
  Downloaded anstyle-query v1.1.5
  Downloaded colorchoice v1.0.5
  Downloaded heck v0.5.0
  Downloaded convert_case v0.11.0
  Downloaded anstyle-parse v1.0.0
  Downloaded clap_derive v4.6.1
  Downloaded futures-executor v0.3.32
  Downloaded bstr v1.12.3
  Downloaded ctor v1.0.7
  Downloaded is_terminal_polyfill v1.70.2
  Downloaded nohash-hasher v0.2.0
  Downloaded libloading v0.9.0
  Downloaded napi-derive v3.5.8
  Downloaded napi-derive-backend v5.1.0
  Downloaded predicates-core v1.0.10
  Downloaded pyo3-ffi v0.29.0
  Downloaded predicates v3.1.4
  Downloaded pyo3-macros v0.29.0
  Downloaded napi v3.10.0
  Downloaded napi-build v2.3.2
  Downloaded pyo3-build-config v0.29.0
  Downloaded predicates-tree v1.0.13
  Downloaded target-lexicon v0.13.5
  Downloaded pyo3-macros-backend v0.29.0
  Downloaded strsim v0.11.1
  Downloaded termtree v0.5.1
  Downloaded napi-sys v3.2.2
  Downloaded unicode-segmentation v1.13.3
  Downloaded pyo3 v0.29.0
  Downloaded utf8parse v0.2.2
  Downloaded wait-timeout v0.2.1
   Compiling proc-macro2 v1.0.106
   Compiling unicode-ident v1.0.24
   Compiling quote v1.0.46
   Compiling syn v2.0.118
   Compiling libc v0.2.186
    Checking cfg-if v1.0.4
   Compiling autocfg v1.5.1
   Compiling libm v0.2.16
   Compiling jobserver v0.1.34
   Compiling find-msvc-tools v0.1.9
   Compiling shlex v2.0.1
   Compiling cc v1.2.65
   Compiling num-traits v0.2.19
    Checking bytes v1.12.0
    Checking once_cell v1.21.4
    Checking memchr v2.8.2
   Compiling synstructure v0.13.2
   Compiling pkg-config v0.3.33
    Checking pin-project-lite v0.2.17
   Compiling serde_core v1.0.228
    Checking futures-core v0.3.32
    Checking itoa v1.0.18
   Compiling zerofrom-derive v0.1.7
    Checking zerofrom v0.1.8
   Compiling yoke-derive v0.8.2
    Checking stable_deref_trait v1.2.1
   Compiling version_check v0.9.5
    Checking yoke v0.8.3
   Compiling zerocopy v0.8.52
    Checking futures-sink v0.3.32
    Checking errno v0.3.14
   Compiling zerocopy-derive v0.8.52
   Compiling zerovec-derive v0.11.3
   Compiling serde v1.0.228
    Checking zerovec v0.11.6
    Checking signal-hook-registry v1.4.8
    Checking socket2 v0.6.4
    Checking mio v1.2.1
   Compiling serde_derive v1.0.228
   Compiling tokio-macros v2.7.0
   Compiling displaydoc v0.2.6
    Checking slab v0.4.12
    Checking smallvec v1.15.2
    Checking typenum v1.20.1
    Checking tokio v1.52.3
    Checking futures-channel v0.3.32
    Checking log v0.4.33
    Checking http v1.4.2
    Checking tracing-core v0.1.36
   Compiling tracing-attributes v0.1.31
   Compiling futures-macro v0.3.32
    Checking futures-io v0.3.32
    Checking futures-task v0.3.32
    Checking futures-util v0.3.32
    Checking tracing v0.1.44
    Checking tinystr v0.8.3
    Checking litemap v0.8.2
    Checking hashbrown v0.17.1
    Checking writeable v0.6.3
    Checking icu_locale_core v2.2.0
    Checking zerotrie v0.2.4
    Checking potential_utf v0.1.5
   Compiling icu_properties_data v2.2.0
    Checking utf8_iter v1.0.4
    Checking percent-encoding v2.3.2
   Compiling icu_normalizer_data v2.2.0
    Checking icu_collections v2.2.0
    Checking icu_provider v2.2.0
   Compiling generic-array v0.14.7
    Checking bitflags v2.13.0
    Checking half v2.7.1
    Checking num-integer v0.1.46
    Checking either v1.16.0
    Checking icu_normalizer v2.2.0
    Checking icu_properties v2.2.0
    Checking form_urlencoded v1.2.2
   Compiling semver v1.0.28
   Compiling zmij v1.0.21
    Checking idna_adapter v1.2.2
   Compiling zstd-sys v2.0.16+zstd.1.5.7
    Checking iana-time-zone v0.1.65
   Compiling getrandom v0.3.4
   Compiling serde_json v1.0.150
    Checking chrono v0.4.45
    Checking idna v1.1.0
    Checking block-buffer v0.10.4
    Checking crypto-common v0.1.7
    Checking num-bigint v0.4.6
   Compiling ahash v0.8.12
    Checking num-complex v0.4.6
   Compiling parking_lot_core v0.9.12
    Checking base64 v0.22.1
    Checking arrow-buffer v58.4.0
    Checking digest v0.10.7
    Checking url v2.5.8
   Compiling rustc_version v0.4.1
    Checking scopeguard v1.2.0
    Checking arrow-schema v58.4.0
   Compiling zstd-safe v7.2.4
   Compiling thiserror v2.0.18
   Compiling paste v1.0.15
   Compiling crossbeam-utils v0.8.21
    Checking arrow-data v58.4.0
    Checking lock_api v0.4.14
   Compiling flatbuffers v25.12.19
   Compiling thiserror-impl v2.0.18
   Compiling crossbeam-epoch v0.9.20
    Checking alloc-no-stdlib v2.0.4
    Checking alloc-stdlib v0.2.4
    Checking parking_lot v0.12.5
    Checking arrow-array v58.4.0
    Checking futures-executor v0.3.32
   Compiling async-trait v0.1.89
    Checking cpufeatures v0.2.17
    Checking humantime v2.3.0
   Compiling snap v1.1.1
    Checking rand_core v0.10.1
   Compiling getrandom v0.4.3
    Checking sha2 v0.10.9
    Checking futures v0.3.32
    Checking arrow-select v58.4.0
    Checking zstd v0.13.3
    Checking brotli-decompressor v5.0.3
    Checking itertools v0.14.0
    Checking ordered-float v2.10.1
    Checking twox-hash v2.1.2
    Checking integer-encoding v3.0.4
    Checking byteorder v1.5.0
   Compiling rayon-core v1.13.0
    Checking zlib-rs v0.6.5
    Checking flate2 v1.1.9
    Checking thrift v0.17.0
    Checking lz4_flex v0.13.1
    Checking object_store v0.13.2
    Checking brotli v8.0.4
    Checking arrow-ipc v58.4.0
    Checking crossbeam-deque v0.8.6
    Checking simdutf8 v0.1.5
   Compiling seq-macro v0.3.6
    Checking parquet v58.4.0
    Checking rayon v1.12.0
   Compiling cmake v0.1.58
   Compiling dunce v1.0.5
   Compiling fs_extra v1.3.0
   Compiling aws-lc-sys v0.45.0
   Compiling rustix v1.1.4
   Compiling aws-lc-rs v1.18.1
    Checking zeroize v1.9.0
    Checking linux-raw-sys v0.12.1
    Checking http-body v1.0.1
    Checking fastrand v2.4.1
    Checking tempfile v3.27.0
    Checking rustls-pki-types v1.15.0
    Checking tower-service v0.3.3
    Checking equivalent v1.0.2
   Compiling httparse v1.10.1
    Checking indexmap v2.14.0
    Checking tokio-util v0.7.18
   Compiling rustls v0.23.45
    Checking fnv v1.0.7
    Checking atomic-waker v1.1.2
    Checking untrusted v0.9.0
    Checking try-lock v0.2.5
    Checking want v0.3.1
    Checking rustls-webpki v0.103.15
    Checking h2 v0.4.16
    Checking sync_wrapper v1.0.2
    Checking tower-layer v0.3.3
    Checking subtle v2.6.1
    Checking httpdate v1.0.3
    Checking hyper v1.10.1
    Checking hybrid-array v0.4.13
    Checking ipnet v2.12.0
    Checking hyper-util v0.1.20
    Checking tower v0.5.3
    Checking http-body-util v0.1.3
   Compiling rustversion v1.0.22
    Checking openssl-probe v0.2.1
    Checking cpufeatures v0.3.0
    Checking bytemuck v1.25.1
   Compiling cfg_aliases v0.2.1
   Compiling nix v0.31.3
    Checking safe_arch v0.7.4
    Checking rustls-native-certs v0.8.4
    Checking crypto-common v0.2.2
    Checking block-buffer v0.12.1
    Checking tokio-rustls v0.26.4
    Checking crc-catalog v2.5.0
    Checking same-file v1.0.6
    Checking ryu v1.0.23
    Checking serde_urlencoded v0.7.1
    Checking walkdir v2.5.0
    Checking crc v3.3.0
    Checking hyper-rustls v0.27.9
    Checking digest v0.11.3
    Checking rustls-platform-verifier v0.7.0
    Checking wide v0.7.33
    Checking chacha20 v0.10.1
    Checking tower-http v0.6.11
    Checking spin v0.10.1
    Checking crc-fast v1.9.0
    Checking reqwest v0.13.4
    Checking rand v0.10.1
    Checking md-5 v0.11.0
    Checking itertools v0.15.0
    Checking quick-xml v0.41.0
    Checking object_store v0.14.1
    Checking aho-corasick v1.1.4
    Checking regex-syntax v0.8.11
    Checking regex-automata v0.4.14
    Checking borsuk-fma v0.1.0 (/mnt/borsuk-reducer/source/crates/borsuk-fma)
    Checking ppv-lite86 v0.2.21
   Compiling matrixmultiply v0.3.11
    Checking rand_core v0.9.5
    Checking rand_chacha v0.9.0
    Checking approx v0.5.1
   Compiling blake3 v1.8.5
    Checking rawpointer v0.2.1
    Checking simba v0.9.1
    Checking regex v1.12.4
    Checking num-rational v0.4.2
   Compiling nalgebra-macros v0.2.2
    Checking constant_time_eq v0.4.2
    Checking arrayvec v0.7.7
    Checking arrayref v0.3.9
    Checking nalgebra v0.33.3
    Checking borsuk-pq4 v0.1.0 (/mnt/borsuk-reducer/source/crates/borsuk-pq4)
    Checking uuid v1.23.4
    Checking borsuk v0.1.0 (/mnt/borsuk-reducer/source/crates/borsuk)
warning: unnecessary `>= y + 1` or `x - 1 >=`
    --> crates/borsuk/src/hierarchical_semantic_cells.rs:7043:25
     |
7043 |                         depth + 1 <= prototype.manifest.input.max_depth,
     |                         ^^^^^^^^^^^^^^^^^^^^^^^^^^^^^^^^^^^^^^^^^^^^^^^ help: change it to: `depth < prototype.manifest.input.max_depth`
     |
     = help: for further information visit https://rust-lang.github.io/rust-clippy/rust-1.98.0/index.html#int_plus_one
     = note: `-W clippy::int-plus-one` implied by `-W clippy::all`
     = help: to override `-W clippy::all` add `#[allow(clippy::int_plus_one)]`

warning: unused imports: `NativeAnnRef` and `native_ann_root_bytes`
   --> crates/borsuk/src/index.rs:121:9
    |
121 |         NativeAnnRef, NativeBoundedAnnRef, native_ann_root_bytes, native_bounded_ann_root_bytes,
    |         ^^^^^^^^^^^^                       ^^^^^^^^^^^^^^^^^^^^^
    |
    = note: `#[warn(unused_imports)]` (part of `#[warn(unused)]`) on by default

warning: digits of hex, binary or octal literal not in groups of equal size
   --> crates/borsuk/src/native_ann_build.rs:745:61
    |
745 |     let row_quantizer = fit_quantizer(&vectors, dimensions, 0xB0_25_0001)?;
    |                                                             ^^^^^^^^^^^^ help: consider: `0xB025_0001`
    |
    = help: for further information visit https://rust-lang.github.io/rust-clippy/rust-1.98.0/index.html#unusual_byte_groupings
    = note: `-W clippy::unusual-byte-groupings` implied by `-W clippy::all`
    = help: to override `-W clippy::all` add `#[allow(clippy::unusual_byte_groupings)]`

warning: digits of hex, binary or octal literal not in groups of equal size
   --> crates/borsuk/src/native_ann_build.rs:772:69
    |
772 |     let summary_quantizer = fit_quantizer(&block_means, dimensions, 0xB0_25_0002)?;
    |                                                                     ^^^^^^^^^^^^ help: consider: `0xB025_0002`
    |
    = help: for further information visit https://rust-lang.github.io/rust-clippy/rust-1.98.0/index.html#unusual_byte_groupings

warning: unnecessary parentheses around `if` condition
  --> crates/borsuk/src/physical_interval.rs:85:8
   |
85 |     if (geometry.page_count == 0
   |        ^
...
91 |         || primary_pages.is_empty())
   |                                    ^
   |
   = note: `#[warn(unused_parens)]` (part of `#[warn(unused)]`) on by default
help: remove these parentheses
   |
85 ~     if geometry.page_count == 0
86 |         || geometry.full_page_units == 0
...
90 |         || geometry.max_gets == 0
91 ~         || primary_pages.is_empty()
   |

warning: unnecessary parentheses around `if` condition
   --> crates/borsuk/src/resident_fp16_tier.rs:614:12
    |
614 |         if (query.len() != self.dimensions
    |            ^
...
617 |             || top_k > candidates.len())
    |                                        ^
    |
help: remove these parentheses
    |
614 ~         if query.len() != self.dimensions
615 |             || query.iter().any(|x| !x.is_finite())
616 |             || top_k == 0
617 ~             || top_k > candidates.len()
    |

warning: digits of hex, binary or octal literal not in groups of equal size
    --> crates/borsuk/src/v41_forest_probe.rs:1394:21
     |
1394 |     let mut state = 0x41_946_5eed_u64;
     |                     ^^^^^^^^^^^^^^^^^ help: consider: `0x0004_1946_5eed_u64`
     |
     = help: for further information visit https://rust-lang.github.io/rust-clippy/rust-1.98.0/index.html#unusual_byte_groupings

warning: digits of hex, binary or octal literal not in groups of equal size
    --> crates/borsuk/src/v41_forest_probe.rs:1448:21
     |
1448 |     let mut state = 0x41_d1_8ec7_u64;
     |                     ^^^^^^^^^^^^^^^^ help: consider: `0x41d1_8ec7_u64`
     |
     = help: for further information visit https://rust-lang.github.io/rust-clippy/rust-1.98.0/index.html#unusual_byte_groupings

warning: digits of hex, binary or octal literal not in groups of equal size
    --> crates/borsuk/src/v41_forest_probe.rs:1470:29
     |
1470 |     let mut shuffle_state = 0x41_300_ada0_u64;
     |                             ^^^^^^^^^^^^^^^^^ help: consider: `0x0004_1300_ada0_u64`
     |
     = help: for further information visit https://rust-lang.github.io/rust-clippy/rust-1.98.0/index.html#unusual_byte_groupings

warning: method `refresh_resident_global_ann_from_summaries` is never used
     --> crates/borsuk/src/index.rs:25681:8
      |
 4126 | impl BorsukIndex {
      | ---------------- method in this implementation
...
25681 |     fn refresh_resident_global_ann_from_summaries(
      |        ^^^^^^^^^^^^^^^^^^^^^^^^^^^^^^^^^^^^^^^^^^
      |
      = note: `#[warn(dead_code)]` (part of `#[warn(unused)]`) on by default

warning: function `native_ann_root_from_bytes` is never used
   --> crates/borsuk/src/native_ann.rs:530:15
    |
530 | pub(crate) fn native_ann_root_from_bytes(bytes: &[u8]) -> Result<NativeAnnRef> {
    |               ^^^^^^^^^^^^^^^^^^^^^^^^^^

warning: function `native_bounded_ann_root_from_bytes` is never used
   --> crates/borsuk/src/native_ann.rs:556:15
    |
556 | pub(crate) fn native_bounded_ann_root_from_bytes(bytes: &[u8]) -> Result<NativeBoundedAnnRef> {
    |               ^^^^^^^^^^^^^^^^^^^^^^^^^^^^^^^^^^

warning: constant `PQ_WIDTH` is never used
  --> crates/borsuk/src/native_ann_build.rs:26:7
   |
26 | const PQ_WIDTH: usize = 16;
   |       ^^^^^^^^

warning: function `fit_quantizer` is never used
   --> crates/borsuk/src/native_ann_build.rs:154:4
    |
154 | fn fit_quantizer(
    |    ^^^^^^^^^^^^^

warning: function `padded_codebooks` is never used
   --> crates/borsuk/src/native_ann_build.rs:189:4
    |
189 | fn padded_codebooks(quantizer: &RotatedProductQuantizer, dimensions: usize) -> Vec<f32> {
    |    ^^^^^^^^^^^^^^^^

warning: function `encode_codebooks` is never used
   --> crates/borsuk/src/native_ann_build.rs:205:4
    |
205 | fn encode_codebooks(row: &[f32], summary: &[f32], dimensions: usize) -> Result<Vec<u8>> {
    |    ^^^^^^^^^^^^^^^^

warning: function `encode_row_codes` is never used
   --> crates/borsuk/src/native_ann_build.rs:249:4
    |
249 | fn encode_row_codes(codes: Vec<u8>) -> Result<Vec<u8>> {
    |    ^^^^^^^^^^^^^^^^

warning: function `encode_summary_codes` is never used
   --> crates/borsuk/src/native_ann_build.rs:267:4
    |
267 | fn encode_summary_codes(codes: Vec<u8>, pages: usize) -> Result<Vec<u8>> {
    |    ^^^^^^^^^^^^^^^^^^^^

warning: function `build_native_generation` is never used
   --> crates/borsuk/src/native_ann_build.rs:722:15
    |
722 | pub(crate) fn build_native_generation<'a>(
    |               ^^^^^^^^^^^^^^^^^^^^^^^

warning: struct `NativeAnnHandle` is never constructed
   --> crates/borsuk/src/native_ann_read.rs:163:19
    |
163 | pub(crate) struct NativeAnnHandle {
    |                   ^^^^^^^^^^^^^^^

warning: struct `NativeBoundedAnnHandle` is never constructed
   --> crates/borsuk/src/native_ann_read.rs:183:19
    |
183 | pub(crate) struct NativeBoundedAnnHandle {
    |                   ^^^^^^^^^^^^^^^^^^^^^^

warning: methods `generation` and `search` are never used
    --> crates/borsuk/src/native_ann_read.rs:989:25
     |
 895 | impl NativeAnnSnapshot {
     | ---------------------- methods in this implementation
...
 989 |     pub(crate) const fn generation(&self) -> u64 {
     |                         ^^^^^^^^^^
...
1039 |     pub(crate) fn search(&self, query: &[f32], k: usize) -> Result<NativeSearchOutcome> {
     |                   ^^^^^^

warning: methods `generation` and `search` are never used
    --> crates/borsuk/src/native_ann_read.rs:1319:25
     |
1194 | impl NativeBoundedAnnSnapshot {
     | ----------------------------- methods in this implementation
...
1319 |     pub(crate) const fn generation(&self) -> u64 {
     |                         ^^^^^^^^^^
...
1370 |     pub(crate) fn search(&self, query: &[f32], k: usize) -> Result<NativeBoundedSearchOutcome> {
     |                   ^^^^^^

warning: associated items `new`, `snapshot`, and `replace_if_newer` are never used
    --> crates/borsuk/src/native_ann_read.rs:1533:19
     |
1532 | impl NativeBoundedAnnHandle {
     | --------------------------- associated items in this implementation
1533 |     pub(crate) fn new(snapshot: Arc<NativeBoundedAnnSnapshot>) -> Self {
     |                   ^^^
...
1539 |     pub(crate) fn snapshot(&self) -> Arc<NativeBoundedAnnSnapshot> {
     |                   ^^^^^^^^
...
1548 |     pub(crate) fn replace_if_newer(
     |                   ^^^^^^^^^^^^^^^^

warning: associated items `new`, `snapshot`, and `replace_if_newer` are never used
    --> crates/borsuk/src/native_ann_read.rs:1567:19
     |
1566 | impl NativeAnnHandle {
     | -------------------- associated items in this implementation
1567 |     pub(crate) fn new(snapshot: Arc<NativeAnnSnapshot>) -> Self {
     |                   ^^^
...
1573 |     pub(crate) fn snapshot(&self) -> Arc<NativeAnnSnapshot> {
     |                   ^^^^^^^^
...
1582 |     pub(crate) fn replace_if_newer(&self, replacement: Arc<NativeAnnSnapshot>) -> Result<bool> {
     |                   ^^^^^^^^^^^^^^^^

warning: constant `CANDIDATE_WIDTHS` is never used
  --> crates/borsuk/src/v41_forest_probe.rs:23:7
   |
23 | const CANDIDATE_WIDTHS: [usize; 5] = [64, 80, 96, 112, 123];
   |       ^^^^^^^^^^^^^^^^

warning: constant `LEAF_LIMITS` is never used
  --> crates/borsuk/src/v41_forest_probe.rs:24:7
   |
24 | const LEAF_LIMITS: [usize; 6] = [1, 2, 4, 8, 16, 32];
   |       ^^^^^^^^^^^

warning: constant `CALIBRATION_MIX_PPM` is never used
  --> crates/borsuk/src/v41_forest_probe.rs:25:7
   |
25 | const CALIBRATION_MIX_PPM: [u32; 4] = [1_000_000, 750_000, 500_000, 250_000];
   |       ^^^^^^^^^^^^^^^^^^^

warning: constant `MASS_FEATURES` is never used
  --> crates/borsuk/src/v41_forest_probe.rs:30:7
   |
30 | const MASS_FEATURES: usize = 8;
   |       ^^^^^^^^^^^^^

warning: struct `CandidateWidthScreen` is never constructed
  --> crates/borsuk/src/v41_forest_probe.rs:82:8
   |
82 | struct CandidateWidthScreen {
   |        ^^^^^^^^^^^^^^^^^^^^

warning: struct `LeafLimitScreen` is never constructed
  --> crates/borsuk/src/v41_forest_probe.rs:88:8
   |
88 | struct LeafLimitScreen {
   |        ^^^^^^^^^^^^^^^

warning: struct `CalibrationScreen` is never constructed
  --> crates/borsuk/src/v41_forest_probe.rs:95:8
   |
95 | struct CalibrationScreen {
   |        ^^^^^^^^^^^^^^^^^

warning: struct `LocalModeScreen` is never constructed
   --> crates/borsuk/src/v41_forest_probe.rs:102:8
    |
102 | struct LocalModeScreen {
    |        ^^^^^^^^^^^^^^^

warning: struct `ProbeResult` is never constructed
   --> crates/borsuk/src/v41_forest_probe.rs:113:8
    |
113 | struct ProbeResult {
    |        ^^^^^^^^^^^

warning: type alias `CalibratedLeafSummary` is never used
   --> crates/borsuk/src/v41_forest_probe.rs:177:6
    |
177 | type CalibratedLeafSummary = Vec<(OwnerPair, f64)>;
    |      ^^^^^^^^^^^^^^^^^^^^^

warning: function `gt_greedy` is never used
   --> crates/borsuk/src/v41_forest_probe.rs:424:4
    |
424 | fn gt_greedy(
    |    ^^^^^^^^^

warning: function `local_mode_pair_ranking` is never used
   --> crates/borsuk/src/v41_forest_probe.rs:577:4
    |
577 | fn local_mode_pair_ranking(
    |    ^^^^^^^^^^^^^^^^^^^^^^^

warning: function `local_mode_tree_rrf` is never used
   --> crates/borsuk/src/v41_forest_probe.rs:621:4
    |
621 | fn local_mode_tree_rrf(
    |    ^^^^^^^^^^^^^^^^^^^

warning: function `local_mode_page_features` is never used
   --> crates/borsuk/src/v41_forest_probe.rs:672:4
    |
672 | fn local_mode_page_features(
    |    ^^^^^^^^^^^^^^^^^^^^^^^^

warning: function `page_truth_masses` is never used
   --> crates/borsuk/src/v41_forest_probe.rs:754:4
    |
754 | fn page_truth_masses(
    |    ^^^^^^^^^^^^^^^^^

warning: function `fit_mass_model` is never used
   --> crates/borsuk/src/v41_forest_probe.rs:772:4
    |
772 | fn fit_mass_model(examples: &[([f64; MASS_FEATURES], f64)]) -> [f64; MASS_FEATURES] {
    |    ^^^^^^^^^^^^^^

warning: function `select_mass_pages` is never used
   --> crates/borsuk/src/v41_forest_probe.rs:816:4
    |
816 | fn select_mass_pages(
    |    ^^^^^^^^^^^^^^^^^

warning: function `initial_nonlinear_parameters` is never used
    --> crates/borsuk/src/v41_forest_probe.rs:1393:4
     |
1393 | fn initial_nonlinear_parameters() -> Vec<f64> {
     |    ^^^^^^^^^^^^^^^^^^^^^^^^^^^^

warning: function `calibrated_leaf_summaries` is never used
    --> crates/borsuk/src/v41_forest_probe.rs:1567:4
     |
1567 | fn calibrated_leaf_summaries(
     |    ^^^^^^^^^^^^^^^^^^^^^^^^^

warning: function `calibrated_pair_weights` is never used
    --> crates/borsuk/src/v41_forest_probe.rs:1661:4
     |
1661 | fn calibrated_pair_weights(
     |    ^^^^^^^^^^^^^^^^^^^^^^^

warning: function `blend_pair_weights` is never used
    --> crates/borsuk/src/v41_forest_probe.rs:1684:4
     |
1684 | fn blend_pair_weights(
     |    ^^^^^^^^^^^^^^^^^^

warning: manual implementation of `.is_multiple_of()`
   --> crates/borsuk/src/budget_object_fitter.rs:579:30
    |
579 |         if g + 1 == count && old.total_rows() % 16 != 0 {
    |                              ^^^^^^^^^^^^^^^^^^^^^^^^^^ help: replace with: `!old.total_rows().is_multiple_of(16)`
    |
    = help: for further information visit https://rust-lang.github.io/rust-clippy/rust-1.98.0/index.html#manual_is_multiple_of
    = note: `-W clippy::manual-is-multiple-of` implied by `-W clippy::all`
    = help: to override `-W clippy::all` add `#[allow(clippy::manual_is_multiple_of)]`

warning: the `Err`-variant returned from this function is very large
   --> crates/borsuk/src/budget_object_fitter.rs:676:6
    |
676 | ) -> Result<FitResult, FitFailure> {
    |      ^^^^^^^^^^^^^^^^^^^^^^^^^^^^^ the `Err`-variant is at least 408 bytes
    |
    = help: try reducing the size of `budget_object_fitter::FitFailure`, for example by boxing large elements or replacing it with `Box<budget_object_fitter::FitFailure>`
    = help: for further information visit https://rust-lang.github.io/rust-clippy/rust-1.98.0/index.html#result_large_err
    = note: `-W clippy::result-large-err` implied by `-W clippy::all`
    = help: to override `-W clippy::all` add `#[allow(clippy::result_large_err)]`

warning: the `Err`-variant returned from this function is very large
   --> crates/borsuk/src/budget_object_fitter.rs:684:6
    |
684 | ) -> Result<FitResult, FitFailure> {
    |      ^^^^^^^^^^^^^^^^^^^^^^^^^^^^^ the `Err`-variant is at least 408 bytes
    |
    = help: try reducing the size of `budget_object_fitter::FitFailure`, for example by boxing large elements or replacing it with `Box<budget_object_fitter::FitFailure>`
    = help: for further information visit https://rust-lang.github.io/rust-clippy/rust-1.98.0/index.html#result_large_err

warning: usage of `size_of::<T>()` to obtain the size of `T` in bits
   --> crates/borsuk/src/budget_object_fitter.rs:728:62
    |
728 |     a.fixed(HIDDEN * (size_of::<f32>() + size_of::<f64>()) + 8 * size_of::<u32>())?;
    |                                                              ^^^^^^^^^^^^^^^^^^^^ help: consider using: `u32::BITS as usize`
    |
    = help: for further information visit https://rust-lang.github.io/rust-clippy/rust-1.98.0/index.html#manual_bits
    = note: `-W clippy::manual-bits` implied by `-W clippy::all`
    = help: to override `-W clippy::all` add `#[allow(clippy::manual_bits)]`

warning: manual slice size calculation
   --> crates/borsuk/src/budget_object_selector.rs:214:9
    |
214 |         self.parameters.len() * size_of::<f32>()
    |         ^^^^^^^^^^^^^^^^^^^^^^^^^^^^^^^^^^^^^^^^ help: try: `std::mem::size_of_val(self.parameters)`
    |
    = help: for further information visit https://rust-lang.github.io/rust-clippy/rust-1.98.0/index.html#manual_slice_size_calculation
    = note: `-W clippy::manual-slice-size-calculation` implied by `-W clippy::all`
    = help: to override `-W clippy::all` add `#[allow(clippy::manual_slice_size_calculation)]`

warning: manual implementation of `.is_multiple_of()`
   --> crates/borsuk/src/budget_object_selector.rs:291:52
    |
291 |             let rows = if g + 1 == owners.len() && total_rows % 16 != 0 {
    |                                                    ^^^^^^^^^^^^^^^^^^^^ help: replace with: `!total_rows.is_multiple_of(16)`
    |
    = help: for further information visit https://rust-lang.github.io/rust-clippy/rust-1.98.0/index.html#manual_is_multiple_of

warning: manual implementation of `.is_multiple_of()`
   --> crates/borsuk/src/budget_object_selector.rs:372:42
    |
372 |         if g + 1 == self.owners.len() && self.total_rows % 16 != 0 {
    |                                          ^^^^^^^^^^^^^^^^^^^^^^^^^ help: replace with: `!self.total_rows.is_multiple_of(16)`
    |
    = help: for further information visit https://rust-lang.github.io/rust-clippy/rust-1.98.0/index.html#manual_is_multiple_of

warning: manual implementation of `.is_multiple_of()`
   --> crates/borsuk/src/budgeted_page_rank.rs:116:8
    |
116 |     if rows % PAGE_ROWS != 0 && selected.last() == Some(&(rows / PAGE_ROWS)) {
    |        ^^^^^^^^^^^^^^^^^^^^^ help: replace with: `!rows.is_multiple_of(PAGE_ROWS)`
    |
    = help: for further information visit https://rust-lang.github.io/rust-clippy/rust-1.98.0/index.html#manual_is_multiple_of

warning: this function has too many arguments (8/7)
   --> crates/borsuk/src/budgeted_page_rank.rs:140:1
    |
140 | / fn choose_ranked_pages(
141 | |     page_count: usize,
142 | |     score_order: impl IntoIterator<Item = usize>,
143 | |     primary: &[usize],
...   |
148 | |     max_bytes: usize,
149 | | ) -> Result<BudgetedPagePlan, BudgetedPageError> {
    | |________________________________________________^
    |
    = help: for further information visit https://rust-lang.github.io/rust-clippy/rust-1.98.0/index.html#too_many_arguments
    = note: `-W clippy::too-many-arguments` implied by `-W clippy::all`
    = help: to override `-W clippy::all` add `#[allow(clippy::too_many_arguments)]`

warning: this function has too many arguments (11/7)
   --> crates/borsuk/src/centroid_hnsw.rs:527:1
    |
527 | / fn plan_hnsw_insert(
528 | |     node: u32,
529 | |     entry: u32,
530 | |     top_level: usize,
...   |
538 | |     diverse: bool,
539 | | ) -> Vec<(usize, Vec<u32>)> {
    | |___________________________^
    |
    = help: for further information visit https://rust-lang.github.io/rust-clippy/rust-1.98.0/index.html#too_many_arguments

warning: writing `&mut Vec` instead of `&mut [_]` involves a new object where a slice will do
    --> crates/borsuk/src/centroid_hnsw.rs:1382:16
     |
1382 |         tower: &mut Vec<Vec<u32>>,
     |                ^^^^^^^^^^^^^^^^^^
     |
     = help: for further information visit https://rust-lang.github.io/rust-clippy/rust-1.98.0/index.html#ptr_arg
     = note: `-W clippy::ptr-arg` implied by `-W clippy::all`
     = help: to override `-W clippy::all` add `#[allow(clippy::ptr_arg)]`
help: change this to
     |
1382 -         tower: &mut Vec<Vec<u32>>,
1382 +         tower: &mut [Vec<u32>],
     |

warning: using `chunks_exact` with a constant chunk size
   --> crates/borsuk/src/contiguous_page_hierarchy.rs:395:18
    |
395 |                 .chunks_exact(2)
    |                  ^^^^^^^^^^^^^^^ help: consider using `as_chunks` instead: `as_chunks::<2>().0.iter()`
    |
    = help: for further information visit https://rust-lang.github.io/rust-clippy/rust-1.98.0/index.html#chunks_exact_to_as_chunks
    = note: `-W clippy::chunks-exact-to-as-chunks` implied by `-W clippy::all`
    = help: to override `-W clippy::all` add `#[allow(clippy::chunks_exact_to_as_chunks)]`

warning: using `chunks_exact` with a constant chunk size
   --> crates/borsuk/src/corrected_four_bit.rs:260:33
    |
260 |         for b in body[HEADER..].chunks_exact(8) {
    |                                 ^^^^^^^^^^^^^^^ help: consider using `as_chunks` instead: `as_chunks::<8>().0`
    |
    = help: for further information visit https://rust-lang.github.io/rust-clippy/rust-1.98.0/index.html#chunks_exact_to_as_chunks

warning: manual implementation of `.is_multiple_of()`
   --> crates/borsuk/src/corrected_four_bit.rs:349:21
    |
349 |                 && (d % 2 == 0 || row[row.len() - 1] & 0xf0 == 0),
    |                     ^^^^^^^^^^ help: replace with: `d.is_multiple_of(2)`
    |
    = help: for further information visit https://rust-lang.github.io/rust-clippy/rust-1.98.0/index.html#manual_is_multiple_of

warning: using `chunks_exact` with a constant chunk size
   --> crates/borsuk/src/exact_sq8_mirror.rs:131:38
    |
131 |     for (index, expected) in sidecar.chunks_exact(32).enumerate() {
    |                                      ^^^^^^^^^^^^^^^^ help: consider using `as_chunks` instead: `as_chunks::<32>().0.iter()`
    |
    = help: for further information visit https://rust-lang.github.io/rust-clippy/rust-1.98.0/index.html#chunks_exact_to_as_chunks

warning: using `chunks_exact` with a constant chunk size
   --> crates/borsuk/src/exact_sq8_mirror.rs:223:22
    |
223 |                     .chunks_exact(32)
    |                      ^^^^^^^^^^^^^^^^ help: consider using `as_chunks` instead: `as_chunks::<32>().0.iter()`
    |
    = help: for further information visit https://rust-lang.github.io/rust-clippy/rust-1.98.0/index.html#chunks_exact_to_as_chunks

warning: the loop variable `block` is used to index `digests`
   --> crates/borsuk/src/exact_sq8_mirror.rs:272:30
    |
272 |                 for block in first_block..=last_block {
    |                              ^^^^^^^^^^^^^^^^^^^^^^^^
    |
    = help: for further information visit https://rust-lang.github.io/rust-clippy/rust-1.98.0/index.html#needless_range_loop
    = note: `-W clippy::needless-range-loop` implied by `-W clippy::all`
    = help: to override `-W clippy::all` add `#[allow(clippy::needless_range_loop)]`
help: consider using an iterator and enumerate()
    |
272 -                 for block in first_block..=last_block {
272 +                 for (block, <item>) in digests.iter().enumerate().take(last_block + 1).skip(first_block) {
    |

warning: manual implementation of `.is_multiple_of()`
  --> crates/borsuk/src/graph_generation_resources.rs:72:16
   |
72 |             || self.page_rows % self.unit_rows != 0
   |                ^^^^^^^^^^^^^^^^^^^^^^^^^^^^^^^^^^^^ help: replace with: `!self.page_rows.is_multiple_of(self.unit_rows)`
   |
   = help: for further information visit https://rust-lang.github.io/rust-clippy/rust-1.98.0/index.html#manual_is_multiple_of

warning: this function has too many arguments (8/7)
  --> crates/borsuk/src/hard_priced_interval.rs:26:1
   |
26 | / pub fn hard_priced_cover(
27 | |     weights: &BTreeMap<usize, i64>,
28 | |     mandatory: &[usize],
29 | |     page_count: usize,
...  |
34 | |     trace_budget_bytes: usize,
35 | | ) -> Result<UnconstrainedCover, CoverError> {
   | |___________________________________________^
   |
   = help: for further information visit https://rust-lang.github.io/rust-clippy/rust-1.98.0/index.html#too_many_arguments

warning: using `chunks_exact` with a constant chunk size
   --> crates/borsuk/src/hierarchical_semantic_cells.rs:398:14
    |
398 |             .chunks_exact(4)
    |              ^^^^^^^^^^^^^^^ help: consider using `as_chunks` instead: `as_chunks::<4>().0.iter()`
    |
    = help: for further information visit https://rust-lang.github.io/rust-clippy/rust-1.98.0/index.html#chunks_exact_to_as_chunks

warning: using `chunks_exact` with a constant chunk size
   --> crates/borsuk/src/hierarchical_semantic_cells.rs:734:10
    |
734 |         .chunks_exact(4)
    |          ^^^^^^^^^^^^^^^ help: consider using `as_chunks` instead: `as_chunks::<4>().0.iter()`
    |
    = help: for further information visit https://rust-lang.github.io/rust-clippy/rust-1.98.0/index.html#chunks_exact_to_as_chunks

warning: using `chunks_exact` with a constant chunk size
   --> crates/borsuk/src/hierarchical_semantic_cells.rs:744:38
    |
744 |     for (physical, encoded) in order.chunks_exact(8).enumerate() {
    |                                      ^^^^^^^^^^^^^^^ help: consider using `as_chunks` instead: `as_chunks::<8>().0.iter()`
    |
    = help: for further information visit https://rust-lang.github.io/rust-clippy/rust-1.98.0/index.html#chunks_exact_to_as_chunks

warning: this `if` statement can be collapsed
    --> crates/borsuk/src/hierarchical_semantic_cells.rs:1784:17
     |
1784 | /                 if let Target::Cell { cell } = &node.target {
1785 | |                     if cell.id == id {
1786 | |                         let bytes = read_at(&self.cells, cell.whole.offset, cell.whole.bytes)?;
1787 | |                         require(hash(&bytes) == cell.whole.sha256, "retained whole-cell authentication")?;
...    |
1795 | |                 }
     | |_________________^
     |
     = help: for further information visit https://rust-lang.github.io/rust-clippy/rust-1.98.0/index.html#collapsible_if
     = note: `-W clippy::collapsible-if` implied by `-W clippy::all`
     = help: to override `-W clippy::all` add `#[allow(clippy::collapsible_if)]`
help: collapse nested if block
     |
1784 ~                 if let Target::Cell { cell } = &node.target
1785 ~                     && cell.id == id {
1786 |                         let bytes = read_at(&self.cells, cell.whole.offset, cell.whole.bytes)?;
 ...
1793 |                         return Ok(records.to_vec());
1794 ~                     }
     |

warning: the `Err`-variant returned from this function is very large
    --> crates/borsuk/src/hierarchical_semantic_cells.rs:1950:10
     |
1950 |     ) -> std::result::Result<NominationReceipt, SearchFailure> {
     |          ^^^^^^^^^^^^^^^^^^^^^^^^^^^^^^^^^^^^^^^^^^^^^^^^^^^^^ the `Err`-variant is at least 184 bytes
     |
     = help: try reducing the size of `hierarchical_semantic_cells::SearchFailure`, for example by boxing large elements or replacing it with `Box<hierarchical_semantic_cells::SearchFailure>`
     = help: for further information visit https://rust-lang.github.io/rust-clippy/rust-1.98.0/index.html#result_large_err

warning: the `Err`-variant returned from this function is very large
    --> crates/borsuk/src/hierarchical_semantic_cells.rs:2218:10
     |
2218 |     ) -> std::result::Result<SearchTrace, SearchFailure> {
     |          ^^^^^^^^^^^^^^^^^^^^^^^^^^^^^^^^^^^^^^^^^^^^^^^ the `Err`-variant is at least 184 bytes
     |
     = help: try reducing the size of `hierarchical_semantic_cells::SearchFailure`, for example by boxing large elements or replacing it with `Box<hierarchical_semantic_cells::SearchFailure>`
     = help: for further information visit https://rust-lang.github.io/rust-clippy/rust-1.98.0/index.html#result_large_err

warning: the `Err`-variant returned from this function is very large
    --> crates/borsuk/src/hierarchical_semantic_cells.rs:2518:6
     |
2518 | ) -> std::result::Result<SourceProbeBuildReceipt, SourceProbeFailure> {
     |      ^^^^^^^^^^^^^^^^^^^^^^^^^^^^^^^^^^^^^^^^^^^^^^^^^^^^^^^^^^^^^^^^ the `Err`-variant is at least 288 bytes
     |
     = help: try reducing the size of `hierarchical_semantic_cells::SourceProbeFailure`, for example by boxing large elements or replacing it with `Box<hierarchical_semantic_cells::SourceProbeFailure>`
     = help: for further information visit https://rust-lang.github.io/rust-clippy/rust-1.98.0/index.html#result_large_err

warning: the `Err`-variant returned from this function is very large
    --> crates/borsuk/src/hierarchical_semantic_cells.rs:2755:10
     |
2755 |     ) -> std::result::Result<Self, SourceProbeFailure> {
     |          ^^^^^^^^^^^^^^^^^^^^^^^^^^^^^^^^^^^^^^^^^^^^^ the `Err`-variant is at least 288 bytes
     |
     = help: try reducing the size of `hierarchical_semantic_cells::SourceProbeFailure`, for example by boxing large elements or replacing it with `Box<hierarchical_semantic_cells::SourceProbeFailure>`
     = help: for further information visit https://rust-lang.github.io/rust-clippy/rust-1.98.0/index.html#result_large_err

warning: the `Err`-variant returned from this function is very large
    --> crates/borsuk/src/hierarchical_semantic_cells.rs:2967:10
     |
2967 |     ) -> std::result::Result<SourceProbeNomination, SourceProbeFailure> {
     |          ^^^^^^^^^^^^^^^^^^^^^^^^^^^^^^^^^^^^^^^^^^^^^^^^^^^^^^^^^^^^^^ the `Err`-variant is at least 288 bytes
     |
     = help: try reducing the size of `hierarchical_semantic_cells::SourceProbeFailure`, for example by boxing large elements or replacing it with `Box<hierarchical_semantic_cells::SourceProbeFailure>`
     = help: for further information visit https://rust-lang.github.io/rust-clippy/rust-1.98.0/index.html#result_large_err

warning: the `Err`-variant returned from this function is very large
    --> crates/borsuk/src/hierarchical_semantic_cells.rs:3324:10
     |
3324 |     ) -> std::result::Result<SourceProbeSearchTrace, SourceProbeFailure> {
     |          ^^^^^^^^^^^^^^^^^^^^^^^^^^^^^^^^^^^^^^^^^^^^^^^^^^^^^^^^^^^^^^^ the `Err`-variant is at least 288 bytes
     |
     = help: try reducing the size of `hierarchical_semantic_cells::SourceProbeFailure`, for example by boxing large elements or replacing it with `Box<hierarchical_semantic_cells::SourceProbeFailure>`
     = help: for further information visit https://rust-lang.github.io/rust-clippy/rust-1.98.0/index.html#result_large_err

warning: manual implementation of `.is_multiple_of()`
    --> crates/borsuk/src/hierarchical_semantic_cells.rs:6324:20
     |
6324 |                 && manifest.input.records.bytes % rows == 0
     |                    ^^^^^^^^^^^^^^^^^^^^^^^^^^^^^^^^^^^^^^^^ help: replace with: `manifest.input.records.bytes.is_multiple_of(rows)`
     |
     = help: for further information visit https://rust-lang.github.io/rust-clippy/rust-1.98.0/index.html#manual_is_multiple_of

warning: using `chunks_exact` with a constant chunk size
    --> crates/borsuk/src/hierarchical_semantic_cells.rs:6366:31
     |
6366 |         for word in body[8..].chunks_exact(4) {
     |                               ^^^^^^^^^^^^^^^ help: consider using `as_chunks` instead: `as_chunks::<4>().0`
     |
     = help: for further information visit https://rust-lang.github.io/rust-clippy/rust-1.98.0/index.html#chunks_exact_to_as_chunks

warning: using `chunks_exact` with a constant chunk size
    --> crates/borsuk/src/hierarchical_semantic_cells.rs:6399:43
     |
6399 |             for (physical, word) in order.chunks_exact(8).enumerate() {
     |                                           ^^^^^^^^^^^^^^^ help: consider using `as_chunks` instead: `as_chunks::<8>().0.iter()`
     |
     = help: for further information visit https://rust-lang.github.io/rust-clippy/rust-1.98.0/index.html#chunks_exact_to_as_chunks

warning: using `chunks_exact` with a constant chunk size
    --> crates/borsuk/src/hierarchical_semantic_cells.rs:6608:46
     |
6608 |         for (index, pair) in root.as_bytes().chunks_exact(2).enumerate() {
     |                                              ^^^^^^^^^^^^^^^ help: consider using `as_chunks` instead: `as_chunks::<2>().0.iter()`
     |
     = help: for further information visit https://rust-lang.github.io/rust-clippy/rust-1.98.0/index.html#chunks_exact_to_as_chunks

warning: usage of `bool::then` in `filter_map`
    --> crates/borsuk/src/hierarchical_semantic_cells.rs:6636:42
     |
6636 |               prototype.directories.iter().filter_map(|(&offset, page)| {
     |  __________________________________________^
6637 | |                 (page.children.len() == 2)
6638 | |                     .then(|| (offset, page.children[0].rows, page.children[1].rows))
6639 | |             }),
     | |______________^ help: use `filter` then `map` instead: `filter(|&(&offset, page)| (page.children.len() == 2)).map(|(&offset, page)| (offset, page.children[0].rows, page.children[1].rows))`
     |
     = help: for further information visit https://rust-lang.github.io/rust-clippy/rust-1.98.0/index.html#filter_map_bool_then
     = note: `-W clippy::filter-map-bool-then` implied by `-W clippy::all`
     = help: to override `-W clippy::all` add `#[allow(clippy::filter_map_bool_then)]`

warning: the loop variable `index` is used to index `crossings`
    --> crates/borsuk/src/hierarchical_semantic_cells.rs:6969:26
     |
6969 |             for index in 0..3 {
     |                          ^^^^
     |
     = help: for further information visit https://rust-lang.github.io/rust-clippy/rust-1.98.0/index.html#needless_range_loop
help: consider using an iterator and enumerate()
     |
6969 -             for index in 0..3 {
6969 +             for (index, <item>) in crossings.iter().enumerate() {
     |

warning: this method chain can be written more clearly with `if .. else ..`
     --> crates/borsuk/src/index.rs:18307:36
      |
18307 |           let bounded_inline_delta = (options.max_segments.is_none()
      |  ____________________________________^
18308 | |             && self.manifest.native_bounded_ann_ref.is_some()
18309 | |             && self.manifest.segments_are_global_delta)
18310 | |             .then(|| self.manifest.segments.clone())
18311 | |             .unwrap_or_default();
      | |________________________________^
      |
      = help: for further information visit https://rust-lang.github.io/rust-clippy/rust-1.98.0/index.html#obfuscated_if_else
      = note: `-W clippy::obfuscated-if-else` implied by `-W clippy::all`
      = help: to override `-W clippy::all` add `#[allow(clippy::obfuscated_if_else)]`
help: try
      |
18307 ~         let bounded_inline_delta = if options.max_segments.is_none()
18308 ~             && self.manifest.native_bounded_ann_ref.is_some() && self.manifest.segments_are_global_delta { self.manifest.segments.clone() } else { Default::default() };
      |

warning: this expression creates a reference which is immediately dereferenced by the compiler
    --> crates/borsuk/src/native_ann_build.rs:1167:26
     |
1167 |     source_hasher.update(&delta_ref.sha256.as_bytes());
     |                          ^^^^^^^^^^^^^^^^^^^^^^^^^^^^ help: change this to: `delta_ref.sha256.as_bytes()`
     |
     = help: for further information visit https://rust-lang.github.io/rust-clippy/rust-1.98.0/index.html#needless_borrow
     = note: `-W clippy::needless-borrow` implied by `-W clippy::all`
     = help: to override `-W clippy::all` add `#[allow(clippy::needless_borrow)]`

warning: very complex type used. Consider factoring parts into `type` definitions
   --> crates/borsuk/src/native_ann_format.rs:239:55
    |
239 | fn decode_codebooks(bytes: Bytes, dimensions: u32) -> Result<(Box<[f32]>, Box<[f32]>)> {
    |                                                       ^^^^^^^^^^^^^^^^^^^^^^^^^^^^^^^^
    |
    = help: for further information visit https://rust-lang.github.io/rust-clippy/rust-1.98.0/index.html#type_complexity
    = note: `-W clippy::type-complexity` implied by `-W clippy::all`
    = help: to override `-W clippy::all` add `#[allow(clippy::type_complexity)]`

warning: using `chunks_exact` with a constant chunk size
  --> crates/borsuk/src/native_source_tier.rs:88:44
   |
88 |     for (index, chunk) in value.as_bytes().chunks_exact(2).enumerate() {
   |                                            ^^^^^^^^^^^^^^^ help: consider using `as_chunks` instead: `as_chunks::<2>().0.iter()`
   |
   = help: for further information visit https://rust-lang.github.io/rust-clippy/rust-1.98.0/index.html#chunks_exact_to_as_chunks

warning: using `chunks_exact` with a constant chunk size
   --> crates/borsuk/src/native_source_tier.rs:474:53
    |
474 |             for (coordinate, encoded) in bytes[8..].chunks_exact(4).enumerate() {
    |                                                     ^^^^^^^^^^^^^^^ help: consider using `as_chunks` instead: `as_chunks::<4>().0.iter()`
    |
    = help: for further information visit https://rust-lang.github.io/rust-clippy/rust-1.98.0/index.html#chunks_exact_to_as_chunks

warning: this function has too many arguments (8/7)
   --> crates/borsuk/src/object_native_generation.rs:422:1
    |
422 | / async fn stage_metadata(
423 | |     store: &dyn ObjectStore,
424 | |     prefix: &ObjectPath,
425 | |     trusted_sha256: &str,
...   |
430 | |     head: Option<&crate::two_bit_store::TwoBitHead>,
431 | | ) -> Result<(tempfile::TempDir, Vec<MetadataReadStats>), ObjectNativeOpenError> {
    | |_______________________________________________________________________________^
    |
    = help: for further information visit https://rust-lang.github.io/rust-clippy/rust-1.98.0/index.html#too_many_arguments

warning: manual implementation of `.is_multiple_of()`
   --> crates/borsuk/src/object_native_generation.rs:709:16
    |
709 |             || manifest.page_rows % manifest.unit_rows != 0
    |                ^^^^^^^^^^^^^^^^^^^^^^^^^^^^^^^^^^^^^^^^^^^^ help: replace with: `!manifest.page_rows.is_multiple_of(manifest.unit_rows)`
    |
    = help: for further information visit https://rust-lang.github.io/rust-clippy/rust-1.98.0/index.html#manual_is_multiple_of

warning: manual implementation of `.is_multiple_of()`
   --> crates/borsuk/src/physical_interval.rs:177:12
    |
177 |         || page_rows % UNIT_ROWS != 0
    |            ^^^^^^^^^^^^^^^^^^^^^^^^^^ help: replace with: `!page_rows.is_multiple_of(UNIT_ROWS)`
    |
    = help: for further information visit https://rust-lang.github.io/rust-clippy/rust-1.98.0/index.html#manual_is_multiple_of

warning: this `if` statement can be collapsed
   --> crates/borsuk/src/physical_interval.rs:479:17
    |
479 | /                 if let Some(score) = state[index(gets, units)] {
480 | |                     if score > best_score {
481 | |                         best_score = score;
482 | |                         (best_gets, best_units, best_open) = (gets, units, is_open);
483 | |                     }
484 | |                 }
    | |_________________^
    |
    = help: for further information visit https://rust-lang.github.io/rust-clippy/rust-1.98.0/index.html#collapsible_if
help: collapse nested if block
    |
479 ~                 if let Some(score) = state[index(gets, units)]
480 ~                     && score > best_score {
481 |                         best_score = score;
482 |                         (best_gets, best_units, best_open) = (gets, units, is_open);
483 ~                     }
    |

warning: using `chunks_exact_mut` with a constant chunk size
   --> crates/borsuk/src/physical_row_permutation.rs:153:39
    |
153 |             for (slot, &old) in bytes.chunks_exact_mut(4).zip(rows) {
    |                                       ^^^^^^^^^^^^^^^^^^^ help: consider using `as_chunks` instead: `as_chunks_mut::<4>().0.iter()`
    |
    = help: for further information visit https://rust-lang.github.io/rust-clippy/rust-1.98.0/index.html#chunks_exact_to_as_chunks

warning: using `chunks_exact` with a constant chunk size
   --> crates/borsuk/src/physical_row_permutation.rs:333:41
    |
333 |             for (offset, slot) in bytes.chunks_exact(4).enumerate() {
    |                                         ^^^^^^^^^^^^^^^ help: consider using `as_chunks` instead: `as_chunks::<4>().0.iter()`
    |
    = help: for further information visit https://rust-lang.github.io/rust-clippy/rust-1.98.0/index.html#chunks_exact_to_as_chunks

warning: the loop variable `coordinate` is used to index `query`
   --> crates/borsuk/src/pq64_nominee.rs:507:35
    |
507 |                 for coordinate in 0..self.dimensions {
    |                                   ^^^^^^^^^^^^^^^^^^
    |
    = help: for further information visit https://rust-lang.github.io/rust-clippy/rust-1.98.0/index.html#needless_range_loop
help: consider using an iterator and enumerate()
    |
507 -                 for coordinate in 0..self.dimensions {
507 +                 for (coordinate, <item>) in query.iter().enumerate().take(self.dimensions) {
    |

warning: using `chunks_exact` with a constant chunk size
   --> crates/borsuk/src/pq_residual_four_bit.rs:186:32
    |
186 |         for axis in body[48..].chunks_exact(68) {
    |                                ^^^^^^^^^^^^^^^^ help: consider using `as_chunks` instead: `as_chunks::<68>().0`
    |
    = help: for further information visit https://rust-lang.github.io/rust-clippy/rust-1.98.0/index.html#chunks_exact_to_as_chunks

warning: manual implementation of `.is_multiple_of()`
   --> crates/borsuk/src/pq_residual_four_bit.rs:250:17
    |
250 |             || (d % 2 != 0 && row[row.len() - 1] & 0xf0 != 0)
    |                 ^^^^^^^^^^ help: replace with: `!d.is_multiple_of(2)`
    |
    = help: for further information visit https://rust-lang.github.io/rust-clippy/rust-1.98.0/index.html#manual_is_multiple_of

warning: using `chunks_exact` with a constant chunk size
   --> crates/borsuk/src/fine_sq8_groups.rs:238:14
    |
238 |             .chunks_exact(4)
    |              ^^^^^^^^^^^^^^^ help: consider using `as_chunks` instead: `as_chunks::<4>().0.iter()`
    |
    = help: for further information visit https://rust-lang.github.io/rust-clippy/rust-1.98.0/index.html#chunks_exact_to_as_chunks

warning: using `chunks_exact` with a constant chunk size
   --> crates/borsuk/src/fine_sq8_groups.rs:442:47
    |
442 |         for (physical, encoded) in order_body.chunks_exact(8).enumerate() {
    |                                               ^^^^^^^^^^^^^^^ help: consider using `as_chunks` instead: `as_chunks::<8>().0.iter()`
    |
    = help: for further information visit https://rust-lang.github.io/rust-clippy/rust-1.98.0/index.html#chunks_exact_to_as_chunks

warning: using `chunks_exact` with a constant chunk size
   --> crates/borsuk/src/fine_sq8_groups.rs:472:22
    |
472 |                     .chunks_exact(4)
    |                      ^^^^^^^^^^^^^^^ help: consider using `as_chunks` instead: `as_chunks::<4>().0.iter()`
    |
    = help: for further information visit https://rust-lang.github.io/rust-clippy/rust-1.98.0/index.html#chunks_exact_to_as_chunks

warning: using `chunks_exact` with a constant chunk size
   --> crates/borsuk/src/fine_sq8_groups.rs:611:29
    |
611 |         for word in encoded.chunks_exact(8) {
    |                             ^^^^^^^^^^^^^^^ help: consider using `as_chunks` instead: `as_chunks::<8>().0`
    |
    = help: for further information visit https://rust-lang.github.io/rust-clippy/rust-1.98.0/index.html#chunks_exact_to_as_chunks

warning: manual implementation of `.is_multiple_of()`
   --> crates/borsuk/src/fine_sq8_groups.rs:989:20
    |
989 |                 && replacements.len() % (self.index.dimensions() + 12) == 0
    |                    ^^^^^^^^^^^^^^^^^^^^^^^^^^^^^^^^^^^^^^^^^^^^^^^^^^^^^^^^ help: replace with: `replacements.len().is_multiple_of(self.index.dimensions() + 12)`
    |
    = help: for further information visit https://rust-lang.github.io/rust-clippy/rust-1.98.0/index.html#manual_is_multiple_of

warning: try not to call a closure in the expression where it is declared
    --> crates/borsuk/src/fine_sq8_groups.rs:2068:26
     |
2068 |               let result = (|| -> std::io::Result<()> {
     |  __________________________^
2069 | |                 #[cfg(test)]
2070 | |                 if let Some(n) = fail_write {
2071 | |                     file.write_all(&body[..n.min(body.len())])?;
...    |
2074 | |                 file.write_all(body)
2075 | |             })();
     | |________________^ help: try doing something like: `file.write_all(body)`
     |
     = help: for further information visit https://rust-lang.github.io/rust-clippy/rust-1.98.0/index.html#redundant_closure_call
     = note: `-W clippy::redundant-closure-call` implied by `-W clippy::all`
     = help: to override `-W clippy::all` add `#[allow(clippy::redundant_closure_call)]`

warning: manual implementation of `.is_multiple_of()`
    --> crates/borsuk/src/fine_sq8_groups.rs:2331:12
     |
2331 |         if rows % 16 != 0 {
     |            ^^^^^^^^^^^^^^ help: replace with: `!rows.is_multiple_of(16)`
     |
     = help: for further information visit https://rust-lang.github.io/rust-clippy/rust-1.98.0/index.html#manual_is_multiple_of

warning: manual implementation of `.is_multiple_of()`
    --> crates/borsuk/src/fine_sq8_groups.rs:2344:21
     |
2344 |                 && (rows % 16 == 0 || old_to_new[full] == full as u32),
     |                     ^^^^^^^^^^^^^^ help: replace with: `rows.is_multiple_of(16)`
     |
     = help: for further information visit https://rust-lang.github.io/rust-clippy/rust-1.98.0/index.html#manual_is_multiple_of

warning: this function has too many arguments (10/7)
    --> crates/borsuk/src/fine_sq8_groups.rs:3311:13
     |
3311 | /             fn build(
3312 | |                 c: &Config,
3313 | |                 sha: &str,
3314 | |                 index: usize,
...    |
3321 | |                 ledger: &mut BTreeMap<PathBuf, StartupObject>,
3322 | |             ) -> Result<Generation> {
     | |___________________________________^
     |
     = help: for further information visit https://rust-lang.github.io/rust-clippy/rust-1.98.0/index.html#too_many_arguments

warning: using `chunks_exact` with a constant chunk size
    --> crates/borsuk/src/fine_sq8_groups.rs:3336:35
     |
3336 |                 for word in order.chunks_exact(8) {
     |                                   ^^^^^^^^^^^^^^^ help: consider using `as_chunks` instead: `as_chunks::<8>().0`
     |
     = help: for further information visit https://rust-lang.github.io/rust-clippy/rust-1.98.0/index.html#chunks_exact_to_as_chunks

warning: using `chunks_exact` with a constant chunk size
    --> crates/borsuk/src/fine_sq8_groups.rs:3422:30
     |
3422 |                     reopened.chunks_exact(32).zip(&hashes).all(|(a, b)| a == b),
     |                              ^^^^^^^^^^^^^^^^ help: consider using `as_chunks` instead: `as_chunks::<32>().0.iter()`
     |
     = help: for further information visit https://rust-lang.github.io/rust-clippy/rust-1.98.0/index.html#chunks_exact_to_as_chunks

warning: using `chunks_exact` with a constant chunk size
    --> crates/borsuk/src/fine_sq8_groups.rs:3961:30
     |
3961 | ...                   .chunks_exact(4)
     |                        ^^^^^^^^^^^^^^^ help: consider using `as_chunks` instead: `as_chunks::<4>().0.iter()`
     |
     = help: for further information visit https://rust-lang.github.io/rust-clippy/rust-1.98.0/index.html#chunks_exact_to_as_chunks

warning: manual implementation of `.is_multiple_of()`
    --> crates/borsuk/src/fine_sq8_groups.rs:4338:28
     |
4338 |                         && g.cohort % g.anchors == 0
     |                            ^^^^^^^^^^^^^^^^^^^^^^^^^ help: replace with: `g.cohort.is_multiple_of(g.anchors)`
     |
     = help: for further information visit https://rust-lang.github.io/rust-clippy/rust-1.98.0/index.html#manual_is_multiple_of

warning: using `chunks_exact` with a constant chunk size
    --> crates/borsuk/src/fine_sq8_groups.rs:5009:30
     |
5009 | ...                   .chunks_exact(8)
     |                        ^^^^^^^^^^^^^^^ help: consider using `as_chunks` instead: `as_chunks::<8>().0.iter()`
     |
     = help: for further information visit https://rust-lang.github.io/rust-clippy/rust-1.98.0/index.html#chunks_exact_to_as_chunks

warning: using `chunks_exact` with a constant chunk size
    --> crates/borsuk/src/fine_sq8_groups.rs:6405:48
     |
6405 |                     for axis in body[HEADER..].chunks_exact(65) {
     |                                                ^^^^^^^^^^^^^^^^ help: consider using `as_chunks` instead: `as_chunks::<65>().0`
     |
     = help: for further information visit https://rust-lang.github.io/rust-clippy/rust-1.98.0/index.html#chunks_exact_to_as_chunks

warning: using `chunks_exact` with a constant chunk size
    --> crates/borsuk/src/fine_sq8_groups.rs:6408:66
     |
6408 |                         for (v, b) in c.iter_mut().zip(axis[1..].chunks_exact(4)) {
     |                                                                  ^^^^^^^^^^^^^^^
     |
help: consider using `as_chunks::<4>()` instead
    --> crates/borsuk/src/fine_sq8_groups.rs:6408:66
     |
6408 |                         for (v, b) in c.iter_mut().zip(axis[1..].chunks_exact(4)) {
     |                                                                  ^^^^^^^^^^^^^^^
     = help: for further information visit https://rust-lang.github.io/rust-clippy/rust-1.98.0/index.html#chunks_exact_to_as_chunks

warning: manual implementation of `.is_multiple_of()`
    --> crates/borsuk/src/fine_sq8_groups.rs:6440:33
     |
6440 | ...                   && (d % 2 == 0 || row[row.len() - 1] & 0xf0 == 0),
     |                           ^^^^^^^^^^ help: replace with: `d.is_multiple_of(2)`
     |
     = help: for further information visit https://rust-lang.github.io/rust-clippy/rust-1.98.0/index.html#manual_is_multiple_of

warning: this function has too many arguments (8/7)
    --> crates/borsuk/src/fine_sq8_groups.rs:6459:13
     |
6459 | /             pub(super) fn fit_axis(
6460 | |                 h: &[u32; 256],
6461 | |                 rows: usize,
6462 | |                 clusters: usize,
...    |
6467 | |                 guard: &mut Guard,
6468 | |             ) -> Result<([f32; 16], usize)> {
     | |___________________________________________^
     |
     = help: for further information visit https://rust-lang.github.io/rust-clippy/rust-1.98.0/index.html#too_many_arguments

warning: manual implementation of `.is_multiple_of()`
    --> crates/borsuk/src/fine_sq8_groups.rs:7374:26
     |
7374 |                 d > 0 && body.len() % width == 0 && out.len() == body.len() / width * old,
     |                          ^^^^^^^^^^^^^^^^^^^^^^^ help: replace with: `body.len().is_multiple_of(width)`
     |
     = help: for further information visit https://rust-lang.github.io/rust-clippy/rust-1.98.0/index.html#manual_is_multiple_of

warning: manual implementation of `.is_multiple_of()`
    --> crates/borsuk/src/fine_sq8_groups.rs:7379:21
     |
7379 |                     d % 2 == 0 || packed[width - 1] & 0xf0 == 0,
     |                     ^^^^^^^^^^ help: replace with: `d.is_multiple_of(2)`
     |
     = help: for further information visit https://rust-lang.github.io/rust-clippy/rust-1.98.0/index.html#manual_is_multiple_of

warning: using `chunks_exact` with a constant chunk size
    --> crates/borsuk/src/fine_sq8_groups.rs:7438:35
     |
7438 |                 for word in order.chunks_exact(8) {
     |                                   ^^^^^^^^^^^^^^^ help: consider using `as_chunks` instead: `as_chunks::<8>().0`
     |
     = help: for further information visit https://rust-lang.github.io/rust-clippy/rust-1.98.0/index.html#chunks_exact_to_as_chunks

warning: this function has too many arguments (8/7)
    --> crates/borsuk/src/fine_sq8_groups.rs:7897:9
     |
7897 | ...   fn run_impl(config: &Config, sha: &str, output: &mut Outputs, protocol: &Protocol, guard: &mut Guard, strict: bool, progress: &mut Progress, learned: bool) -> Result<Value> {
     |       ^^^^^^^^^^^^^^^^^^^^^^^^^^^^^^^^^^^^^^^^^^^^^^^^^^^^^^^^^^^^^^^^^^^^^^^^^^^^^^^^^^^^^^^^^^^^^^^^^^^^^^^^^^^^^^^^^^^^^^^^^^^^^^^^^^^^^^^^^^^^^^^^^^^^^^^^^^^^^^^^^^^^^^^^^^^^
     |
     = help: for further information visit https://rust-lang.github.io/rust-clippy/rust-1.98.0/index.html#too_many_arguments

warning: using `chunks_exact` with a constant chunk size
    --> crates/borsuk/src/fine_sq8_groups.rs:8175:26
     |
8175 |                         .chunks_exact(4)
     |                          ^^^^^^^^^^^^^^^ help: consider using `as_chunks` instead: `as_chunks::<4>().0.iter()`
     |
     = help: for further information visit https://rust-lang.github.io/rust-clippy/rust-1.98.0/index.html#chunks_exact_to_as_chunks

warning: manual implementation of `.is_multiple_of()`
   --> crates/borsuk/src/co_selection_layout.rs:614:13
    |
614 |             n % GROUP == 0 || old_to_new[full] == full as u32,
    |             ^^^^^^^^^^^^^^ help: replace with: `n.is_multiple_of(GROUP)`
    |
    = help: for further information visit https://rust-lang.github.io/rust-clippy/rust-1.98.0/index.html#manual_is_multiple_of

warning: this `if` statement can be collapsed
   --> crates/borsuk/src/co_selection_layout.rs:763:9
    |
763 | /         if fits {
764 | |             if let Some((a, _, _)) = best {
...   |
783 | |         }
    | |_________^
    |
    = help: for further information visit https://rust-lang.github.io/rust-clippy/rust-1.98.0/index.html#collapsible_if
help: collapse nested if block
    |
763 ~         if fits
764 ~             && let Some((a, _, _)) = best {
765 |                 // Stored order is the first actual nomination position, including
...
781 |                 }
782 ~             }
    |

warning: using `chunks_exact` with a constant chunk size
    --> crates/borsuk/src/co_selection_layout.rs:1156:43
     |
1156 |         for (ordinal, word) in order_body.chunks_exact(8).enumerate() {
     |                                           ^^^^^^^^^^^^^^^ help: consider using `as_chunks` instead: `as_chunks::<8>().0.iter()`
     |
     = help: for further information visit https://rust-lang.github.io/rust-clippy/rust-1.98.0/index.html#chunks_exact_to_as_chunks

warning: using `chunks_exact` with a constant chunk size
    --> crates/borsuk/src/co_selection_layout.rs:1168:31
     |
1168 |         for word in fine_body.chunks_exact(8) {
     |                               ^^^^^^^^^^^^^^^ help: consider using `as_chunks` instead: `as_chunks::<8>().0`
     |
     = help: for further information visit https://rust-lang.github.io/rust-clippy/rust-1.98.0/index.html#chunks_exact_to_as_chunks

warning: using `chunks_exact` with a constant chunk size
    --> crates/borsuk/src/co_selection_layout.rs:1213:38
     |
1213 |                 for word in row[8..].chunks_exact(4) {
     |                                      ^^^^^^^^^^^^^^^ help: consider using `as_chunks` instead: `as_chunks::<4>().0`
     |
     = help: for further information visit https://rust-lang.github.io/rust-clippy/rust-1.98.0/index.html#chunks_exact_to_as_chunks

warning: using `chunks_exact` with a constant chunk size
    --> crates/borsuk/src/co_selection_layout.rs:1605:48
     |
1605 | ...source.group_hashes.chunks_exact(32).map(|s|s.iter().map(|b|format!("{b:02x}")).collect::<String>()).collect::<Vec<_>>(),
     |                        ^^^^^^^^^^^^^^^^ help: consider using `as_chunks` instead: `as_chunks::<32>().0.iter()`
     |
     = help: for further information visit https://rust-lang.github.io/rust-clippy/rust-1.98.0/index.html#chunks_exact_to_as_chunks

warning: this function has too many arguments (8/7)
    --> crates/borsuk/src/co_selection_layout.rs:1957:5
     |
1957 | /     fn replay_frozen_plans(
1958 | |         body: &[u8],
1959 | |         c: &Config,
1960 | |         layouts: &[Self],
...    |
1965 | |         work: &mut WorkBudget,
1966 | |     ) -> Result<(Artifact, [usize; 2])> {
     | |_______________________________________^
     |
     = help: for further information visit https://rust-lang.github.io/rust-clippy/rust-1.98.0/index.html#too_many_arguments

warning: manual implementation of `.is_multiple_of()`
   --> crates/borsuk/src/pq64_router_artifact.rs:115:8
    |
115 |     if bytes.len() % 4 != 0 {
    |        ^^^^^^^^^^^^^^^^^^^^ help: replace with: `!bytes.len().is_multiple_of(4)`
    |
    = help: for further information visit https://rust-lang.github.io/rust-clippy/rust-1.98.0/index.html#manual_is_multiple_of

warning: using `chunks_exact` with a constant chunk size
   --> crates/borsuk/src/pq64_router_artifact.rs:119:10
    |
119 |         .chunks_exact(4)
    |          ^^^^^^^^^^^^^^^ help: consider using `as_chunks` instead: `as_chunks::<4>().0.iter()`
    |
    = help: for further information visit https://rust-lang.github.io/rust-clippy/rust-1.98.0/index.html#chunks_exact_to_as_chunks

warning: this function has too many arguments (10/7)
  --> crates/borsuk/src/relaxed_priced_interval.rs:33:1
   |
33 | / pub fn get_cap_boundary_certificate(
34 | |     weights: &BTreeMap<usize, i64>,
35 | |     mandatory: &[usize],
36 | |     page_count: usize,
...  |
43 | |     max_probes: usize,
44 | | ) -> Result<BoundarySearch, CoverError> {
   | |_______________________________________^
   |
   = help: for further information visit https://rust-lang.github.io/rust-clippy/rust-1.98.0/index.html#too_many_arguments

warning: this function has too many arguments (8/7)
   --> crates/borsuk/src/relaxed_priced_interval.rs:172:1
    |
172 | / pub fn relaxed_priced_cover(
173 | |     weights: &BTreeMap<usize, i64>,
174 | |     mandatory: &[usize],
175 | |     page_count: usize,
...   |
180 | |     trace_budget_bytes: usize,
181 | | ) -> Result<UnconstrainedCover, CoverError> {
    | |___________________________________________^
    |
    = help: for further information visit https://rust-lang.github.io/rust-clippy/rust-1.98.0/index.html#too_many_arguments

warning: this `if` statement can be collapsed
   --> crates/borsuk/src/relaxed_priced_interval.rs:264:13
    |
264 | /             if slot < cap {
265 | |                 if let Some(state) = base {
266 | |                     let candidate = State {
267 | |                         mass: state.mass + weight,
...   |
279 | |             }
    | |_____________^
    |
    = help: for further information visit https://rust-lang.github.io/rust-clippy/rust-1.98.0/index.html#collapsible_if
help: collapse nested if block
    |
264 ~             if slot < cap
265 ~                 && let Some(state) = base {
266 |                     let candidate = State {
...
277 |                     }
278 ~                 }
    |

warning: this `if` statement can be collapsed
   --> crates/borsuk/src/relaxed_priced_interval.rs:280:13
    |
280 | /             if continuation <= cap && slot <= cap - continuation {
281 | |                 if let Some(state) = opened[slot] {
282 | |                     let candidate = State {
283 | |                         mass: state.mass + weight,
...   |
295 | |             }
    | |_____________^
    |
    = help: for further information visit https://rust-lang.github.io/rust-clippy/rust-1.98.0/index.html#collapsible_if
help: collapse nested if block
    |
280 ~             if continuation <= cap && slot <= cap - continuation
281 ~                 && let Some(state) = opened[slot] {
282 |                     let candidate = State {
...
293 |                     }
294 ~                 }
    |

warning: this `if` statement can be collapsed
   --> crates/borsuk/src/relaxed_priced_interval.rs:318:9
    |
318 | /         if let Some(candidate) = candidate {
319 | |             if best.is_none_or(|state| {
320 | |                 key(candidate, unit_price, get_price) > key(state, unit_price, get_price)
321 | |             }) {
...   |
326 | |         }
    | |_________^
    |
    = help: for further information visit https://rust-lang.github.io/rust-clippy/rust-1.98.0/index.html#collapsible_if
help: collapse nested if block
    |
318 ~         if let Some(candidate) = candidate
319 ~             && best.is_none_or(|state| {
320 |                 key(candidate, unit_price, get_price) > key(state, unit_price, get_price)
...
324 |                 best_open = is_open;
325 ~             }
    |

warning: using `chunks_exact` with a constant chunk size
  --> crates/borsuk/src/resident_fp16_tier.rs:54:44
   |
54 |     for (index, chunk) in value.as_bytes().chunks_exact(2).enumerate() {
   |                                            ^^^^^^^^^^^^^^^ help: consider using `as_chunks` instead: `as_chunks::<2>().0.iter()`
   |
   = help: for further information visit https://rust-lang.github.io/rust-clippy/rust-1.98.0/index.html#chunks_exact_to_as_chunks

warning: using `chunks_exact` with a constant chunk size
   --> crates/borsuk/src/resident_fp16_tier.rs:246:37
    |
246 |         let mut chunks = normalized.chunks_exact(8).zip(scratch.chunks_exact(8));
    |                                     ^^^^^^^^^^^^^^^ help: consider using `as_chunks` instead: `as_chunks::<8>().0.iter()`
    |
    = help: for further information visit https://rust-lang.github.io/rust-clippy/rust-1.98.0/index.html#chunks_exact_to_as_chunks

warning: using `chunks_exact` with a constant chunk size
   --> crates/borsuk/src/resident_fp16_tier.rs:246:65
    |
246 |         let mut chunks = normalized.chunks_exact(8).zip(scratch.chunks_exact(8));
    |                                                                 ^^^^^^^^^^^^^^^
    |
help: consider using `as_chunks::<8>()` instead
   --> crates/borsuk/src/resident_fp16_tier.rs:246:65
    |
246 |         let mut chunks = normalized.chunks_exact(8).zip(scratch.chunks_exact(8));
    |                                                                 ^^^^^^^^^^^^^^^
    = help: for further information visit https://rust-lang.github.io/rust-clippy/rust-1.98.0/index.html#chunks_exact_to_as_chunks

warning: using `chunks_exact` with a constant chunk size
   --> crates/borsuk/src/resident_fp16_tier.rs:288:39
    |
288 |             for (q, c) in query_chunk.chunks_exact(8).zip(code_chunk.chunks_exact(8)) {
    |                                       ^^^^^^^^^^^^^^^ help: consider using `as_chunks` instead: `as_chunks::<8>().0.iter()`
    |
    = help: for further information visit https://rust-lang.github.io/rust-clippy/rust-1.98.0/index.html#chunks_exact_to_as_chunks

warning: using `chunks_exact` with a constant chunk size
   --> crates/borsuk/src/resident_fp16_tier.rs:288:70
    |
288 |             for (q, c) in query_chunk.chunks_exact(8).zip(code_chunk.chunks_exact(8)) {
    |                                                                      ^^^^^^^^^^^^^^^
    |
help: consider using `as_chunks::<8>()` instead
   --> crates/borsuk/src/resident_fp16_tier.rs:288:70
    |
288 |             for (q, c) in query_chunk.chunks_exact(8).zip(code_chunk.chunks_exact(8)) {
    |                                                                      ^^^^^^^^^^^^^^^
    = help: for further information visit https://rust-lang.github.io/rust-clippy/rust-1.98.0/index.html#chunks_exact_to_as_chunks

warning: using `chunks_exact` with a constant chunk size
   --> crates/borsuk/src/resident_fp16_tier.rs:359:40
    |
359 |             for coordinate in row[8..].chunks_exact(2) {
    |                                        ^^^^^^^^^^^^^^^ help: consider using `as_chunks` instead: `as_chunks::<2>().0`
    |
    = help: for further information visit https://rust-lang.github.io/rust-clippy/rust-1.98.0/index.html#chunks_exact_to_as_chunks

warning: manual implementation of `.is_multiple_of()`
  --> crates/borsuk/src/resident_graph_build.rs:85:12
   |
85 |         || dimensions % 64 != 0
   |            ^^^^^^^^^^^^^^^^^^^^ help: replace with: `!dimensions.is_multiple_of(64)`
   |
   = help: for further information visit https://rust-lang.github.io/rust-clippy/rust-1.98.0/index.html#manual_is_multiple_of

warning: this `if` statement can be collapsed
   --> crates/borsuk/src/resident_graph_collection.rs:228:13
    |
228 | /             if let Ok(Some(head)) =
229 | |                 read_graph_collection_head(store, prefix, max_snapshot_bytes).await
230 | |             {
231 | |                 if head.revision == revision
...   |
237 | |             }
    | |_____________^
    |
    = help: for further information visit https://rust-lang.github.io/rust-clippy/rust-1.98.0/index.html#collapsible_if
help: collapse nested if block
    |
229 ~                 read_graph_collection_head(store, prefix, max_snapshot_bytes).await
230 ~                 && head.revision == revision
231 |                     && head.base_root_sha256 == base_root_sha256
...
234 |                     return Ok(head);
235 ~                 }
    |

warning: this function has too many arguments (8/7)
   --> crates/borsuk/src/resident_graph_collection.rs:312:1
    |
312 | / pub async fn hydrate_graph_collection(
313 | |     store: &dyn ObjectStore,
314 | |     prefix: &ObjectPath,
315 | |     head: &ResidentGraphCollectionHead,
...   |
320 | |     max_delta_bytes: usize,
321 | | ) -> Result<(Arc<ResidentGraphOverlay>, ResidentGraphHydrationStats), ResidentGraphCollectionError>
    | |___________________________________________________________________________________________________^
    |
    = help: for further information visit https://rust-lang.github.io/rust-clippy/rust-1.98.0/index.html#too_many_arguments

warning: this function has too many arguments (8/7)
   --> crates/borsuk/src/resident_graph_collection.rs:348:1
    |
348 | / pub async fn hydrate_graph_collection_decoded(
349 | |     store: &dyn ObjectStore,
350 | |     prefix: &ObjectPath,
351 | |     head: &ResidentGraphCollectionHead,
...   |
356 | |     max_delta_bytes: usize,
357 | | ) -> Result<(Arc<ResidentGraphOverlay>, ResidentGraphHydrationStats), ResidentGraphCollectionError>
    | |___________________________________________________________________________________________________^
    |
    = help: for further information visit https://rust-lang.github.io/rust-clippy/rust-1.98.0/index.html#too_many_arguments

warning: using `chunks_exact` with a constant chunk size
   --> crates/borsuk/src/resident_graph_generation.rs:354:14
    |
354 |             .chunks_exact(4)
    |              ^^^^^^^^^^^^^^^ help: consider using `as_chunks` instead: `as_chunks::<4>().0.iter()`
    |
    = help: for further information visit https://rust-lang.github.io/rust-clippy/rust-1.98.0/index.html#chunks_exact_to_as_chunks

warning: using `chunks_exact` with a constant chunk size
   --> crates/borsuk/src/resident_graph_generation.rs:358:14
    |
358 |             .chunks_exact(4)
    |              ^^^^^^^^^^^^^^^ help: consider using `as_chunks` instead: `as_chunks::<4>().0.iter()`
    |
    = help: for further information visit https://rust-lang.github.io/rust-clippy/rust-1.98.0/index.html#chunks_exact_to_as_chunks

warning: this function has too many arguments (8/7)
   --> crates/borsuk/src/resident_graph_generation.rs:477:5
    |
477 | /     pub fn search_dual_graph(
478 | |         &self,
479 | |         bound: &ResidentPqCosineGraph<'_, '_>,
480 | |         query: &[f32],
...   |
485 | |         workspace: &mut GraphSearchWorkspace,
486 | |     ) -> Result<(Vec<u64>, usize), ResidentGraphGenerationError> {
    | |________________________________________________________________^
    |
    = help: for further information visit https://rust-lang.github.io/rust-clippy/rust-1.98.0/index.html#too_many_arguments

warning: using `chunks_exact` with a constant chunk size
   --> crates/borsuk/src/resident_graph_mutation_snapshot.rs:151:44
    |
151 |                     for coordinate in data.chunks_exact(2) {
    |                                            ^^^^^^^^^^^^^^^ help: consider using `as_chunks` instead: `as_chunks::<2>().0`
    |
    = help: for further information visit https://rust-lang.github.io/rust-clippy/rust-1.98.0/index.html#chunks_exact_to_as_chunks

warning: this `if` statement can be collapsed
  --> crates/borsuk/src/resident_graph_overlay.rs:85:13
   |
85 | /             if let Some(vector) = &mutation.vector {
86 | |                 if vector.len() != dimensions || vector.iter().any(|value| !value.is_finite()) {
87 | |                     return Err(ResidentGraphOverlayError::Invalid("delta vector"));
88 | |                 }
89 | |             }
   | |_____________^
   |
   = help: for further information visit https://rust-lang.github.io/rust-clippy/rust-1.98.0/index.html#collapsible_if
help: collapse nested if block
   |
85 ~             if let Some(vector) = &mutation.vector
86 ~                 && (vector.len() != dimensions || vector.iter().any(|value| !value.is_finite())) {
87 |                     return Err(ResidentGraphOverlayError::Invalid("delta vector"));
88 ~                 }
   |

warning: this `if` statement can be collapsed
   --> crates/borsuk/src/resident_graph_store.rs:434:13
    |
434 | /             if let Ok(Some(head)) = read_graph_head(store, prefix).await {
435 | |                 if head.root_sha256 == root_sha256 && head.generation == root.generation {
436 | |                     return Ok(head);
437 | |                 }
438 | |             }
    | |_____________^
    |
    = help: for further information visit https://rust-lang.github.io/rust-clippy/rust-1.98.0/index.html#collapsible_if
help: collapse nested if block
    |
434 ~             if let Ok(Some(head)) = read_graph_head(store, prefix).await
435 ~                 && head.root_sha256 == root_sha256 && head.generation == root.generation {
436 |                     return Ok(head);
437 ~                 }
    |

warning: this function has too many arguments (8/7)
   --> crates/borsuk/src/resident_vector_graph.rs:325:5
    |
325 | /     fn build_with_workers(
326 | |         mut vectors: Vec<Vec<f32>>,
327 | |         plane: &ResidentFp16Tier,
328 | |         m: usize,
...   |
333 | |         reverse_extra: bool,
334 | |     ) -> Result<Self, ResidentFp16Error> {
    | |________________________________________^
    |
    = help: for further information visit https://rust-lang.github.io/rust-clippy/rust-1.98.0/index.html#too_many_arguments

warning: this function has too many arguments (9/7)
   --> crates/borsuk/src/resident_vector_graph.rs:607:5
    |
607 | /     fn search_with_anchor_count_workspace(
608 | |         &self,
609 | |         query: &[f32],
610 | |         plane: &ResidentFp16Tier,
...   |
616 | |         workspace: &mut GraphSearchWorkspace,
617 | |     ) -> Result<(Vec<u64>, usize), ResidentFp16Error> {
    | |_____________________________________________________^
    |
    = help: for further information visit https://rust-lang.github.io/rust-clippy/rust-1.98.0/index.html#too_many_arguments

warning: this function has too many arguments (11/7)
   --> crates/borsuk/src/resident_vector_graph.rs:632:5
    |
632 | /     fn search_with_anchor_count_workspace_cached(
633 | |         &self,
634 | |         query: &[f32],
635 | |         plane: &ResidentFp16Tier,
...   |
643 | |         cache_hits: &mut usize,
644 | |     ) -> Result<(Vec<u64>, usize), ResidentFp16Error> {
    | |_____________________________________________________^
    |
    = help: for further information visit https://rust-lang.github.io/rust-clippy/rust-1.98.0/index.html#too_many_arguments

warning: this function has too many arguments (8/7)
   --> crates/borsuk/src/resident_vector_graph.rs:734:5
    |
734 | /     pub fn search_pq_with_visits(
735 | |         &self,
736 | |         query: &[f32],
737 | |         plane: &ResidentFp16Tier,
...   |
742 | |         shortlist: usize,
743 | |     ) -> Result<(Vec<u64>, usize), ResidentFp16Error> {
    | |_____________________________________________________^
    |
    = help: for further information visit https://rust-lang.github.io/rust-clippy/rust-1.98.0/index.html#too_many_arguments

warning: this function has too many arguments (8/7)
   --> crates/borsuk/src/resident_vector_graph.rs:786:5
    |
786 | /     pub fn search_pq_cosine_with_visits(
787 | |         &self,
788 | |         query: &[f32],
789 | |         plane: &ResidentFp16Tier,
...   |
794 | |         shortlist: usize,
795 | |     ) -> Result<(Vec<u64>, usize), ResidentFp16Error> {
    | |_____________________________________________________^
    |
    = help: for further information visit https://rust-lang.github.io/rust-clippy/rust-1.98.0/index.html#too_many_arguments

warning: very complex type used. Consider factoring parts into `type` definitions
    --> crates/borsuk/src/resident_vector_graph.rs:1294:10
     |
1294 |     ) -> Result<(Vec<u64>, Vec<u64>, usize, usize, usize), ResidentFp16Error> {
     |          ^^^^^^^^^^^^^^^^^^^^^^^^^^^^^^^^^^^^^^^^^^^^^^^^^^^^^^^^^^^^^^^^^^^^
     |
     = help: for further information visit https://rust-lang.github.io/rust-clippy/rust-1.98.0/index.html#type_complexity

warning: very complex type used. Consider factoring parts into `type` definitions
    --> crates/borsuk/src/resident_vector_graph.rs:1328:10
     |
1328 |     ) -> Result<(Vec<(u64, f64)>, usize, usize), ResidentFp16Error> {
     |          ^^^^^^^^^^^^^^^^^^^^^^^^^^^^^^^^^^^^^^^^^^^^^^^^^^^^^^^^^^
     |
     = help: for further information visit https://rust-lang.github.io/rust-clippy/rust-1.98.0/index.html#type_complexity

warning: using `chunks_exact` with a constant chunk size
   --> crates/borsuk/src/semantic_cell_overlap.rs:350:38
    |
350 |     for (physical, encoded) in order.chunks_exact(8).enumerate() {
    |                                      ^^^^^^^^^^^^^^^ help: consider using `as_chunks` instead: `as_chunks::<8>().0.iter()`
    |
    = help: for further information visit https://rust-lang.github.io/rust-clippy/rust-1.98.0/index.html#chunks_exact_to_as_chunks

warning: using `chunks_exact` with a constant chunk size
   --> crates/borsuk/src/semantic_cell_overlap.rs:390:14
    |
390 |             .chunks_exact(4)
    |              ^^^^^^^^^^^^^^^ help: consider using `as_chunks` instead: `as_chunks::<4>().0.iter()`
    |
    = help: for further information visit https://rust-lang.github.io/rust-clippy/rust-1.98.0/index.html#chunks_exact_to_as_chunks

warning: this `if` statement can be collapsed
   --> crates/borsuk/src/semantic_cell_overlap.rs:394:9
    |
394 | /         if let Some(p) = propose(&replay, &vector, id, placement[id].0)? {
395 | |             if config.overlap {
396 | |                 proposals.push(p);
397 | |             }
398 | |         }
    | |_________^
    |
    = help: for further information visit https://rust-lang.github.io/rust-clippy/rust-1.98.0/index.html#collapsible_if
help: collapse nested if block
    |
394 ~         if let Some(p) = propose(&replay, &vector, id, placement[id].0)?
395 ~             && config.overlap {
396 |                 proposals.push(p);
397 ~             }
    |

warning: using `chunks_exact` with a constant chunk size
   --> crates/borsuk/src/semantic_cell_overlap.rs:907:29
    |
907 |         for item in mapping.chunks_exact(16) {
    |                             ^^^^^^^^^^^^^^^^ help: consider using `as_chunks` instead: `as_chunks::<16>().0`
    |
    = help: for further information visit https://rust-lang.github.io/rust-clippy/rust-1.98.0/index.html#chunks_exact_to_as_chunks

warning: this expression creates a reference which is immediately dereferenced by the compiler
   --> crates/borsuk/src/semantic_unit_router.rs:491:38
    |
491 |         input_centroids_sha256: hash(&blob),
    |                                      ^^^^^ help: change this to: `blob`
    |
    = help: for further information visit https://rust-lang.github.io/rust-clippy/rust-1.98.0/index.html#needless_borrow

warning: using `chunks_exact` with a constant chunk size
   --> crates/borsuk/src/semantic_unit_router.rs:558:32
    |
558 |         .zip(digest.as_bytes().chunks_exact(2))
    |                                ^^^^^^^^^^^^^^^
    |
help: consider using `as_chunks::<2>()` instead
   --> crates/borsuk/src/semantic_unit_router.rs:558:32
    |
558 |         .zip(digest.as_bytes().chunks_exact(2))
    |                                ^^^^^^^^^^^^^^^
    = help: for further information visit https://rust-lang.github.io/rust-clippy/rust-1.98.0/index.html#chunks_exact_to_as_chunks

warning: using `chunks_exact_mut` with a constant chunk size
   --> crates/borsuk/src/semantic_unit_router.rs:636:18
    |
636 |                 .chunks_exact_mut(4)
    |                  ^^^^^^^^^^^^^^^^^^^ help: consider using `as_chunks` instead: `as_chunks_mut::<4>().0.iter()`
    |
    = help: for further information visit https://rust-lang.github.io/rust-clippy/rust-1.98.0/index.html#chunks_exact_to_as_chunks

warning: using `chunks_exact` with a constant chunk size
   --> crates/borsuk/src/semantic_unit_router.rs:741:37
    |
741 |     for word in body[plane_start..].chunks_exact(4) {
    |                                     ^^^^^^^^^^^^^^^ help: consider using `as_chunks` instead: `as_chunks::<4>().0`
    |
    = help: for further information visit https://rust-lang.github.io/rust-clippy/rust-1.98.0/index.html#chunks_exact_to_as_chunks

warning: using `chunks_exact` with a constant chunk size
   --> crates/borsuk/src/semantic_unit_router.rs:768:18
    |
768 |                 .chunks_exact(4)
    |                  ^^^^^^^^^^^^^^^ help: consider using `as_chunks` instead: `as_chunks::<4>().0.iter()`
    |
    = help: for further information visit https://rust-lang.github.io/rust-clippy/rust-1.98.0/index.html#chunks_exact_to_as_chunks

warning: using `chunks_exact` with a constant chunk size
   --> crates/borsuk/src/semantic_unit_router.rs:891:14
    |
891 |             .chunks_exact(4)
    |              ^^^^^^^^^^^^^^^ help: consider using `as_chunks` instead: `as_chunks::<4>().0.iter()`
    |
    = help: for further information visit https://rust-lang.github.io/rust-clippy/rust-1.98.0/index.html#chunks_exact_to_as_chunks

warning: using `chunks_exact` with a constant chunk size
  --> crates/borsuk/src/source_order.rs:41:55
   |
41 |     for (value, bytes) in values.iter_mut().zip(bytes.chunks_exact(4)) {
   |                                                       ^^^^^^^^^^^^^^^
   |
help: consider using `as_chunks::<4>()` instead
  --> crates/borsuk/src/source_order.rs:41:55
   |
41 |     for (value, bytes) in values.iter_mut().zip(bytes.chunks_exact(4)) {
   |                                                       ^^^^^^^^^^^^^^^
   = help: for further information visit https://rust-lang.github.io/rust-clippy/rust-1.98.0/index.html#chunks_exact_to_as_chunks

warning: using `chunks_exact` with a constant chunk size
   --> crates/borsuk/src/sq8_page_authority.rs:120:18
    |
120 |                 .chunks_exact(32)
    |                  ^^^^^^^^^^^^^^^^ help: consider using `as_chunks` instead: `as_chunks::<32>().0.iter()`
    |
    = help: for further information visit https://rust-lang.github.io/rust-clippy/rust-1.98.0/index.html#chunks_exact_to_as_chunks

warning: using `chunks_exact` with a constant chunk size
   --> crates/borsuk/src/sq8_page_authority.rs:212:18
    |
212 |                 .chunks_exact(32)
    |                  ^^^^^^^^^^^^^^^^ help: consider using `as_chunks` instead: `as_chunks::<32>().0.iter()`
    |
    = help: for further information visit https://rust-lang.github.io/rust-clippy/rust-1.98.0/index.html#chunks_exact_to_as_chunks

warning: using `chunks_exact` with a constant chunk size
   --> crates/borsuk/src/two_bit_source.rs:180:64
    |
180 |             for (sum, bytes) in sums.iter_mut().zip(raw_buffer.chunks_exact(4)) {
    |                                                                ^^^^^^^^^^^^^^^
    |
help: consider using `as_chunks::<4>()` instead
   --> crates/borsuk/src/two_bit_source.rs:180:64
    |
180 |             for (sum, bytes) in sums.iter_mut().zip(raw_buffer.chunks_exact(4)) {
    |                                                                ^^^^^^^^^^^^^^^
    = help: for further information visit https://rust-lang.github.io/rust-clippy/rust-1.98.0/index.html#chunks_exact_to_as_chunks

warning: using `chunks_exact` with a constant chunk size
   --> crates/borsuk/src/two_bit_source.rs:281:65
    |
281 |             for (value, bytes) in row.iter_mut().zip(raw_buffer.chunks_exact(4)) {
    |                                                                 ^^^^^^^^^^^^^^^
    |
help: consider using `as_chunks::<4>()` instead
   --> crates/borsuk/src/two_bit_source.rs:281:65
    |
281 |             for (value, bytes) in row.iter_mut().zip(raw_buffer.chunks_exact(4)) {
    |                                                                 ^^^^^^^^^^^^^^^
    = help: for further information visit https://rust-lang.github.io/rust-clippy/rust-1.98.0/index.html#chunks_exact_to_as_chunks

warning: using `chunks_exact` with a constant chunk size
   --> crates/borsuk/src/two_bit_source.rs:474:14
    |
474 |             .chunks_exact(4)
    |              ^^^^^^^^^^^^^^^ help: consider using `as_chunks` instead: `as_chunks::<4>().0.iter()`
    |
    = help: for further information visit https://rust-lang.github.io/rust-clippy/rust-1.98.0/index.html#chunks_exact_to_as_chunks

warning: manual implementation of `.is_multiple_of()`
  --> crates/borsuk/src/unit_centroid_pages.rs:68:12
   |
68 |         || page_rows % unit_rows != 0
   |            ^^^^^^^^^^^^^^^^^^^^^^^^^^ help: replace with: `!page_rows.is_multiple_of(unit_rows)`
   |
   = help: for further information visit https://rust-lang.github.io/rust-clippy/rust-1.98.0/index.html#manual_is_multiple_of

warning: using `chunks_exact` with a constant chunk size
   --> crates/borsuk/src/unit_centroid_pages.rs:177:40
    |
177 |             for (pair, value) in input.chunks_exact(2).zip(&mut bits) {
    |                                        ^^^^^^^^^^^^^^^ help: consider using `as_chunks` instead: `as_chunks::<2>().0.iter()`
    |
    = help: for further information visit https://rust-lang.github.io/rust-clippy/rust-1.98.0/index.html#chunks_exact_to_as_chunks

warning: using `chunks_exact` with a constant chunk size
   --> crates/borsuk/src/unit_centroid_pages.rs:257:32
    |
257 |         let mut chunks = query.chunks_exact(8).zip(center.chunks_exact(8));
    |                                ^^^^^^^^^^^^^^^ help: consider using `as_chunks` instead: `as_chunks::<8>().0.iter()`
    |
    = help: for further information visit https://rust-lang.github.io/rust-clippy/rust-1.98.0/index.html#chunks_exact_to_as_chunks

warning: using `chunks_exact` with a constant chunk size
   --> crates/borsuk/src/unit_centroid_pages.rs:257:59
    |
257 |         let mut chunks = query.chunks_exact(8).zip(center.chunks_exact(8));
    |                                                           ^^^^^^^^^^^^^^^
    |
help: consider using `as_chunks::<8>()` instead
   --> crates/borsuk/src/unit_centroid_pages.rs:257:59
    |
257 |         let mut chunks = query.chunks_exact(8).zip(center.chunks_exact(8));
    |                                                           ^^^^^^^^^^^^^^^
    = help: for further information visit https://rust-lang.github.io/rust-clippy/rust-1.98.0/index.html#chunks_exact_to_as_chunks

warning: manual saturating arithmetic
   --> crates/borsuk/src/v40_spill_router.rs:115:24
    |
115 |                       != summary
    |  ________________________^
116 | |                         .primary_population
117 | |                         .checked_add(summary.alternate_population)
118 | |                         .unwrap_or(u64::MAX)
    | |____________________________________________^
    |
    = help: for further information visit https://rust-lang.github.io/rust-clippy/rust-1.98.0/index.html#manual_saturating_arithmetic
    = note: `-W clippy::manual-saturating-arithmetic` implied by `-W clippy::all`
    = help: to override `-W clippy::all` add `#[allow(clippy::manual_saturating_arithmetic)]`
help: consider using `saturating_add`
    |
115 ~                     != summary
116 +                         .primary_population.saturating_add(summary.alternate_population)
    |

warning: using `contains()` instead of `iter().any()` is more efficient
    --> crates/borsuk/src/v40_spill_router.rs:2701:12
     |
2701 |         || samples.iter().any(|sample| *sample == 0)
     |            ^^^^^^^^^^^^^^^^^^^^^^^^^^^^^^^^^^^^^^^^^ help: try: `samples.contains(&0)`
     |
     = help: for further information visit https://rust-lang.github.io/rust-clippy/rust-1.98.0/index.html#manual_contains
     = note: `-W clippy::manual-contains` implied by `-W clippy::all`
     = help: to override `-W clippy::all` add `#[allow(clippy::manual_contains)]`

warning: using `contains()` instead of `iter().any()` is more efficient
    --> crates/borsuk/src/v40_spill_router.rs:2744:12
     |
2744 |         || samples.iter().any(|sample| *sample == 0)
     |            ^^^^^^^^^^^^^^^^^^^^^^^^^^^^^^^^^^^^^^^^^ help: try: `samples.contains(&0)`
     |
     = help: for further information visit https://rust-lang.github.io/rust-clippy/rust-1.98.0/index.html#manual_contains

warning: the loop variable `mode` is used to index `counts`
   --> crates/borsuk/src/v41_forest_probe.rs:329:25
    |
329 |             for mode in 0..mode_count {
    |                         ^^^^^^^^^^^^^
    |
    = help: for further information visit https://rust-lang.github.io/rust-clippy/rust-1.98.0/index.html#needless_range_loop
help: consider using an iterator and enumerate()
    |
329 -             for mode in 0..mode_count {
329 +             for (mode, <item>) in counts.iter().enumerate().take(mode_count) {
    |

warning: using `chunks_exact` with a constant chunk size
   --> crates/borsuk/src/v41_forest_probe.rs:394:10
    |
394 |         .chunks_exact(PROJECTED_DIMENSIONS)
    |          ^^^^^^^^^^^^^^^^^^^^^^^^^^^^^^^^^^ help: consider using `as_chunks` instead: `as_chunks::<PROJECTED_DIMENSIONS>().0.iter()`
    |
    = help: for further information visit https://rust-lang.github.io/rust-clippy/rust-1.98.0/index.html#chunks_exact_to_as_chunks

warning: using `chunks_exact` with a constant chunk size
   --> crates/borsuk/src/v41_forest_probe.rs:597:22
    |
597 |                     .chunks_exact(PROJECTED_DIMENSIONS)
    |                      ^^^^^^^^^^^^^^^^^^^^^^^^^^^^^^^^^^ help: consider using `as_chunks` instead: `as_chunks::<PROJECTED_DIMENSIONS>().0.iter()`
    |
    = help: for further information visit https://rust-lang.github.io/rust-clippy/rust-1.98.0/index.html#chunks_exact_to_as_chunks

warning: using `chunks_exact` with a constant chunk size
   --> crates/borsuk/src/v41_forest_probe.rs:640:22
    |
640 |                     .chunks_exact(PROJECTED_DIMENSIONS)
    |                      ^^^^^^^^^^^^^^^^^^^^^^^^^^^^^^^^^^ help: consider using `as_chunks` instead: `as_chunks::<PROJECTED_DIMENSIONS>().0.iter()`
    |
    = help: for further information visit https://rust-lang.github.io/rust-clippy/rust-1.98.0/index.html#chunks_exact_to_as_chunks

warning: using `chunks_exact` with a constant chunk size
   --> crates/borsuk/src/v41_forest_probe.rs:697:53
    |
697 |                 for (mode, center) in group.centers.chunks_exact(PROJECTED_DIMENSIONS).enumerate() {
    |                                                     ^^^^^^^^^^^^^^^^^^^^^^^^^^^^^^^^^^ help: consider using `as_chunks` instead: `as_chunks::<PROJECTED_DIMENSIONS>().0.iter()`
    |
    = help: for further information visit https://rust-lang.github.io/rust-clippy/rust-1.98.0/index.html#chunks_exact_to_as_chunks

warning: the loop variable `index` is used to index `matrix`
   --> crates/borsuk/src/v41_forest_probe.rs:784:18
    |
784 |     for index in 1..MASS_FEATURES {
    |                  ^^^^^^^^^^^^^^^^
    |
    = help: for further information visit https://rust-lang.github.io/rust-clippy/rust-1.98.0/index.html#needless_range_loop
help: consider using an iterator and enumerate()
    |
784 -     for index in 1..MASS_FEATURES {
784 +     for (index, <item>) in matrix.iter_mut().enumerate().take(MASS_FEATURES).skip(1) {
    |

warning: the loop variable `column` is only used to index `matrix`
   --> crates/borsuk/src/v41_forest_probe.rs:798:23
    |
798 |         for column in pivot..MASS_FEATURES {
    |                       ^^^^^^^^^^^^^^^^^^^^
    |
    = help: for further information visit https://rust-lang.github.io/rust-clippy/rust-1.98.0/index.html#needless_range_loop
help: consider using an iterator
    |
798 -         for column in pivot..MASS_FEATURES {
798 +         for <item> in matrix.iter_mut().take(MASS_FEATURES).skip(pivot) {
    |

warning: the loop variable `column` is only used to index `matrix`
   --> crates/borsuk/src/v41_forest_probe.rs:807:27
    |
807 |             for column in pivot..MASS_FEATURES {
    |                           ^^^^^^^^^^^^^^^^^^^^
    |
    = help: for further information visit https://rust-lang.github.io/rust-clippy/rust-1.98.0/index.html#needless_range_loop
help: consider using an iterator
    |
807 -             for column in pivot..MASS_FEATURES {
807 +             for <item> in matrix.iter_mut().take(MASS_FEATURES).skip(pivot) {
    |

warning: using `chunks_exact` with a constant chunk size
   --> crates/borsuk/src/v41_forest_probe.rs:943:53
    |
943 |                 for (mode, center) in group.centers.chunks_exact(PROJECTED_DIMENSIONS).enumerate() {
    |                                                     ^^^^^^^^^^^^^^^^^^^^^^^^^^^^^^^^^^ help: consider using `as_chunks` instead: `as_chunks::<PROJECTED_DIMENSIONS>().0.iter()`
    |
    = help: for further information visit https://rust-lang.github.io/rust-clippy/rust-1.98.0/index.html#chunks_exact_to_as_chunks

warning: the loop variable `index` is only used to index `parameters`
    --> crates/borsuk/src/v41_forest_probe.rs:1402:18
     |
1402 |     for index in MODE_W1..MODE_B1 {
     |                  ^^^^^^^^^^^^^^^^
     |
     = help: for further information visit https://rust-lang.github.io/rust-clippy/rust-1.98.0/index.html#needless_range_loop
help: consider using an iterator
     |
1402 -     for index in MODE_W1..MODE_B1 {
1402 +     for <item> in parameters.iter_mut().take(MODE_B1).skip(MODE_W1) {
     |

warning: the loop variable `index` is only used to index `parameters`
    --> crates/borsuk/src/v41_forest_probe.rs:1405:18
     |
1405 |     for index in MODE_W2..MODE_B2 {
     |                  ^^^^^^^^^^^^^^^^
     |
     = help: for further information visit https://rust-lang.github.io/rust-clippy/rust-1.98.0/index.html#needless_range_loop
help: consider using an iterator
     |
1405 -     for index in MODE_W2..MODE_B2 {
1405 +     for <item> in parameters.iter_mut().take(MODE_B2).skip(MODE_W2) {
     |

warning: the loop variable `index` is only used to index `parameters`
    --> crates/borsuk/src/v41_forest_probe.rs:1408:18
     |
1408 |     for index in MODE_W3..MODE_B3 {
     |                  ^^^^^^^^^^^^^^^^
     |
     = help: for further information visit https://rust-lang.github.io/rust-clippy/rust-1.98.0/index.html#needless_range_loop
help: consider using an iterator
     |
1408 -     for index in MODE_W3..MODE_B3 {
1408 +     for <item> in parameters.iter_mut().take(MODE_B3).skip(MODE_W3) {
     |

warning: the loop variable `index` is only used to index `parameters`
    --> crates/borsuk/src/v41_forest_probe.rs:1411:18
     |
1411 |     for index in PAGE_W1..PAGE_B1 {
     |                  ^^^^^^^^^^^^^^^^
     |
     = help: for further information visit https://rust-lang.github.io/rust-clippy/rust-1.98.0/index.html#needless_range_loop
help: consider using an iterator
     |
1411 -     for index in PAGE_W1..PAGE_B1 {
1411 +     for <item> in parameters.iter_mut().take(PAGE_B1).skip(PAGE_W1) {
     |

warning: the loop variable `index` is only used to index `parameters`
    --> crates/borsuk/src/v41_forest_probe.rs:1414:18
     |
1414 |     for index in PAGE_W2..PAGE_B2 {
     |                  ^^^^^^^^^^^^^^^^
     |
     = help: for further information visit https://rust-lang.github.io/rust-clippy/rust-1.98.0/index.html#needless_range_loop
help: consider using an iterator
     |
1414 -     for index in PAGE_W2..PAGE_B2 {
1414 +     for <item> in parameters.iter_mut().take(PAGE_B2).skip(PAGE_W2) {
     |

warning: very complex type used. Consider factoring parts into `type` definitions
    --> crates/borsuk/src/v41_forest_probe.rs:1538:6
     |
1538 | ) -> Result<(BTreeSet<u32>, BTreeMap<OwnerPair, f64>, BTreeMap<u32, f64>)> {
     |      ^^^^^^^^^^^^^^^^^^^^^^^^^^^^^^^^^^^^^^^^^^^^^^^^^^^^^^^^^^^^^^^^^^^^^
     |
     = help: for further information visit https://rust-lang.github.io/rust-clippy/rust-1.98.0/index.html#type_complexity

warning: this function has too many arguments (9/7)
    --> crates/borsuk/src/v41_forest_probe.rs:2204:1
     |
2204 | / fn shared_screen(
2205 | |     query_indices: impl Iterator<Item = usize>,
2206 | |     queries: &[crate::v36_prefix_dataset::V36PrefixQueryRow],
2207 | |     truth: &[crate::v37_relation_router::V37FeatureGroundTruth],
...    |
2213 | |     promotion: bool,
2214 | | ) -> Result<SharedScreen> {
     | |_________________________^
     |
     = help: for further information visit https://rust-lang.github.io/rust-clippy/rust-1.98.0/index.html#too_many_arguments

warning: this function has too many arguments (10/7)
    --> crates/borsuk/src/v41_forest_probe.rs:2555:1
     |
2555 | / fn v44_screen(
2556 | |     query_indices: impl Iterator<Item = usize>,
2557 | |     queries: &[crate::v36_prefix_dataset::V36PrefixQueryRow],
2558 | |     truth: &[crate::v37_relation_router::V37FeatureGroundTruth],
...    |
2565 | |     promotion: bool,
2566 | | ) -> Result<SharedScreen> {
     | |_________________________^
     |
     = help: for further information visit https://rust-lang.github.io/rust-clippy/rust-1.98.0/index.html#too_many_arguments

warning: the loop variable `bit` is used to index `margins`
   --> crates/borsuk/src/v45_lsh_probe.rs:106:16
    |
106 |     for bit in 0..PREFIX_BITS {
    |                ^^^^^^^^^^^^^^
    |
    = help: for further information visit https://rust-lang.github.io/rust-clippy/rust-1.98.0/index.html#needless_range_loop
help: consider using an iterator and enumerate()
    |
106 -     for bit in 0..PREFIX_BITS {
106 +     for (bit, <item>) in margins.iter_mut().enumerate().take(PREFIX_BITS) {
    |

warning: this function has too many arguments (11/7)
   --> crates/borsuk/src/v45_lsh_probe.rs:293:1
    |
293 | / fn evaluate(
294 | |     query_indices: impl Iterator<Item = usize>,
295 | |     queries: &[crate::v36_prefix_dataset::V36PrefixQueryRow],
296 | |     truth: &[crate::v37_relation_router::V37FeatureGroundTruth],
...   |
304 | |     promotion: bool,
305 | | ) -> Result<Screen> {
    | |___________________^
    |
    = help: for further information visit https://rust-lang.github.io/rust-clippy/rust-1.98.0/index.html#too_many_arguments

warning: using `chunks_exact` with a constant chunk size
  --> crates/borsuk/src/v50_exact_original_control.rs:76:10
   |
76 |         .chunks_exact(DIMENSIONS)
   |          ^^^^^^^^^^^^^^^^^^^^^^^^ help: consider using `as_chunks` instead: `as_chunks::<DIMENSIONS>().0.iter()`
   |
   = help: for further information visit https://rust-lang.github.io/rust-clippy/rust-1.98.0/index.html#chunks_exact_to_as_chunks

warning: large size difference between variants
   --> crates/borsuk/src/two_bit_generation.rs:211:1
    |
211 | /   pub(crate) enum Discovery {
212 | | /     Graph {
213 | | |         centroids_sha256: String,
214 | | |         graph_sha256: String,
215 | | |         graph_resident_bytes: usize,
216 | | |         diverse_graph_sha256: String,
217 | | |         diverse_graph_resident_bytes: usize,
218 | | |     },
    | | |_____- the second-largest variant contains at least 88 bytes
219 | | /     Semantic {
220 | | |         profile: SemanticProfile,
221 | | |         root_sha256: String,
222 | | |         root_bytes: usize,
...   | |
235 | | |         sq8_sha256: String,
236 | | |     },
    | | |_____- the largest variant contains at least 289 bytes
237 | |   }
    | |___^ the entire enum is at least 296 bytes
    |
    = help: for further information visit https://rust-lang.github.io/rust-clippy/rust-1.98.0/index.html#large_enum_variant
    = note: `-W clippy::large-enum-variant` implied by `-W clippy::all`
    = help: to override `-W clippy::all` add `#[allow(clippy::large_enum_variant)]`
help: consider boxing the large fields or introducing indirection in some other way to reduce the total size of the enum
    |
235 -         sq8_sha256: String,
235 +         sq8_sha256: Box<String>,
    |

warning: the `Err`-variant returned from this function is very large
   --> crates/borsuk/src/two_bit_generation.rs:331:70
    |
 76 | /     Query {
 77 | |         /// Observed intervals, including failed admitted stages.
 78 | |         stages: QueryStages,
 79 | |         /// Underlying error and incurred I/O charges.
 80 | |         error: Box<TwoBitGenerationError>,
 81 | |     },
    | |_____- the largest variant contains at least 152 bytes
...
331 |       pub(crate) fn input<'a>(&'a self, plane: &SourcePlaneReceipt) -> Result<SourceIdentity<'a>> {
    |                                                                        ^^^^^^^^^^^^^^^^^^^^^^^^^^
    |
    = help: try reducing the size of `two_bit_generation::TwoBitGenerationError`, for example by boxing large elements or replacing it with `Box<two_bit_generation::TwoBitGenerationError>`
    = help: for further information visit https://rust-lang.github.io/rust-clippy/rust-1.98.0/index.html#result_large_err

warning: large size difference between variants
   --> crates/borsuk/src/two_bit_generation.rs:365:1
    |
365 | /   enum LoadedDiscovery {
366 | | /     Graph {
367 | | |         centroids: UnitCentroidPages,
368 | | |         graphs: [UnitCentroidGraph; 2],
369 | | |     },
    | | |_____- the second-largest variant contains at least 304 bytes
370 | | /     Semantic {
371 | | |         router: SemanticUnitRouter,
372 | | |         local: std::path::PathBuf,
373 | | |         remote: Option<(ObjectPath, String)>,
374 | | |     },
    | | |_____- the largest variant contains at least 584 bytes
375 | |   }
    | |___^ the entire enum is at least 584 bytes
    |
    = help: for further information visit https://rust-lang.github.io/rust-clippy/rust-1.98.0/index.html#large_enum_variant
help: consider boxing the large fields or introducing indirection in some other way to reduce the total size of the enum
    |
371 -         router: SemanticUnitRouter,
371 +         router: Box<SemanticUnitRouter>,
    |

warning: the `Err`-variant returned from this function is very large
   --> crates/borsuk/src/two_bit_generation.rs:541:6
    |
 76 | /     Query {
 77 | |         /// Observed intervals, including failed admitted stages.
 78 | |         stages: QueryStages,
 79 | |         /// Underlying error and incurred I/O charges.
 80 | |         error: Box<TwoBitGenerationError>,
 81 | |     },
    | |_____- the largest variant contains at least 152 bytes
...
541 |   ) -> Result<BudgetedPagePlan> {
    |        ^^^^^^^^^^^^^^^^^^^^^^^^
    |
    = help: try reducing the size of `two_bit_generation::TwoBitGenerationError`, for example by boxing large elements or replacing it with `Box<two_bit_generation::TwoBitGenerationError>`
    = help: for further information visit https://rust-lang.github.io/rust-clippy/rust-1.98.0/index.html#result_large_err

warning: this function has too many arguments (10/7)
   --> crates/borsuk/src/two_bit_generation.rs:530:1
    |
530 | / pub fn plan_two_bit_source_walks<'a>(
531 | |     rows: usize,
532 | |     dimensions: usize,
533 | |     nomination_page_limit: usize,
...   |
540 | |     trace: Option<&mut TwoBitPlanTrace>,
541 | | ) -> Result<BudgetedPagePlan> {
    | |_____________________________^
    |
    = help: for further information visit https://rust-lang.github.io/rust-clippy/rust-1.98.0/index.html#too_many_arguments

warning: the `Err`-variant returned from this closure is very large
   --> crates/borsuk/src/two_bit_generation.rs:555:17
    |
 76 | /     Query {
 77 | |         /// Observed intervals, including failed admitted stages.
 78 | |         stages: QueryStages,
 79 | |         /// Underlying error and incurred I/O charges.
 80 | |         error: Box<TwoBitGenerationError>,
 81 | |     },
    | |_____- the largest variant contains at least 152 bytes
...
555 |       let score = |unit: usize| {
    |  _________________^
556 | |         if trace.is_some() {
557 | |             nomination_evaluated_units.push(unit);
...   |
570 | |         Ok(maximum)
571 | |     };
    | |_____^
    |
    = help: try reducing the size of `two_bit_generation::TwoBitGenerationError`, for example by boxing large elements or replacing it with `Box<two_bit_generation::TwoBitGenerationError>`
    = help: for further information visit https://rust-lang.github.io/rust-clippy/rust-1.98.0/index.html#result_large_err

warning: the `Err`-variant returned from this function is very large
   --> crates/borsuk/src/two_bit_generation.rs:600:61
    |
 76 | /     Query {
 77 | |         /// Observed intervals, including failed admitted stages.
 78 | |         stages: QueryStages,
 79 | |         /// Underlying error and incurred I/O charges.
 80 | |         error: Box<TwoBitGenerationError>,
 81 | |     },
    | |_____- the largest variant contains at least 152 bytes
...
600 |   pub fn normalize_two_bit_diagnostic_query(query: &[f32]) -> Result<Cow<'_, [f32]>> {
    |                                                               ^^^^^^^^^^^^^^^^^^^^^^
    |
    = help: try reducing the size of `two_bit_generation::TwoBitGenerationError`, for example by boxing large elements or replacing it with `Box<two_bit_generation::TwoBitGenerationError>`
    = help: for further information visit https://rust-lang.github.io/rust-clippy/rust-1.98.0/index.html#result_large_err

warning: the `Err`-variant returned from this function is very large
   --> crates/borsuk/src/two_bit_generation.rs:612:6
    |
 76 | /     Query {
 77 | |         /// Observed intervals, including failed admitted stages.
 78 | |         stages: QueryStages,
 79 | |         /// Underlying error and incurred I/O charges.
 80 | |         error: Box<TwoBitGenerationError>,
 81 | |     },
    | |_____- the largest variant contains at least 152 bytes
...
612 |   ) -> Result<(Vec<std::ops::Range<usize>>, usize)> {
    |        ^^^^^^^^^^^^^^^^^^^^^^^^^^^^^^^^^^^^^^^^^^^^
    |
    = help: try reducing the size of `two_bit_generation::TwoBitGenerationError`, for example by boxing large elements or replacing it with `Box<two_bit_generation::TwoBitGenerationError>`
    = help: for further information visit https://rust-lang.github.io/rust-clippy/rust-1.98.0/index.html#result_large_err

warning: the `Err`-variant returned from this function is very large
   --> crates/borsuk/src/two_bit_generation.rs:637:6
    |
 76 | /     Query {
 77 | |         /// Observed intervals, including failed admitted stages.
 78 | |         stages: QueryStages,
 79 | |         /// Underlying error and incurred I/O charges.
 80 | |         error: Box<TwoBitGenerationError>,
 81 | |     },
    | |_____- the largest variant contains at least 152 bytes
...
637 |   ) -> Result<Vec<usize>> {
    |        ^^^^^^^^^^^^^^^^^^
    |
    = help: try reducing the size of `two_bit_generation::TwoBitGenerationError`, for example by boxing large elements or replacing it with `Box<two_bit_generation::TwoBitGenerationError>`
    = help: for further information visit https://rust-lang.github.io/rust-clippy/rust-1.98.0/index.html#result_large_err

warning: the `Err`-variant returned from this function is very large
   --> crates/borsuk/src/two_bit_generation.rs:677:6
    |
 76 | /     Query {
 77 | |         /// Observed intervals, including failed admitted stages.
 78 | |         stages: QueryStages,
 79 | |         /// Underlying error and incurred I/O charges.
 80 | |         error: Box<TwoBitGenerationError>,
 81 | |     },
    | |_____- the largest variant contains at least 152 bytes
...
677 |   ) -> Result<Vec<(usize, f64)>> {
    |        ^^^^^^^^^^^^^^^^^^^^^^^^^
    |
    = help: try reducing the size of `two_bit_generation::TwoBitGenerationError`, for example by boxing large elements or replacing it with `Box<two_bit_generation::TwoBitGenerationError>`
    = help: for further information visit https://rust-lang.github.io/rust-clippy/rust-1.98.0/index.html#result_large_err

warning: the `Err`-variant returned from this function is very large
   --> crates/borsuk/src/two_bit_generation.rs:821:10
    |
 76 | /     Query {
 77 | |         /// Observed intervals, including failed admitted stages.
 78 | |         stages: QueryStages,
 79 | |         /// Underlying error and incurred I/O charges.
 80 | |         error: Box<TwoBitGenerationError>,
 81 | |     },
    | |_____- the largest variant contains at least 152 bytes
...
821 |       ) -> Result<Self> {
    |            ^^^^^^^^^^^^
    |
    = help: try reducing the size of `two_bit_generation::TwoBitGenerationError`, for example by boxing large elements or replacing it with `Box<two_bit_generation::TwoBitGenerationError>`
    = help: for further information visit https://rust-lang.github.io/rust-clippy/rust-1.98.0/index.html#result_large_err

warning: the `Err`-variant returned from this function is very large
   --> crates/borsuk/src/two_bit_generation.rs:833:10
    |
 76 | /     Query {
 77 | |         /// Observed intervals, including failed admitted stages.
 78 | |         stages: QueryStages,
 79 | |         /// Underlying error and incurred I/O charges.
 80 | |         error: Box<TwoBitGenerationError>,
 81 | |     },
    | |_____- the largest variant contains at least 152 bytes
...
833 |       ) -> Result<Self> {
    |            ^^^^^^^^^^^^
    |
    = help: try reducing the size of `two_bit_generation::TwoBitGenerationError`, for example by boxing large elements or replacing it with `Box<two_bit_generation::TwoBitGenerationError>`
    = help: for further information visit https://rust-lang.github.io/rust-clippy/rust-1.98.0/index.html#result_large_err

warning: the `Err`-variant returned from this function is very large
   --> crates/borsuk/src/two_bit_generation.rs:864:10
    |
 76 | /     Query {
 77 | |         /// Observed intervals, including failed admitted stages.
 78 | |         stages: QueryStages,
 79 | |         /// Underlying error and incurred I/O charges.
 80 | |         error: Box<TwoBitGenerationError>,
 81 | |     },
    | |_____- the largest variant contains at least 152 bytes
...
864 |       ) -> Result<Self> {
    |            ^^^^^^^^^^^^
    |
    = help: try reducing the size of `two_bit_generation::TwoBitGenerationError`, for example by boxing large elements or replacing it with `Box<two_bit_generation::TwoBitGenerationError>`
    = help: for further information visit https://rust-lang.github.io/rust-clippy/rust-1.98.0/index.html#result_large_err

warning: the `Err`-variant returned from this function is very large
   --> crates/borsuk/src/two_bit_generation.rs:944:87
    |
 76 | /     Query {
 77 | |         /// Observed intervals, including failed admitted stages.
 78 | |         stages: QueryStages,
 79 | |         /// Underlying error and incurred I/O charges.
 80 | |         error: Box<TwoBitGenerationError>,
 81 | |     },
    | |_____- the largest variant contains at least 152 bytes
...
944 |       pub fn open(root: &Path, trusted_sha256: &str, limits: TwoBitGenerationLimits) -> Result<Self> {
    |                                                                                         ^^^^^^^^^^^^
    |
    = help: try reducing the size of `two_bit_generation::TwoBitGenerationError`, for example by boxing large elements or replacing it with `Box<two_bit_generation::TwoBitGenerationError>`
    = help: for further information visit https://rust-lang.github.io/rust-clippy/rust-1.98.0/index.html#result_large_err

warning: the `Err`-variant returned from this function is very large
   --> crates/borsuk/src/two_bit_generation.rs:953:10
    |
 76 | /     Query {
 77 | |         /// Observed intervals, including failed admitted stages.
 78 | |         stages: QueryStages,
 79 | |         /// Underlying error and incurred I/O charges.
 80 | |         error: Box<TwoBitGenerationError>,
 81 | |     },
    | |_____- the largest variant contains at least 152 bytes
...
953 |       ) -> Result<()> {
    |            ^^^^^^^^^^
    |
    = help: try reducing the size of `two_bit_generation::TwoBitGenerationError`, for example by boxing large elements or replacing it with `Box<two_bit_generation::TwoBitGenerationError>`
    = help: for further information visit https://rust-lang.github.io/rust-clippy/rust-1.98.0/index.html#result_large_err

warning: the `Err`-variant returned from this function is very large
   --> crates/borsuk/src/two_bit_generation.rs:962:10
    |
 76 | /     Query {
 77 | |         /// Observed intervals, including failed admitted stages.
 78 | |         stages: QueryStages,
 79 | |         /// Underlying error and incurred I/O charges.
 80 | |         error: Box<TwoBitGenerationError>,
 81 | |     },
    | |_____- the largest variant contains at least 152 bytes
...
962 |       ) -> Result<Self> {
    |            ^^^^^^^^^^^^
    |
    = help: try reducing the size of `two_bit_generation::TwoBitGenerationError`, for example by boxing large elements or replacing it with `Box<two_bit_generation::TwoBitGenerationError>`
    = help: for further information visit https://rust-lang.github.io/rust-clippy/rust-1.98.0/index.html#result_large_err

warning: the `Err`-variant returned from this closure is very large
   --> crates/borsuk/src/two_bit_generation.rs:966:20
    |
 76 | /     Query {
 77 | |         /// Observed intervals, including failed admitted stages.
 78 | |         stages: QueryStages,
 79 | |         /// Underlying error and incurred I/O charges.
 80 | |         error: Box<TwoBitGenerationError>,
 81 | |     },
    | |_____- the largest variant contains at least 152 bytes
...
966 |           let size = |name: &str| {
    |  ____________________^
967 | |             let path = root.join(name);
968 | |             let metadata = if validate_local_records {
969 | |                 fs::symlink_metadata(path)
...   |
977 | |             Ok(metadata.len())
978 | |         };
    | |_________^
    |
    = help: try reducing the size of `two_bit_generation::TwoBitGenerationError`, for example by boxing large elements or replacing it with `Box<two_bit_generation::TwoBitGenerationError>`
    = help: for further information visit https://rust-lang.github.io/rust-clippy/rust-1.98.0/index.html#result_large_err

warning: the `Err`-variant returned from this closure is very large
    --> crates/borsuk/src/two_bit_generation.rs:1071:45
     |
  76 | /     Query {
  77 | |         /// Observed intervals, including failed admitted stages.
  78 | |         stages: QueryStages,
  79 | |         /// Underlying error and incurred I/O charges.
  80 | |         error: Box<TwoBitGenerationError>,
  81 | |     },
     | |_____- the largest variant contains at least 152 bytes
...
1071 |           let admitted_size = |name: &str| -> Result<usize> {
     |                                               ^^^^^^^^^^^^^
     |
     = help: try reducing the size of `two_bit_generation::TwoBitGenerationError`, for example by boxing large elements or replacing it with `Box<two_bit_generation::TwoBitGenerationError>`
     = help: for further information visit https://rust-lang.github.io/rust-clippy/rust-1.98.0/index.html#result_large_err

warning: the `Err`-variant returned from this closure is very large
    --> crates/borsuk/src/two_bit_generation.rs:1224:50
     |
  76 | /     Query {
  77 | |         /// Observed intervals, including failed admitted stages.
  78 | |         stages: QueryStages,
  79 | |         /// Underlying error and incurred I/O charges.
  80 | |         error: Box<TwoBitGenerationError>,
  81 | |     },
     | |_____- the largest variant contains at least 152 bytes
...
1224 |           let read = |name: &str, digest: &str| -> Result<Vec<u8>> {
     |                                                    ^^^^^^^^^^^^^^^
     |
     = help: try reducing the size of `two_bit_generation::TwoBitGenerationError`, for example by boxing large elements or replacing it with `Box<two_bit_generation::TwoBitGenerationError>`
     = help: for further information visit https://rust-lang.github.io/rust-clippy/rust-1.98.0/index.html#result_large_err

warning: the `Err`-variant returned from this function is very large
    --> crates/borsuk/src/two_bit_generation.rs:1364:10
     |
  76 | /     Query {
  77 | |         /// Observed intervals, including failed admitted stages.
  78 | |         stages: QueryStages,
  79 | |         /// Underlying error and incurred I/O charges.
  80 | |         error: Box<TwoBitGenerationError>,
  81 | |     },
     | |_____- the largest variant contains at least 152 bytes
...
1364 |       ) -> Result<Vec<(usize, Vec<usize>)>> {
     |            ^^^^^^^^^^^^^^^^^^^^^^^^^^^^^^^^
     |
     = help: try reducing the size of `two_bit_generation::TwoBitGenerationError`, for example by boxing large elements or replacing it with `Box<two_bit_generation::TwoBitGenerationError>`
     = help: for further information visit https://rust-lang.github.io/rust-clippy/rust-1.98.0/index.html#result_large_err

warning: the `Err`-variant returned from this function is very large
    --> crates/borsuk/src/two_bit_generation.rs:1376:68
     |
  76 | /     Query {
  77 | |         /// Observed intervals, including failed admitted stages.
  78 | |         stages: QueryStages,
  79 | |         /// Underlying error and incurred I/O charges.
  80 | |         error: Box<TwoBitGenerationError>,
  81 | |     },
     | |_____- the largest variant contains at least 152 bytes
...
1376 |       fn admit_leaves(router: &SemanticUnitRouter, ids: &[usize]) -> Result<()> {
     |                                                                      ^^^^^^^^^^
     |
     = help: try reducing the size of `two_bit_generation::TwoBitGenerationError`, for example by boxing large elements or replacing it with `Box<two_bit_generation::TwoBitGenerationError>`
     = help: for further information visit https://rust-lang.github.io/rust-clippy/rust-1.98.0/index.html#result_large_err

warning: the `Err`-variant returned from this function is very large
    --> crates/borsuk/src/two_bit_generation.rs:1394:10
     |
  76 | /     Query {
  77 | |         /// Observed intervals, including failed admitted stages.
  78 | |         stages: QueryStages,
  79 | |         /// Underlying error and incurred I/O charges.
  80 | |         error: Box<TwoBitGenerationError>,
  81 | |     },
     | |_____- the largest variant contains at least 152 bytes
...
1394 |       ) -> Result<Vec<(usize, Vec<usize>)>> {
     |            ^^^^^^^^^^^^^^^^^^^^^^^^^^^^^^^^
     |
     = help: try reducing the size of `two_bit_generation::TwoBitGenerationError`, for example by boxing large elements or replacing it with `Box<two_bit_generation::TwoBitGenerationError>`
     = help: for further information visit https://rust-lang.github.io/rust-clippy/rust-1.98.0/index.html#result_large_err

warning: the `Err`-variant returned from this function is very large
    --> crates/borsuk/src/two_bit_generation.rs:1427:10
     |
  76 | /     Query {
  77 | |         /// Observed intervals, including failed admitted stages.
  78 | |         stages: QueryStages,
  79 | |         /// Underlying error and incurred I/O charges.
  80 | |         error: Box<TwoBitGenerationError>,
  81 | |     },
     | |_____- the largest variant contains at least 152 bytes
...
1427 |       ) -> Result<(Vec<(usize, Vec<usize>)>, Sq8ReadStats)> {
     |            ^^^^^^^^^^^^^^^^^^^^^^^^^^^^^^^^^^^^^^^^^^^^^^^^
     |
     = help: try reducing the size of `two_bit_generation::TwoBitGenerationError`, for example by boxing large elements or replacing it with `Box<two_bit_generation::TwoBitGenerationError>`
     = help: for further information visit https://rust-lang.github.io/rust-clippy/rust-1.98.0/index.html#result_large_err

warning: the `Err`-variant returned from this function is very large
    --> crates/borsuk/src/two_bit_generation.rs:1522:10
     |
  76 | /     Query {
  77 | |         /// Observed intervals, including failed admitted stages.
  78 | |         stages: QueryStages,
  79 | |         /// Underlying error and incurred I/O charges.
  80 | |         error: Box<TwoBitGenerationError>,
  81 | |     },
     | |_____- the largest variant contains at least 152 bytes
...
1522 |       ) -> Result<(BudgetedPagePlan, Cow<'a, [f32]>)> {
     |            ^^^^^^^^^^^^^^^^^^^^^^^^^^^^^^^^^^^^^^^^^^
     |
     = help: try reducing the size of `two_bit_generation::TwoBitGenerationError`, for example by boxing large elements or replacing it with `Box<two_bit_generation::TwoBitGenerationError>`
     = help: for further information visit https://rust-lang.github.io/rust-clippy/rust-1.98.0/index.html#result_large_err

warning: the `Err`-variant returned from this function is very large
    --> crates/borsuk/src/two_bit_generation.rs:1553:10
     |
  76 | /     Query {
  77 | |         /// Observed intervals, including failed admitted stages.
  78 | |         stages: QueryStages,
  79 | |         /// Underlying error and incurred I/O charges.
  80 | |         error: Box<TwoBitGenerationError>,
  81 | |     },
     | |_____- the largest variant contains at least 152 bytes
...
1553 |       ) -> Result<(BudgetedPagePlan, Cow<'a, [f32]>, Sq8ReadStats, Sq8ReadStats)> {
     |            ^^^^^^^^^^^^^^^^^^^^^^^^^^^^^^^^^^^^^^^^^^^^^^^^^^^^^^^^^^^^^^^^^^^^^^
     |
     = help: try reducing the size of `two_bit_generation::TwoBitGenerationError`, for example by boxing large elements or replacing it with `Box<two_bit_generation::TwoBitGenerationError>`
     = help: for further information visit https://rust-lang.github.io/rust-clippy/rust-1.98.0/index.html#result_large_err

warning: the `Err`-variant returned from this function is very large
    --> crates/borsuk/src/two_bit_generation.rs:1570:10
     |
  76 | /     Query {
  77 | |         /// Observed intervals, including failed admitted stages.
  78 | |         stages: QueryStages,
  79 | |         /// Underlying error and incurred I/O charges.
  80 | |         error: Box<TwoBitGenerationError>,
  81 | |     },
     | |_____- the largest variant contains at least 152 bytes
...
1570 |       ) -> Result<(BudgetedPagePlan, Cow<'a, [f32]>, Sq8ReadStats, Sq8ReadStats)> {
     |            ^^^^^^^^^^^^^^^^^^^^^^^^^^^^^^^^^^^^^^^^^^^^^^^^^^^^^^^^^^^^^^^^^^^^^^
     |
     = help: try reducing the size of `two_bit_generation::TwoBitGenerationError`, for example by boxing large elements or replacing it with `Box<two_bit_generation::TwoBitGenerationError>`
     = help: for further information visit https://rust-lang.github.io/rust-clippy/rust-1.98.0/index.html#result_large_err

warning: the `Err`-variant returned from this function is very large
    --> crates/borsuk/src/two_bit_generation.rs:1667:10
     |
  76 | /     Query {
  77 | |         /// Observed intervals, including failed admitted stages.
  78 | |         stages: QueryStages,
  79 | |         /// Underlying error and incurred I/O charges.
  80 | |         error: Box<TwoBitGenerationError>,
  81 | |     },
     | |_____- the largest variant contains at least 152 bytes
...
1667 |       ) -> Result<Vec<(usize, Vec<usize>)>> {
     |            ^^^^^^^^^^^^^^^^^^^^^^^^^^^^^^^^
     |
     = help: try reducing the size of `two_bit_generation::TwoBitGenerationError`, for example by boxing large elements or replacing it with `Box<two_bit_generation::TwoBitGenerationError>`
     = help: for further information visit https://rust-lang.github.io/rust-clippy/rust-1.98.0/index.html#result_large_err

warning: the `Err`-variant returned from this function is very large
    --> crates/borsuk/src/two_bit_generation.rs:1734:10
     |
  76 | /     Query {
  77 | |         /// Observed intervals, including failed admitted stages.
  78 | |         stages: QueryStages,
  79 | |         /// Underlying error and incurred I/O charges.
  80 | |         error: Box<TwoBitGenerationError>,
  81 | |     },
     | |_____- the largest variant contains at least 152 bytes
...
1734 |       ) -> Result<BudgetedPagePlan> {
     |            ^^^^^^^^^^^^^^^^^^^^^^^^
     |
     = help: try reducing the size of `two_bit_generation::TwoBitGenerationError`, for example by boxing large elements or replacing it with `Box<two_bit_generation::TwoBitGenerationError>`
     = help: for further information visit https://rust-lang.github.io/rust-clippy/rust-1.98.0/index.html#result_large_err

warning: the `Err`-variant returned from this function is very large
    --> crates/borsuk/src/two_bit_generation.rs:1763:10
     |
  76 | /     Query {
  77 | |         /// Observed intervals, including failed admitted stages.
  78 | |         stages: QueryStages,
  79 | |         /// Underlying error and incurred I/O charges.
  80 | |         error: Box<TwoBitGenerationError>,
  81 | |     },
     | |_____- the largest variant contains at least 152 bytes
...
1763 |       ) -> Result<(BudgetedPagePlan, TwoBitPlanTrace)> {
     |            ^^^^^^^^^^^^^^^^^^^^^^^^^^^^^^^^^^^^^^^^^^^
     |
     = help: try reducing the size of `two_bit_generation::TwoBitGenerationError`, for example by boxing large elements or replacing it with `Box<two_bit_generation::TwoBitGenerationError>`
     = help: for further information visit https://rust-lang.github.io/rust-clippy/rust-1.98.0/index.html#result_large_err

warning: the `Err`-variant returned from this function is very large
    --> crates/borsuk/src/two_bit_generation.rs:1781:10
     |
  76 | /     Query {
  77 | |         /// Observed intervals, including failed admitted stages.
  78 | |         stages: QueryStages,
  79 | |         /// Underlying error and incurred I/O charges.
  80 | |         error: Box<TwoBitGenerationError>,
  81 | |     },
     | |_____- the largest variant contains at least 152 bytes
...
1781 |       ) -> Result<(
     |  __________^
1782 | |         BudgetedPagePlan,
1783 | |         TwoBitPlanTrace,
1784 | |         Sq8ReadStats,
1785 | |         Sq8ReadStats,
1786 | |     )> {
     | |______^
     |
     = help: try reducing the size of `two_bit_generation::TwoBitGenerationError`, for example by boxing large elements or replacing it with `Box<two_bit_generation::TwoBitGenerationError>`
     = help: for further information visit https://rust-lang.github.io/rust-clippy/rust-1.98.0/index.html#result_large_err

warning: the `Err`-variant returned from this function is very large
    --> crates/borsuk/src/two_bit_generation.rs:1794:10
     |
  76 | /     Query {
  77 | |         /// Observed intervals, including failed admitted stages.
  78 | |         stages: QueryStages,
  79 | |         /// Underlying error and incurred I/O charges.
  80 | |         error: Box<TwoBitGenerationError>,
  81 | |     },
     | |_____- the largest variant contains at least 152 bytes
...
1794 |       ) -> Result<(
     |  __________^
1795 | |         BudgetedPagePlan,
1796 | |         TwoBitPlanTrace,
1797 | |         Sq8ReadStats,
1798 | |         Sq8ReadStats,
1799 | |     )> {
     | |______^
     |
     = help: try reducing the size of `two_bit_generation::TwoBitGenerationError`, for example by boxing large elements or replacing it with `Box<two_bit_generation::TwoBitGenerationError>`
     = help: for further information visit https://rust-lang.github.io/rust-clippy/rust-1.98.0/index.html#result_large_err

warning: the `Err`-variant returned from this function is very large
    --> crates/borsuk/src/two_bit_generation.rs:1820:48
     |
  76 | /     Query {
  77 | |         /// Observed intervals, including failed admitted stages.
  78 | |         stages: QueryStages,
  79 | |         /// Underlying error and incurred I/O charges.
  80 | |         error: Box<TwoBitGenerationError>,
  81 | |     },
     | |_____- the largest variant contains at least 152 bytes
...
1820 |       pub async fn plan(&self, query: &[f32]) -> Result<BudgetedPagePlan> {
     |                                                  ^^^^^^^^^^^^^^^^^^^^^^^^
     |
     = help: try reducing the size of `two_bit_generation::TwoBitGenerationError`, for example by boxing large elements or replacing it with `Box<two_bit_generation::TwoBitGenerationError>`
     = help: for further information visit https://rust-lang.github.io/rust-clippy/rust-1.98.0/index.html#result_large_err

warning: the `Err`-variant returned from this function is very large
    --> crates/borsuk/src/two_bit_generation.rs:1836:10
     |
  76 | /     Query {
  77 | |         /// Observed intervals, including failed admitted stages.
  78 | |         stages: QueryStages,
  79 | |         /// Underlying error and incurred I/O charges.
  80 | |         error: Box<TwoBitGenerationError>,
  81 | |     },
     | |_____- the largest variant contains at least 152 bytes
...
1836 |       ) -> Result<(BudgetedPagePlan, Sq8ReadStats, Sq8ReadStats)> {
     |            ^^^^^^^^^^^^^^^^^^^^^^^^^^^^^^^^^^^^^^^^^^^^^^^^^^^^^^
     |
     = help: try reducing the size of `two_bit_generation::TwoBitGenerationError`, for example by boxing large elements or replacing it with `Box<two_bit_generation::TwoBitGenerationError>`
     = help: for further information visit https://rust-lang.github.io/rust-clippy/rust-1.98.0/index.html#result_large_err

warning: the `Err`-variant returned from this function is very large
    --> crates/borsuk/src/two_bit_generation.rs:1860:10
     |
  76 | /     Query {
  77 | |         /// Observed intervals, including failed admitted stages.
  78 | |         stages: QueryStages,
  79 | |         /// Underlying error and incurred I/O charges.
  80 | |         error: Box<TwoBitGenerationError>,
  81 | |     },
     | |_____- the largest variant contains at least 152 bytes
...
1860 |       ) -> Result<TwoBitSearchResult> {
     |            ^^^^^^^^^^^^^^^^^^^^^^^^^^
     |
     = help: try reducing the size of `two_bit_generation::TwoBitGenerationError`, for example by boxing large elements or replacing it with `Box<two_bit_generation::TwoBitGenerationError>`
     = help: for further information visit https://rust-lang.github.io/rust-clippy/rust-1.98.0/index.html#result_large_err

warning: the `Err`-variant returned from this function is very large
    --> crates/borsuk/src/two_bit_generation.rs:1874:10
     |
  76 | /     Query {
  77 | |         /// Observed intervals, including failed admitted stages.
  78 | |         stages: QueryStages,
  79 | |         /// Underlying error and incurred I/O charges.
  80 | |         error: Box<TwoBitGenerationError>,
  81 | |     },
     | |_____- the largest variant contains at least 152 bytes
...
1874 |       ) -> Result<TwoBitSearchResult> {
     |            ^^^^^^^^^^^^^^^^^^^^^^^^^^
     |
     = help: try reducing the size of `two_bit_generation::TwoBitGenerationError`, for example by boxing large elements or replacing it with `Box<two_bit_generation::TwoBitGenerationError>`
     = help: for further information visit https://rust-lang.github.io/rust-clippy/rust-1.98.0/index.html#result_large_err

warning: the `Err`-variant returned from this function is very large
    --> crates/borsuk/src/two_bit_generation.rs:1899:10
     |
  76 | /     Query {
  77 | |         /// Observed intervals, including failed admitted stages.
  78 | |         stages: QueryStages,
  79 | |         /// Underlying error and incurred I/O charges.
  80 | |         error: Box<TwoBitGenerationError>,
  81 | |     },
     | |_____- the largest variant contains at least 152 bytes
...
1899 |       ) -> Result<TwoBitMutationSearchResult> {
     |            ^^^^^^^^^^^^^^^^^^^^^^^^^^^^^^^^^^
     |
     = help: try reducing the size of `two_bit_generation::TwoBitGenerationError`, for example by boxing large elements or replacing it with `Box<two_bit_generation::TwoBitGenerationError>`
     = help: for further information visit https://rust-lang.github.io/rust-clippy/rust-1.98.0/index.html#result_large_err

warning: the `Err`-variant returned from this function is very large
    --> crates/borsuk/src/two_bit_generation.rs:1910:10
     |
  76 | /     Query {
  77 | |         /// Observed intervals, including failed admitted stages.
  78 | |         stages: QueryStages,
  79 | |         /// Underlying error and incurred I/O charges.
  80 | |         error: Box<TwoBitGenerationError>,
  81 | |     },
     | |_____- the largest variant contains at least 152 bytes
...
1910 |       ) -> Result<TwoBitMutationSearchResult> {
     |            ^^^^^^^^^^^^^^^^^^^^^^^^^^^^^^^^^^
     |
     = help: try reducing the size of `two_bit_generation::TwoBitGenerationError`, for example by boxing large elements or replacing it with `Box<two_bit_generation::TwoBitGenerationError>`
     = help: for further information visit https://rust-lang.github.io/rust-clippy/rust-1.98.0/index.html#result_large_err

warning: the `Err`-variant returned from this function is very large
    --> crates/borsuk/src/two_bit_generation.rs:1985:10
     |
  76 | /     Query {
  77 | |         /// Observed intervals, including failed admitted stages.
  78 | |         stages: QueryStages,
  79 | |         /// Underlying error and incurred I/O charges.
  80 | |         error: Box<TwoBitGenerationError>,
  81 | |     },
     | |_____- the largest variant contains at least 152 bytes
...
1985 |       ) -> Result<TwoBitSearchResult> {
     |            ^^^^^^^^^^^^^^^^^^^^^^^^^^
     |
     = help: try reducing the size of `two_bit_generation::TwoBitGenerationError`, for example by boxing large elements or replacing it with `Box<two_bit_generation::TwoBitGenerationError>`
     = help: for further information visit https://rust-lang.github.io/rust-clippy/rust-1.98.0/index.html#result_large_err

warning: the `Err`-variant returned from this function is very large
    --> crates/borsuk/src/two_bit_generation.rs:2004:10
     |
  76 | /     Query {
  77 | |         /// Observed intervals, including failed admitted stages.
  78 | |         stages: QueryStages,
  79 | |         /// Underlying error and incurred I/O charges.
  80 | |         error: Box<TwoBitGenerationError>,
  81 | |     },
     | |_____- the largest variant contains at least 152 bytes
...
2004 |       ) -> Result<TwoBitSearchResult> {
     |            ^^^^^^^^^^^^^^^^^^^^^^^^^^
     |
     = help: try reducing the size of `two_bit_generation::TwoBitGenerationError`, for example by boxing large elements or replacing it with `Box<two_bit_generation::TwoBitGenerationError>`
     = help: for further information visit https://rust-lang.github.io/rust-clippy/rust-1.98.0/index.html#result_large_err

warning: the `Err`-variant returned from this function is very large
    --> crates/borsuk/src/two_bit_generation.rs:2017:10
     |
  76 | /     Query {
  77 | |         /// Observed intervals, including failed admitted stages.
  78 | |         stages: QueryStages,
  79 | |         /// Underlying error and incurred I/O charges.
  80 | |         error: Box<TwoBitGenerationError>,
  81 | |     },
     | |_____- the largest variant contains at least 152 bytes
...
2017 |       ) -> Result<TwoBitSearchResult> {
     |            ^^^^^^^^^^^^^^^^^^^^^^^^^^
     |
     = help: try reducing the size of `two_bit_generation::TwoBitGenerationError`, for example by boxing large elements or replacing it with `Box<two_bit_generation::TwoBitGenerationError>`
     = help: for further information visit https://rust-lang.github.io/rust-clippy/rust-1.98.0/index.html#result_large_err

warning: the `Err`-variant returned from this function is very large
    --> crates/borsuk/src/two_bit_generation.rs:2046:10
     |
  76 | /     Query {
  77 | |         /// Observed intervals, including failed admitted stages.
  78 | |         stages: QueryStages,
  79 | |         /// Underlying error and incurred I/O charges.
  80 | |         error: Box<TwoBitGenerationError>,
  81 | |     },
     | |_____- the largest variant contains at least 152 bytes
...
2046 |       ) -> Result<(TwoBitSearchResult, TwoBitPlanTrace)> {
     |            ^^^^^^^^^^^^^^^^^^^^^^^^^^^^^^^^^^^^^^^^^^^^^
     |
     = help: try reducing the size of `two_bit_generation::TwoBitGenerationError`, for example by boxing large elements or replacing it with `Box<two_bit_generation::TwoBitGenerationError>`
     = help: for further information visit https://rust-lang.github.io/rust-clippy/rust-1.98.0/index.html#result_large_err

warning: the `Err`-variant returned from this function is very large
    --> crates/borsuk/src/two_bit_generation.rs:2069:10
     |
  76 | /     Query {
  77 | |         /// Observed intervals, including failed admitted stages.
  78 | |         stages: QueryStages,
  79 | |         /// Underlying error and incurred I/O charges.
  80 | |         error: Box<TwoBitGenerationError>,
  81 | |     },
     | |_____- the largest variant contains at least 152 bytes
...
2069 |       ) -> Result<TwoBitSearchResult> {
     |            ^^^^^^^^^^^^^^^^^^^^^^^^^^
     |
     = help: try reducing the size of `two_bit_generation::TwoBitGenerationError`, for example by boxing large elements or replacing it with `Box<two_bit_generation::TwoBitGenerationError>`
     = help: for further information visit https://rust-lang.github.io/rust-clippy/rust-1.98.0/index.html#result_large_err

warning: the `Err`-variant returned from this function is very large
    --> crates/borsuk/src/two_bit_generation.rs:2113:10
     |
  76 | /     Query {
  77 | |         /// Observed intervals, including failed admitted stages.
  78 | |         stages: QueryStages,
  79 | |         /// Underlying error and incurred I/O charges.
  80 | |         error: Box<TwoBitGenerationError>,
  81 | |     },
     | |_____- the largest variant contains at least 152 bytes
...
2113 |       ) -> Result<TwoBitSearchResult> {
     |            ^^^^^^^^^^^^^^^^^^^^^^^^^^
     |
     = help: try reducing the size of `two_bit_generation::TwoBitGenerationError`, for example by boxing large elements or replacing it with `Box<two_bit_generation::TwoBitGenerationError>`
     = help: for further information visit https://rust-lang.github.io/rust-clippy/rust-1.98.0/index.html#result_large_err

warning: this function has too many arguments (8/7)
    --> crates/borsuk/src/two_bit_generation.rs:2104:5
     |
2104 | /     async fn search_store_measured(
2105 | |         &self,
2106 | |         store: &dyn ObjectStore,
2107 | |         query: &[f32],
...    |
2112 | |         started: std::time::Instant,
2113 | |     ) -> Result<TwoBitSearchResult> {
     | |___________________________________^
     |
     = help: for further information visit https://rust-lang.github.io/rust-clippy/rust-1.98.0/index.html#too_many_arguments

warning: the `Err`-variant returned from this function is very large
  --> crates/borsuk/src/two_bit_store.rs:58:41
   |
31 |     Generation(#[from] TwoBitGenerationError),
   |     ----------------------------------------- the largest variant contains at least 160 bytes
...
58 |     pub(crate) fn advance(&mut self) -> Result<()> {
   |                                         ^^^^^^^^^^
   |
   = help: try reducing the size of `two_bit_store::TwoBitStoreError`, for example by boxing large elements or replacing it with `Box<two_bit_store::TwoBitStoreError>`
   = help: for further information visit https://rust-lang.github.io/rust-clippy/rust-1.98.0/index.html#result_large_err

warning: large size difference between variants
  --> crates/borsuk/src/two_bit_store.rs:85:1
   |
85 | / enum Root {
86 | |     Empty(EmptyRoot),
   | |     ---------------- the second-largest variant contains at least 56 bytes
87 | |     Populated(Manifest),
   | |     ------------------- the largest variant contains at least 576 bytes
88 | | }
   | |_^ the entire enum is at least 576 bytes
   |
   = help: for further information visit https://rust-lang.github.io/rust-clippy/rust-1.98.0/index.html#large_enum_variant
help: consider boxing the large fields or introducing indirection in some other way to reduce the total size of the enum
   |
87 -     Populated(Manifest),
87 +     Populated(Box<Manifest>),
   |

warning: the `Err`-variant returned from this function is very large
   --> crates/borsuk/src/two_bit_store.rs:130:83
    |
 31 |     Generation(#[from] TwoBitGenerationError),
    |     ----------------------------------------- the largest variant contains at least 160 bytes
...
130 |     pub(crate) fn authenticated_root(&self, prefix: &ObjectPath, digest: &str) -> Result<&[u8]> {
    |                                                                                   ^^^^^^^^^^^^^
    |
    = help: try reducing the size of `two_bit_store::TwoBitStoreError`, for example by boxing large elements or replacing it with `Box<two_bit_store::TwoBitStoreError>`
    = help: for further information visit https://rust-lang.github.io/rust-clippy/rust-1.98.0/index.html#result_large_err

warning: the `Err`-variant returned from this function is very large
   --> crates/borsuk/src/two_bit_store.rs:152:6
    |
 31 |     Generation(#[from] TwoBitGenerationError),
    |     ----------------------------------------- the largest variant contains at least 160 bytes
...
152 | ) -> Result<(Vec<u8>, UpdateVersion)> {
    |      ^^^^^^^^^^^^^^^^^^^^^^^^^^^^^^^^
    |
    = help: try reducing the size of `two_bit_store::TwoBitStoreError`, for example by boxing large elements or replacing it with `Box<two_bit_store::TwoBitStoreError>`
    = help: for further information visit https://rust-lang.github.io/rust-clippy/rust-1.98.0/index.html#result_large_err

warning: the `Err`-variant returned from this function is very large
   --> crates/borsuk/src/two_bit_store.rs:181:6
    |
 31 |     Generation(#[from] TwoBitGenerationError),
    |     ----------------------------------------- the largest variant contains at least 160 bytes
...
181 | ) -> Result<Option<TwoBitHead>> {
    |      ^^^^^^^^^^^^^^^^^^^^^^^^^^
    |
    = help: try reducing the size of `two_bit_store::TwoBitStoreError`, for example by boxing large elements or replacing it with `Box<two_bit_store::TwoBitStoreError>`
    = help: for further information visit https://rust-lang.github.io/rust-clippy/rust-1.98.0/index.html#result_large_err

warning: the `Err`-variant returned from this function is very large
   --> crates/borsuk/src/two_bit_store.rs:196:6
    |
 31 |     Generation(#[from] TwoBitGenerationError),
    |     ----------------------------------------- the largest variant contains at least 160 bytes
...
196 | ) -> Result<Option<(HeadBody, UpdateVersion)>> {
    |      ^^^^^^^^^^^^^^^^^^^^^^^^^^^^^^^^^^^^^^^^^
    |
    = help: try reducing the size of `two_bit_store::TwoBitStoreError`, for example by boxing large elements or replacing it with `Box<two_bit_store::TwoBitStoreError>`
    = help: for further information visit https://rust-lang.github.io/rust-clippy/rust-1.98.0/index.html#result_large_err

warning: the `Err`-variant returned from this function is very large
   --> crates/borsuk/src/two_bit_store.rs:227:6
    |
 31 |     Generation(#[from] TwoBitGenerationError),
    |     ----------------------------------------- the largest variant contains at least 160 bytes
...
227 | ) -> Result<UpdateVersion> {
    |      ^^^^^^^^^^^^^^^^^^^^^
    |
    = help: try reducing the size of `two_bit_store::TwoBitStoreError`, for example by boxing large elements or replacing it with `Box<two_bit_store::TwoBitStoreError>`
    = help: for further information visit https://rust-lang.github.io/rust-clippy/rust-1.98.0/index.html#result_large_err

warning: this `if` statement can be collapsed
   --> crates/borsuk/src/two_bit_store.rs:243:13
    |
243 | /             if let Ok(Some((current, version))) = read_control(store, prefix).await {
244 | |                 if current == *head {
245 | |                     return Ok(version);
246 | |                 }
247 | |             }
    | |_____________^
    |
    = help: for further information visit https://rust-lang.github.io/rust-clippy/rust-1.98.0/index.html#collapsible_if
help: collapse nested if block
    |
243 ~             if let Ok(Some((current, version))) = read_control(store, prefix).await
244 ~                 && current == *head {
245 |                     return Ok(version);
246 ~                 }
    |

warning: the `Err`-variant returned from this function is very large
   --> crates/borsuk/src/two_bit_store.rs:261:6
    |
 31 |     Generation(#[from] TwoBitGenerationError),
    |     ----------------------------------------- the largest variant contains at least 160 bytes
...
261 | ) -> Result<TwoBitHead> {
    |      ^^^^^^^^^^^^^^^^^^
    |
    = help: try reducing the size of `two_bit_store::TwoBitStoreError`, for example by boxing large elements or replacing it with `Box<two_bit_store::TwoBitStoreError>`
    = help: for further information visit https://rust-lang.github.io/rust-clippy/rust-1.98.0/index.html#result_large_err

warning: the `Err`-variant returned from this function is very large
   --> crates/borsuk/src/two_bit_store.rs:280:68
    |
 31 |     Generation(#[from] TwoBitGenerationError),
    |     ----------------------------------------- the largest variant contains at least 160 bytes
...
280 | fn root_properties(bytes: &[u8], digest: &str, generation: u64) -> Result<(usize, bool)> {
    |                                                                    ^^^^^^^^^^^^^^^^^^^^^
    |
    = help: try reducing the size of `two_bit_store::TwoBitStoreError`, for example by boxing large elements or replacing it with `Box<two_bit_store::TwoBitStoreError>`
    = help: for further information visit https://rust-lang.github.io/rust-clippy/rust-1.98.0/index.html#result_large_err

warning: the `Err`-variant returned from this function is very large
   --> crates/borsuk/src/two_bit_store.rs:313:6
    |
 31 |       Generation(#[from] TwoBitGenerationError),
    |       ----------------------------------------- the largest variant contains at least 160 bytes
...
313 |   ) -> Result<(
    |  ______^
314 | |     DiscoveryMode,
315 | |     Option<crate::semantic_unit_router::SemanticProfile>,
316 | | )> {
    | |__^
    |
    = help: try reducing the size of `two_bit_store::TwoBitStoreError`, for example by boxing large elements or replacing it with `Box<two_bit_store::TwoBitStoreError>`
    = help: for further information visit https://rust-lang.github.io/rust-clippy/rust-1.98.0/index.html#result_large_err

warning: the `Err`-variant returned from this function is very large
   --> crates/borsuk/src/two_bit_store.rs:348:6
    |
 31 |     Generation(#[from] TwoBitGenerationError),
    |     ----------------------------------------- the largest variant contains at least 160 bytes
...
348 | ) -> Result<DiscoveryMode> {
    |      ^^^^^^^^^^^^^^^^^^^^^
    |
    = help: try reducing the size of `two_bit_store::TwoBitStoreError`, for example by boxing large elements or replacing it with `Box<two_bit_store::TwoBitStoreError>`
    = help: for further information visit https://rust-lang.github.io/rust-clippy/rust-1.98.0/index.html#result_large_err

warning: the `Err`-variant returned from this function is very large
   --> crates/borsuk/src/two_bit_store.rs:358:6
    |
 31 |     Generation(#[from] TwoBitGenerationError),
    |     ----------------------------------------- the largest variant contains at least 160 bytes
...
358 | ) -> Result<()> {
    |      ^^^^^^^^^^
    |
    = help: try reducing the size of `two_bit_store::TwoBitStoreError`, for example by boxing large elements or replacing it with `Box<two_bit_store::TwoBitStoreError>`
    = help: for further information visit https://rust-lang.github.io/rust-clippy/rust-1.98.0/index.html#result_large_err

warning: the `Err`-variant returned from this function is very large
   --> crates/borsuk/src/two_bit_store.rs:408:6
    |
 31 |     Generation(#[from] TwoBitGenerationError),
    |     ----------------------------------------- the largest variant contains at least 160 bytes
...
408 | ) -> Result<usize> {
    |      ^^^^^^^^^^^^^
    |
    = help: try reducing the size of `two_bit_store::TwoBitStoreError`, for example by boxing large elements or replacing it with `Box<two_bit_store::TwoBitStoreError>`
    = help: for further information visit https://rust-lang.github.io/rust-clippy/rust-1.98.0/index.html#result_large_err

warning: the `Err`-variant returned from this function is very large
   --> crates/borsuk/src/two_bit_store.rs:456:6
    |
 31 |     Generation(#[from] TwoBitGenerationError),
    |     ----------------------------------------- the largest variant contains at least 160 bytes
...
456 | ) -> Result<ObjectMeta> {
    |      ^^^^^^^^^^^^^^^^^^
    |
    = help: try reducing the size of `two_bit_store::TwoBitStoreError`, for example by boxing large elements or replacing it with `Box<two_bit_store::TwoBitStoreError>`
    = help: for further information visit https://rust-lang.github.io/rust-clippy/rust-1.98.0/index.html#result_large_err

warning: the `Err`-variant returned from this function is very large
   --> crates/borsuk/src/two_bit_store.rs:480:6
    |
 31 |     Generation(#[from] TwoBitGenerationError),
    |     ----------------------------------------- the largest variant contains at least 160 bytes
...
480 | ) -> Result<Vec<u8>> {
    |      ^^^^^^^^^^^^^^^
    |
    = help: try reducing the size of `two_bit_store::TwoBitStoreError`, for example by boxing large elements or replacing it with `Box<two_bit_store::TwoBitStoreError>`
    = help: for further information visit https://rust-lang.github.io/rust-clippy/rust-1.98.0/index.html#result_large_err

warning: the `Err`-variant returned from this function is very large
   --> crates/borsuk/src/two_bit_store.rs:526:86
    |
 31 |     Generation(#[from] TwoBitGenerationError),
    |     ----------------------------------------- the largest variant contains at least 160 bytes
...
526 | async fn recheck_retained_control(store: &dyn ObjectStore, retained: &TwoBitHead) -> Result<()> {
    |                                                                                      ^^^^^^^^^^
    |
    = help: try reducing the size of `two_bit_store::TwoBitStoreError`, for example by boxing large elements or replacing it with `Box<two_bit_store::TwoBitStoreError>`
    = help: for further information visit https://rust-lang.github.io/rust-clippy/rust-1.98.0/index.html#result_large_err

warning: the `Err`-variant returned from this function is very large
   --> crates/borsuk/src/two_bit_store.rs:612:6
    |
 31 |     Generation(#[from] TwoBitGenerationError),
    |     ----------------------------------------- the largest variant contains at least 160 bytes
...
612 | ) -> Result<TwoBitHead> {
    |      ^^^^^^^^^^^^^^^^^^
    |
    = help: try reducing the size of `two_bit_store::TwoBitStoreError`, for example by boxing large elements or replacing it with `Box<two_bit_store::TwoBitStoreError>`
    = help: for further information visit https://rust-lang.github.io/rust-clippy/rust-1.98.0/index.html#result_large_err

warning: the `Err`-variant returned from this function is very large
    --> crates/borsuk/src/two_bit_store.rs:1124:6
     |
  31 |     Generation(#[from] TwoBitGenerationError),
     |     ----------------------------------------- the largest variant contains at least 160 bytes
...
1124 | ) -> Result<TwoBitHead> {
     |      ^^^^^^^^^^^^^^^^^^
     |
     = help: try reducing the size of `two_bit_store::TwoBitStoreError`, for example by boxing large elements or replacing it with `Box<two_bit_store::TwoBitStoreError>`
     = help: for further information visit https://rust-lang.github.io/rust-clippy/rust-1.98.0/index.html#result_large_err

warning: the `Err`-variant returned from this closure is very large
    --> crates/borsuk/src/two_bit_store.rs:1164:46
     |
  31 |     Generation(#[from] TwoBitGenerationError),
     |     ----------------------------------------- the largest variant contains at least 160 bytes
...
1164 |     let read = |name: &str, digest: &str| -> Result<Vec<u8>> {
     |                                              ^^^^^^^^^^^^^^^
     |
     = help: try reducing the size of `two_bit_store::TwoBitStoreError`, for example by boxing large elements or replacing it with `Box<two_bit_store::TwoBitStoreError>`
     = help: for further information visit https://rust-lang.github.io/rust-clippy/rust-1.98.0/index.html#result_large_err

warning: the `Err`-variant returned from this closure is very large
    --> crates/borsuk/src/two_bit_store.rs:1279:24
     |
1279 |               let read = |name: &str, size, sha: &str| {
     |  ________________________^
1280 | |                 read_authenticated(&local.join(name), size, sha)
1281 | |                     .map_err(TwoBitGenerationError::Plane)
1282 | |             };
     | |_____________^
     |
    ::: crates/borsuk/src/two_bit_generation.rs:76:5
     |
  76 | /     Query {
  77 | |         /// Observed intervals, including failed admitted stages.
  78 | |         stages: QueryStages,
  79 | |         /// Underlying error and incurred I/O charges.
  80 | |         error: Box<TwoBitGenerationError>,
  81 | |     },
     | |_____- the largest variant contains at least 152 bytes
     |
     = help: try reducing the size of `two_bit_generation::TwoBitGenerationError`, for example by boxing large elements or replacing it with `Box<two_bit_generation::TwoBitGenerationError>`
     = help: for further information visit https://rust-lang.github.io/rust-clippy/rust-1.98.0/index.html#result_large_err

warning: the `Err`-variant returned from this function is very large
    --> crates/borsuk/src/two_bit_store.rs:1356:6
     |
  31 |     Generation(#[from] TwoBitGenerationError),
     |     ----------------------------------------- the largest variant contains at least 160 bytes
...
1356 | ) -> Result<TwoBitHead> {
     |      ^^^^^^^^^^^^^^^^^^
     |
     = help: try reducing the size of `two_bit_store::TwoBitStoreError`, for example by boxing large elements or replacing it with `Box<two_bit_store::TwoBitStoreError>`
     = help: for further information visit https://rust-lang.github.io/rust-clippy/rust-1.98.0/index.html#result_large_err

warning: the `Err`-variant returned from this function is very large
    --> crates/borsuk/src/two_bit_store.rs:1406:6
     |
  31 |     Generation(#[from] TwoBitGenerationError),
     |     ----------------------------------------- the largest variant contains at least 160 bytes
...
1406 | ) -> Result<TwoBitHead> {
     |      ^^^^^^^^^^^^^^^^^^
     |
     = help: try reducing the size of `two_bit_store::TwoBitStoreError`, for example by boxing large elements or replacing it with `Box<two_bit_store::TwoBitStoreError>`
     = help: for further information visit https://rust-lang.github.io/rust-clippy/rust-1.98.0/index.html#result_large_err

warning: the `Err`-variant returned from this function is very large
    --> crates/borsuk/src/two_bit_store.rs:1416:6
     |
  31 |     Generation(#[from] TwoBitGenerationError),
     |     ----------------------------------------- the largest variant contains at least 160 bytes
...
1416 | ) -> Result<TwoBitHead> {
     |      ^^^^^^^^^^^^^^^^^^
     |
     = help: try reducing the size of `two_bit_store::TwoBitStoreError`, for example by boxing large elements or replacing it with `Box<two_bit_store::TwoBitStoreError>`
     = help: for further information visit https://rust-lang.github.io/rust-clippy/rust-1.98.0/index.html#result_large_err

warning: this `if` statement can be collapsed
    --> crates/borsuk/src/two_bit_store.rs:1432:5
     |
1432 | /     if let Some(previous) = expected {
1433 | |         if discovery_profile(store, previous).await?.1
1434 | |             == Some(crate::semantic_unit_router::SemanticProfile::Fresh1m)
...    |
1438 | |     }
     | |_____^
     |
     = help: for further information visit https://rust-lang.github.io/rust-clippy/rust-1.98.0/index.html#collapsible_if
help: collapse nested if block
     |
1432 ~     if let Some(previous) = expected
1433 ~         && discovery_profile(store, previous).await?.1
1434 |             == Some(crate::semantic_unit_router::SemanticProfile::Fresh1m)
1435 |         {
1436 |             return Err(bad("Fresh1m maintenance is unsupported"));
1437 ~         }
     |

warning: the `Err`-variant returned from this function is very large
    --> crates/borsuk/src/two_bit_store.rs:1502:10
     |
  31 |     Generation(#[from] TwoBitGenerationError),
     |     ----------------------------------------- the largest variant contains at least 160 bytes
...
1502 |     ) -> Result<()> {
     |          ^^^^^^^^^^
     |
     = help: try reducing the size of `two_bit_store::TwoBitStoreError`, for example by boxing large elements or replacing it with `Box<two_bit_store::TwoBitStoreError>`
     = help: for further information visit https://rust-lang.github.io/rust-clippy/rust-1.98.0/index.html#result_large_err

warning: the `Err`-variant returned from this function is very large
    --> crates/borsuk/src/two_bit_store.rs:1547:6
     |
  31 |     Generation(#[from] TwoBitGenerationError),
     |     ----------------------------------------- the largest variant contains at least 160 bytes
...
1547 | ) -> Result<TwoBitWriteFence> {
     |      ^^^^^^^^^^^^^^^^^^^^^^^^
     |
     = help: try reducing the size of `two_bit_store::TwoBitStoreError`, for example by boxing large elements or replacing it with `Box<two_bit_store::TwoBitStoreError>`
     = help: for further information visit https://rust-lang.github.io/rust-clippy/rust-1.98.0/index.html#result_large_err

warning: the `Err`-variant returned from this function is very large
    --> crates/borsuk/src/two_bit_store.rs:1573:6
     |
  31 |     Generation(#[from] TwoBitGenerationError),
     |     ----------------------------------------- the largest variant contains at least 160 bytes
...
1573 | ) -> Result<()> {
     |      ^^^^^^^^^^
     |
     = help: try reducing the size of `two_bit_store::TwoBitStoreError`, for example by boxing large elements or replacing it with `Box<two_bit_store::TwoBitStoreError>`
     = help: for further information visit https://rust-lang.github.io/rust-clippy/rust-1.98.0/index.html#result_large_err

warning: the `Err`-variant returned from this function is very large
   --> crates/borsuk/src/two_bit_mutations.rs:184:74
    |
184 | pub(crate) fn admit(limits: TwoBitMutationLimits, input_bytes: usize) -> Result<()> {
    |                                                                          ^^^^^^^^^^
    |
   ::: crates/borsuk/src/two_bit_store.rs:31:5
    |
 31 |     Generation(#[from] TwoBitGenerationError),
    |     ----------------------------------------- the largest variant contains at least 160 bytes
    |
    = help: try reducing the size of `two_bit_store::TwoBitStoreError`, for example by boxing large elements or replacing it with `Box<two_bit_store::TwoBitStoreError>`
    = help: for further information visit https://rust-lang.github.io/rust-clippy/rust-1.98.0/index.html#result_large_err

warning: the `Err`-variant returned from this function is very large
   --> crates/borsuk/src/two_bit_mutations.rs:207:6
    |
207 | ) -> Result<TwoBitMutationSnapshot> {
    |      ^^^^^^^^^^^^^^^^^^^^^^^^^^^^^^
    |
   ::: crates/borsuk/src/two_bit_store.rs:31:5
    |
 31 |     Generation(#[from] TwoBitGenerationError),
    |     ----------------------------------------- the largest variant contains at least 160 bytes
    |
    = help: try reducing the size of `two_bit_store::TwoBitStoreError`, for example by boxing large elements or replacing it with `Box<two_bit_store::TwoBitStoreError>`
    = help: for further information visit https://rust-lang.github.io/rust-clippy/rust-1.98.0/index.html#result_large_err

warning: using `chunks_exact` with a constant chunk size
   --> crates/borsuk/src/two_bit_mutations.rs:263:40
    |
263 |                 for coordinate in data.chunks_exact(4) {
    |                                        ^^^^^^^^^^^^^^^ help: consider using `as_chunks` instead: `as_chunks::<4>().0`
    |
    = help: for further information visit https://rust-lang.github.io/rust-clippy/rust-1.98.0/index.html#chunks_exact_to_as_chunks

warning: the `Err`-variant returned from this function is very large
   --> crates/borsuk/src/two_bit_mutations.rs:302:6
    |
302 | ) -> Result<Option<TwoBitMutationSnapshot>> {
    |      ^^^^^^^^^^^^^^^^^^^^^^^^^^^^^^^^^^^^^^
    |
   ::: crates/borsuk/src/two_bit_store.rs:31:5
    |
 31 |     Generation(#[from] TwoBitGenerationError),
    |     ----------------------------------------- the largest variant contains at least 160 bytes
    |
    = help: try reducing the size of `two_bit_store::TwoBitStoreError`, for example by boxing large elements or replacing it with `Box<two_bit_store::TwoBitStoreError>`
    = help: for further information visit https://rust-lang.github.io/rust-clippy/rust-1.98.0/index.html#result_large_err

warning: the `Err`-variant returned from this function is very large
   --> crates/borsuk/src/two_bit_mutations.rs:333:6
    |
333 | ) -> Result<(HeadBody, UpdateVersion)> {
    |      ^^^^^^^^^^^^^^^^^^^^^^^^^^^^^^^^^
    |
   ::: crates/borsuk/src/two_bit_store.rs:31:5
    |
 31 |     Generation(#[from] TwoBitGenerationError),
    |     ----------------------------------------- the largest variant contains at least 160 bytes
    |
    = help: try reducing the size of `two_bit_store::TwoBitStoreError`, for example by boxing large elements or replacing it with `Box<two_bit_store::TwoBitStoreError>`
    = help: for further information visit https://rust-lang.github.io/rust-clippy/rust-1.98.0/index.html#result_large_err

warning: the `Err`-variant returned from this function is very large
   --> crates/borsuk/src/two_bit_mutations.rs:348:6
    |
348 | ) -> Result<Option<(MutationState, UpdateVersion)>> {
    |      ^^^^^^^^^^^^^^^^^^^^^^^^^^^^^^^^^^^^^^^^^^^^^^
    |
   ::: crates/borsuk/src/two_bit_store.rs:31:5
    |
 31 |     Generation(#[from] TwoBitGenerationError),
    |     ----------------------------------------- the largest variant contains at least 160 bytes
    |
    = help: try reducing the size of `two_bit_store::TwoBitStoreError`, for example by boxing large elements or replacing it with `Box<two_bit_store::TwoBitStoreError>`
    = help: for further information visit https://rust-lang.github.io/rust-clippy/rust-1.98.0/index.html#result_large_err

warning: the `Err`-variant returned from this function is very large
   --> crates/borsuk/src/two_bit_mutations.rs:355:6
    |
355 | ) -> Result<(HeadBody, UpdateVersion)> {
    |      ^^^^^^^^^^^^^^^^^^^^^^^^^^^^^^^^^
    |
   ::: crates/borsuk/src/two_bit_store.rs:31:5
    |
 31 |     Generation(#[from] TwoBitGenerationError),
    |     ----------------------------------------- the largest variant contains at least 160 bytes
    |
    = help: try reducing the size of `two_bit_store::TwoBitStoreError`, for example by boxing large elements or replacing it with `Box<two_bit_store::TwoBitStoreError>`
    = help: for further information visit https://rust-lang.github.io/rust-clippy/rust-1.98.0/index.html#result_large_err

warning: the `Err`-variant returned from this function is very large
   --> crates/borsuk/src/two_bit_mutations.rs:372:6
    |
372 | ) -> Result<TwoBitMutationSnapshot> {
    |      ^^^^^^^^^^^^^^^^^^^^^^^^^^^^^^
    |
   ::: crates/borsuk/src/two_bit_store.rs:31:5
    |
 31 |     Generation(#[from] TwoBitGenerationError),
    |     ----------------------------------------- the largest variant contains at least 160 bytes
    |
    = help: try reducing the size of `two_bit_store::TwoBitStoreError`, for example by boxing large elements or replacing it with `Box<two_bit_store::TwoBitStoreError>`
    = help: for further information visit https://rust-lang.github.io/rust-clippy/rust-1.98.0/index.html#result_large_err

warning: the `Err`-variant returned from this function is very large
   --> crates/borsuk/src/two_bit_mutations.rs:387:6
    |
387 | ) -> Result<TwoBitMutationSnapshot> {
    |      ^^^^^^^^^^^^^^^^^^^^^^^^^^^^^^
    |
   ::: crates/borsuk/src/two_bit_store.rs:31:5
    |
 31 |     Generation(#[from] TwoBitGenerationError),
    |     ----------------------------------------- the largest variant contains at least 160 bytes
    |
    = help: try reducing the size of `two_bit_store::TwoBitStoreError`, for example by boxing large elements or replacing it with `Box<two_bit_store::TwoBitStoreError>`
    = help: for further information visit https://rust-lang.github.io/rust-clippy/rust-1.98.0/index.html#result_large_err

warning: the `Err`-variant returned from this function is very large
   --> crates/borsuk/src/two_bit_mutations.rs:399:6
    |
399 | ) -> Result<TwoBitMutationSnapshot> {
    |      ^^^^^^^^^^^^^^^^^^^^^^^^^^^^^^
    |
   ::: crates/borsuk/src/two_bit_store.rs:31:5
    |
 31 |     Generation(#[from] TwoBitGenerationError),
    |     ----------------------------------------- the largest variant contains at least 160 bytes
    |
    = help: try reducing the size of `two_bit_store::TwoBitStoreError`, for example by boxing large elements or replacing it with `Box<two_bit_store::TwoBitStoreError>`
    = help: for further information visit https://rust-lang.github.io/rust-clippy/rust-1.98.0/index.html#result_large_err

warning: using `chunks_exact` with a constant chunk size
   --> crates/borsuk/src/canonical_source.rs:110:59
    |
110 |         for (value, encoded) in values.iter_mut().zip(row.chunks_exact(4)) {
    |                                                           ^^^^^^^^^^^^^^^
    |
help: consider using `as_chunks::<4>()` instead
   --> crates/borsuk/src/canonical_source.rs:110:59
    |
110 |         for (value, encoded) in values.iter_mut().zip(row.chunks_exact(4)) {
    |                                                           ^^^^^^^^^^^^^^^
    = help: for further information visit https://rust-lang.github.io/rust-clippy/rust-1.98.0/index.html#chunks_exact_to_as_chunks

warning: using `chunks_exact_mut` with a constant chunk size
   --> crates/borsuk/src/canonical_source.rs:113:38
    |
113 |         for (encoded, &value) in row.chunks_exact_mut(4).zip(cosine_vector(&values)?.iter()) {
    |                                      ^^^^^^^^^^^^^^^^^^^ help: consider using `as_chunks` instead: `as_chunks_mut::<4>().0.iter()`
    |
    = help: for further information visit https://rust-lang.github.io/rust-clippy/rust-1.98.0/index.html#chunks_exact_to_as_chunks

warning: the `Err`-variant returned from this function is very large
   --> crates/borsuk/src/canonical_source.rs:191:6
    |
191 | ) -> std::result::Result<CanonicalRecoveryStats, CanonicalRecoveryFailure> {
    |      ^^^^^^^^^^^^^^^^^^^^^^^^^^^^^^^^^^^^^^^^^^^^^^^^^^^^^^^^^^^^^^^^^^^^^ the `Err`-variant is at least 192 bytes
    |
    = help: try reducing the size of `canonical_source::CanonicalRecoveryFailure`, for example by boxing large elements or replacing it with `Box<canonical_source::CanonicalRecoveryFailure>`
    = help: for further information visit https://rust-lang.github.io/rust-clippy/rust-1.98.0/index.html#result_large_err

warning: the `Err`-variant returned from this function is very large
   --> crates/borsuk/src/canonical_source.rs:203:6
    |
203 | ) -> std::result::Result<(CanonicalRecoveryStats, CanonicalSource), CanonicalRecoveryFailure> {
    |      ^^^^^^^^^^^^^^^^^^^^^^^^^^^^^^^^^^^^^^^^^^^^^^^^^^^^^^^^^^^^^^^^^^^^^^^^^^^^^^^^^^^^^^^^ the `Err`-variant is at least 192 bytes
    |
    = help: try reducing the size of `canonical_source::CanonicalRecoveryFailure`, for example by boxing large elements or replacing it with `Box<canonical_source::CanonicalRecoveryFailure>`
    = help: for further information visit https://rust-lang.github.io/rust-clippy/rust-1.98.0/index.html#result_large_err

warning: the `Err`-variant returned from this function is very large
   --> crates/borsuk/src/canonical_source.rs:350:6
    |
350 | ) -> std::result::Result<TwoBitCompactionSource, CanonicalRecoveryFailure> {
    |      ^^^^^^^^^^^^^^^^^^^^^^^^^^^^^^^^^^^^^^^^^^^^^^^^^^^^^^^^^^^^^^^^^^^^^ the `Err`-variant is at least 192 bytes
    |
    = help: try reducing the size of `canonical_source::CanonicalRecoveryFailure`, for example by boxing large elements or replacing it with `Box<canonical_source::CanonicalRecoveryFailure>`
    = help: for further information visit https://rust-lang.github.io/rust-clippy/rust-1.98.0/index.html#result_large_err

warning: the `Err`-variant returned from this closure is very large
   --> crates/borsuk/src/canonical_source.rs:409:37
    |
409 |           tokio::task::spawn_blocking(move || {
    |  _____________________________________^
410 | |             let mut input = BufReader::with_capacity(65536, File::open(&source)?);
411 | |             let raw_path = staged.path().join("source.f32");
412 | |             let ids_path = staged.path().join("ids.i64");
...   |
506 | |             Ok(receipt)
507 | |         })
    | |_________^
    |
   ::: crates/borsuk/src/two_bit_store.rs:31:5
    |
 31 |       Generation(#[from] TwoBitGenerationError),
    |       ----------------------------------------- the largest variant contains at least 160 bytes
    |
    = help: try reducing the size of `two_bit_store::TwoBitStoreError`, for example by boxing large elements or replacing it with `Box<two_bit_store::TwoBitStoreError>`
    = help: for further information visit https://rust-lang.github.io/rust-clippy/rust-1.98.0/index.html#result_large_err

warning: using `chunks_exact` with a constant chunk size
   --> crates/borsuk/src/canonical_source.rs:428:42
    |
428 |                 for bytes in coordinates.chunks_exact(4) {
    |                                          ^^^^^^^^^^^^^^^ help: consider using `as_chunks` instead: `as_chunks::<4>().0`
    |
    = help: for further information visit https://rust-lang.github.io/rust-clippy/rust-1.98.0/index.html#chunks_exact_to_as_chunks

warning: using `chunks_exact_mut` with a constant chunk size
   --> crates/borsuk/src/canonical_source.rs:457:48
    |
457 |                 for (bytes, &x) in coordinates.chunks_exact_mut(4).zip(vector) {
    |                                                ^^^^^^^^^^^^^^^^^^^ help: consider using `as_chunks` instead: `as_chunks_mut::<4>().0.iter()`
    |
    = help: for further information visit https://rust-lang.github.io/rust-clippy/rust-1.98.0/index.html#chunks_exact_to_as_chunks

warning: the `Err`-variant returned from this function is very large
  --> crates/borsuk/src/two_bit_build.rs:57:10
   |
57 |       ) -> Result<()> {
   |            ^^^^^^^^^^
   |
  ::: crates/borsuk/src/two_bit_generation.rs:76:5
   |
76 | /     Query {
77 | |         /// Observed intervals, including failed admitted stages.
78 | |         stages: QueryStages,
79 | |         /// Underlying error and incurred I/O charges.
80 | |         error: Box<TwoBitGenerationError>,
81 | |     },
   | |_____- the largest variant contains at least 152 bytes
   |
   = help: try reducing the size of `two_bit_generation::TwoBitGenerationError`, for example by boxing large elements or replacing it with `Box<two_bit_generation::TwoBitGenerationError>`
   = help: for further information visit https://rust-lang.github.io/rust-clippy/rust-1.98.0/index.html#result_large_err

warning: the `Err`-variant returned from this function is very large
   --> crates/borsuk/src/two_bit_build.rs:114:44
    |
114 |   fn write_new(path: &Path, bytes: &[u8]) -> Result<()> {
    |                                              ^^^^^^^^^^
    |
   ::: crates/borsuk/src/two_bit_generation.rs:76:5
    |
 76 | /     Query {
 77 | |         /// Observed intervals, including failed admitted stages.
 78 | |         stages: QueryStages,
 79 | |         /// Underlying error and incurred I/O charges.
 80 | |         error: Box<TwoBitGenerationError>,
 81 | |     },
    | |_____- the largest variant contains at least 152 bytes
    |
    = help: try reducing the size of `two_bit_generation::TwoBitGenerationError`, for example by boxing large elements or replacing it with `Box<two_bit_generation::TwoBitGenerationError>`
    = help: for further information visit https://rust-lang.github.io/rust-clippy/rust-1.98.0/index.html#result_large_err

warning: the `Err`-variant returned from this function is very large
   --> crates/borsuk/src/two_bit_build.rs:126:47
    |
126 |   fn finish_root(output: &Path, body: &[u8]) -> Result<String> {
    |                                                 ^^^^^^^^^^^^^^
    |
   ::: crates/borsuk/src/two_bit_generation.rs:76:5
    |
 76 | /     Query {
 77 | |         /// Observed intervals, including failed admitted stages.
 78 | |         stages: QueryStages,
 79 | |         /// Underlying error and incurred I/O charges.
 80 | |         error: Box<TwoBitGenerationError>,
 81 | |     },
    | |_____- the largest variant contains at least 152 bytes
    |
    = help: try reducing the size of `two_bit_generation::TwoBitGenerationError`, for example by boxing large elements or replacing it with `Box<two_bit_generation::TwoBitGenerationError>`
    = help: for further information visit https://rust-lang.github.io/rust-clippy/rust-1.98.0/index.html#result_large_err

warning: the `Err`-variant returned from this function is very large
   --> crates/borsuk/src/two_bit_build.rs:151:6
    |
151 |   ) -> Result<Discovery> {
    |        ^^^^^^^^^^^^^^^^^
    |
   ::: crates/borsuk/src/two_bit_generation.rs:76:5
    |
 76 | /     Query {
 77 | |         /// Observed intervals, including failed admitted stages.
 78 | |         stages: QueryStages,
 79 | |         /// Underlying error and incurred I/O charges.
 80 | |         error: Box<TwoBitGenerationError>,
 81 | |     },
    | |_____- the largest variant contains at least 152 bytes
    |
    = help: try reducing the size of `two_bit_generation::TwoBitGenerationError`, for example by boxing large elements or replacing it with `Box<two_bit_generation::TwoBitGenerationError>`
    = help: for further information visit https://rust-lang.github.io/rust-clippy/rust-1.98.0/index.html#result_large_err

warning: the `Err`-variant returned from this function is very large
   --> crates/borsuk/src/two_bit_build.rs:203:6
    |
203 |   ) -> Result<String> {
    |        ^^^^^^^^^^^^^^
    |
   ::: crates/borsuk/src/two_bit_generation.rs:76:5
    |
 76 | /     Query {
 77 | |         /// Observed intervals, including failed admitted stages.
 78 | |         stages: QueryStages,
 79 | |         /// Underlying error and incurred I/O charges.
 80 | |         error: Box<TwoBitGenerationError>,
 81 | |     },
    | |_____- the largest variant contains at least 152 bytes
    |
    = help: try reducing the size of `two_bit_generation::TwoBitGenerationError`, for example by boxing large elements or replacing it with `Box<two_bit_generation::TwoBitGenerationError>`
    = help: for further information visit https://rust-lang.github.io/rust-clippy/rust-1.98.0/index.html#result_large_err

warning: the `Err`-variant returned from this closure is very large
   --> crates/borsuk/src/two_bit_build.rs:224:46
    |
224 |       let read = |name: &str, digest: &str| -> Result<Vec<u8>> {
    |                                                ^^^^^^^^^^^^^^^
    |
   ::: crates/borsuk/src/two_bit_generation.rs:76:5
    |
 76 | /     Query {
 77 | |         /// Observed intervals, including failed admitted stages.
 78 | |         stages: QueryStages,
 79 | |         /// Underlying error and incurred I/O charges.
 80 | |         error: Box<TwoBitGenerationError>,
 81 | |     },
    | |_____- the largest variant contains at least 152 bytes
    |
    = help: try reducing the size of `two_bit_generation::TwoBitGenerationError`, for example by boxing large elements or replacing it with `Box<two_bit_generation::TwoBitGenerationError>`
    = help: for further information visit https://rust-lang.github.io/rust-clippy/rust-1.98.0/index.html#result_large_err

warning: the `Err`-variant returned from this function is very large
   --> crates/borsuk/src/two_bit_build.rs:378:75
    |
378 |       pub fn build(&self, output: &Path, max_build_payload_bytes: usize) -> Result<String> {
    |                                                                             ^^^^^^^^^^^^^^
    |
   ::: crates/borsuk/src/two_bit_generation.rs:76:5
    |
 76 | /     Query {
 77 | |         /// Observed intervals, including failed admitted stages.
 78 | |         stages: QueryStages,
 79 | |         /// Underlying error and incurred I/O charges.
 80 | |         error: Box<TwoBitGenerationError>,
 81 | |     },
    | |_____- the largest variant contains at least 152 bytes
    |
    = help: try reducing the size of `two_bit_generation::TwoBitGenerationError`, for example by boxing large elements or replacing it with `Box<two_bit_generation::TwoBitGenerationError>`
    = help: for further information visit https://rust-lang.github.io/rust-clippy/rust-1.98.0/index.html#result_large_err

warning: the `Err`-variant returned from this function is very large
   --> crates/borsuk/src/two_bit_build.rs:396:10
    |
396 |       ) -> Result<String> {
    |            ^^^^^^^^^^^^^^
    |
   ::: crates/borsuk/src/two_bit_generation.rs:76:5
    |
 76 | /     Query {
 77 | |         /// Observed intervals, including failed admitted stages.
 78 | |         stages: QueryStages,
 79 | |         /// Underlying error and incurred I/O charges.
 80 | |         error: Box<TwoBitGenerationError>,
 81 | |     },
    | |_____- the largest variant contains at least 152 bytes
    |
    = help: try reducing the size of `two_bit_generation::TwoBitGenerationError`, for example by boxing large elements or replacing it with `Box<two_bit_generation::TwoBitGenerationError>`
    = help: for further information visit https://rust-lang.github.io/rust-clippy/rust-1.98.0/index.html#result_large_err

warning: the `Err`-variant returned from this function is very large
   --> crates/borsuk/src/two_bit_build.rs:414:10
    |
414 |       ) -> Result<String> {
    |            ^^^^^^^^^^^^^^
    |
   ::: crates/borsuk/src/two_bit_generation.rs:76:5
    |
 76 | /     Query {
 77 | |         /// Observed intervals, including failed admitted stages.
 78 | |         stages: QueryStages,
 79 | |         /// Underlying error and incurred I/O charges.
 80 | |         error: Box<TwoBitGenerationError>,
 81 | |     },
    | |_____- the largest variant contains at least 152 bytes
    |
    = help: try reducing the size of `two_bit_generation::TwoBitGenerationError`, for example by boxing large elements or replacing it with `Box<two_bit_generation::TwoBitGenerationError>`
    = help: for further information visit https://rust-lang.github.io/rust-clippy/rust-1.98.0/index.html#result_large_err

warning: the `Err`-variant returned from this function is very large
   --> crates/borsuk/src/two_bit_build.rs:432:10
    |
432 |       ) -> Result<String> {
    |            ^^^^^^^^^^^^^^
    |
   ::: crates/borsuk/src/two_bit_generation.rs:76:5
    |
 76 | /     Query {
 77 | |         /// Observed intervals, including failed admitted stages.
 78 | |         stages: QueryStages,
 79 | |         /// Underlying error and incurred I/O charges.
 80 | |         error: Box<TwoBitGenerationError>,
 81 | |     },
    | |_____- the largest variant contains at least 152 bytes
    |
    = help: try reducing the size of `two_bit_generation::TwoBitGenerationError`, for example by boxing large elements or replacing it with `Box<two_bit_generation::TwoBitGenerationError>`
    = help: for further information visit https://rust-lang.github.io/rust-clippy/rust-1.98.0/index.html#result_large_err

warning: the `Err`-variant returned from this function is very large
   --> crates/borsuk/src/two_bit_build.rs:451:10
    |
451 |       ) -> Result<String> {
    |            ^^^^^^^^^^^^^^
    |
   ::: crates/borsuk/src/two_bit_generation.rs:76:5
    |
 76 | /     Query {
 77 | |         /// Observed intervals, including failed admitted stages.
 78 | |         stages: QueryStages,
 79 | |         /// Underlying error and incurred I/O charges.
 80 | |         error: Box<TwoBitGenerationError>,
 81 | |     },
    | |_____- the largest variant contains at least 152 bytes
    |
    = help: try reducing the size of `two_bit_generation::TwoBitGenerationError`, for example by boxing large elements or replacing it with `Box<two_bit_generation::TwoBitGenerationError>`
    = help: for further information visit https://rust-lang.github.io/rust-clippy/rust-1.98.0/index.html#result_large_err

warning: the `Err`-variant returned from this function is very large
   --> crates/borsuk/src/two_bit_build.rs:470:10
    |
470 |       ) -> Result<String> {
    |            ^^^^^^^^^^^^^^
    |
   ::: crates/borsuk/src/two_bit_generation.rs:76:5
    |
 76 | /     Query {
 77 | |         /// Observed intervals, including failed admitted stages.
 78 | |         stages: QueryStages,
 79 | |         /// Underlying error and incurred I/O charges.
 80 | |         error: Box<TwoBitGenerationError>,
 81 | |     },
    | |_____- the largest variant contains at least 152 bytes
    |
    = help: try reducing the size of `two_bit_generation::TwoBitGenerationError`, for example by boxing large elements or replacing it with `Box<two_bit_generation::TwoBitGenerationError>`
    = help: for further information visit https://rust-lang.github.io/rust-clippy/rust-1.98.0/index.html#result_large_err

warning: using `chunks_exact` with a constant chunk size
  --> crates/borsuk/src/sq8_source.rs:89:61
   |
89 |             for (value, bytes) in values.iter_mut().zip(row.chunks_exact(4)) {
   |                                                             ^^^^^^^^^^^^^^^
   |
help: consider using `as_chunks::<4>()` instead
  --> crates/borsuk/src/sq8_source.rs:89:61
   |
89 |             for (value, bytes) in values.iter_mut().zip(row.chunks_exact(4)) {
   |                                                             ^^^^^^^^^^^^^^^
   = help: for further information visit https://rust-lang.github.io/rust-clippy/rust-1.98.0/index.html#chunks_exact_to_as_chunks

warning: using `chunks_exact_mut` with a constant chunk size
  --> crates/borsuk/src/sq8_source.rs:93:39
   |
93 |             for (bytes, value) in row.chunks_exact_mut(4).zip(normalized.iter()) {
   |                                       ^^^^^^^^^^^^^^^^^^^ help: consider using `as_chunks` instead: `as_chunks_mut::<4>().0.iter()`
   |
   = help: for further information visit https://rust-lang.github.io/rust-clippy/rust-1.98.0/index.html#chunks_exact_to_as_chunks

warning: using `chunks_exact` with a constant chunk size
   --> crates/borsuk/src/sq8_source.rs:226:31
    |
226 |         for (d, bytes) in row.chunks_exact(4).enumerate() {
    |                               ^^^^^^^^^^^^^^^ help: consider using `as_chunks` instead: `as_chunks::<4>().0.iter()`
    |
    = help: for further information visit https://rust-lang.github.io/rust-clippy/rust-1.98.0/index.html#chunks_exact_to_as_chunks

warning: using `chunks_exact` with a constant chunk size
   --> crates/borsuk/src/sq8_source.rs:262:31
    |
262 |         for (d, bytes) in row.chunks_exact(4).enumerate() {
    |                               ^^^^^^^^^^^^^^^ help: consider using `as_chunks` instead: `as_chunks::<4>().0.iter()`
    |
    = help: for further information visit https://rust-lang.github.io/rust-clippy/rust-1.98.0/index.html#chunks_exact_to_as_chunks

warning: the `Err`-variant returned from this function is very large
  --> crates/borsuk/src/two_bit_index.rs:37:10
   |
37 |     ) -> Result<Self, TwoBitStoreError> {
   |          ^^^^^^^^^^^^^^^^^^^^^^^^^^^^^^
   |
  ::: crates/borsuk/src/two_bit_store.rs:31:5
   |
31 |     Generation(#[from] TwoBitGenerationError),
   |     ----------------------------------------- the largest variant contains at least 160 bytes
   |
   = help: try reducing the size of `two_bit_store::TwoBitStoreError`, for example by boxing large elements or replacing it with `Box<two_bit_store::TwoBitStoreError>`
   = help: for further information visit https://rust-lang.github.io/rust-clippy/rust-1.98.0/index.html#result_large_err

warning: the `Err`-variant returned from this function is very large
  --> crates/borsuk/src/two_bit_index.rs:54:10
   |
54 |     ) -> Result<Self, TwoBitStoreError> {
   |          ^^^^^^^^^^^^^^^^^^^^^^^^^^^^^^
   |
  ::: crates/borsuk/src/two_bit_store.rs:31:5
   |
31 |     Generation(#[from] TwoBitGenerationError),
   |     ----------------------------------------- the largest variant contains at least 160 bytes
   |
   = help: try reducing the size of `two_bit_store::TwoBitStoreError`, for example by boxing large elements or replacing it with `Box<two_bit_store::TwoBitStoreError>`
   = help: for further information visit https://rust-lang.github.io/rust-clippy/rust-1.98.0/index.html#result_large_err

warning: the `Err`-variant returned from this function is very large
   --> crates/borsuk/src/two_bit_index.rs:145:10
    |
145 |       ) -> Result<TwoBitMutationSearchResult, TwoBitGenerationError> {
    |            ^^^^^^^^^^^^^^^^^^^^^^^^^^^^^^^^^^^^^^^^^^^^^^^^^^^^^^^^^
    |
   ::: crates/borsuk/src/two_bit_generation.rs:76:5
    |
 76 | /     Query {
 77 | |         /// Observed intervals, including failed admitted stages.
 78 | |         stages: QueryStages,
 79 | |         /// Underlying error and incurred I/O charges.
 80 | |         error: Box<TwoBitGenerationError>,
 81 | |     },
    | |_____- the largest variant contains at least 152 bytes
    |
    = help: try reducing the size of `two_bit_generation::TwoBitGenerationError`, for example by boxing large elements or replacing it with `Box<two_bit_generation::TwoBitGenerationError>`
    = help: for further information visit https://rust-lang.github.io/rust-clippy/rust-1.98.0/index.html#result_large_err

warning: the `Err`-variant returned from this function is very large
  --> crates/borsuk/src/two_bit_compaction.rs:76:51
   |
76 | fn read_json<T: DeserializeOwned>(path: &Path) -> Result<(T, Vec<u8>)> {
   |                                                   ^^^^^^^^^^^^^^^^^^^^
   |
  ::: crates/borsuk/src/two_bit_store.rs:31:5
   |
31 |     Generation(#[from] TwoBitGenerationError),
   |     ----------------------------------------- the largest variant contains at least 160 bytes
   |
   = help: try reducing the size of `two_bit_store::TwoBitStoreError`, for example by boxing large elements or replacing it with `Box<two_bit_store::TwoBitStoreError>`
   = help: for further information visit https://rust-lang.github.io/rust-clippy/rust-1.98.0/index.html#result_large_err

warning: the `Err`-variant returned from this function is very large
  --> crates/borsuk/src/two_bit_compaction.rs:92:56
   |
92 | fn write_json<T: Serialize>(path: &Path, value: &T) -> Result<Vec<u8>> {
   |                                                        ^^^^^^^^^^^^^^^
   |
  ::: crates/borsuk/src/two_bit_store.rs:31:5
   |
31 |     Generation(#[from] TwoBitGenerationError),
   |     ----------------------------------------- the largest variant contains at least 160 bytes
   |
   = help: try reducing the size of `two_bit_store::TwoBitStoreError`, for example by boxing large elements or replacing it with `Box<two_bit_store::TwoBitStoreError>`
   = help: for further information visit https://rust-lang.github.io/rust-clippy/rust-1.98.0/index.html#result_large_err

warning: the `Err`-variant returned from this function is very large
   --> crates/borsuk/src/two_bit_compaction.rs:105:59
    |
105 | fn digest_file(path: &Path, length: u64, digest: &str) -> Result<()> {
    |                                                           ^^^^^^^^^^
    |
   ::: crates/borsuk/src/two_bit_store.rs:31:5
    |
 31 |     Generation(#[from] TwoBitGenerationError),
    |     ----------------------------------------- the largest variant contains at least 160 bytes
    |
    = help: try reducing the size of `two_bit_store::TwoBitStoreError`, for example by boxing large elements or replacing it with `Box<two_bit_store::TwoBitStoreError>`
    = help: for further information visit https://rust-lang.github.io/rust-clippy/rust-1.98.0/index.html#result_large_err

warning: the `Err`-variant returned from this function is very large
   --> crates/borsuk/src/two_bit_compaction.rs:138:6
    |
138 | ) -> Result<(TwoBitCompactionSource, String)> {
    |      ^^^^^^^^^^^^^^^^^^^^^^^^^^^^^^^^^^^^^^^^
    |
   ::: crates/borsuk/src/two_bit_store.rs:31:5
    |
 31 |     Generation(#[from] TwoBitGenerationError),
    |     ----------------------------------------- the largest variant contains at least 160 bytes
    |
    = help: try reducing the size of `two_bit_store::TwoBitStoreError`, for example by boxing large elements or replacing it with `Box<two_bit_store::TwoBitStoreError>`
    = help: for further information visit https://rust-lang.github.io/rust-clippy/rust-1.98.0/index.html#result_large_err

warning: the `Err`-variant returned from this function is very large
   --> crates/borsuk/src/two_bit_compaction.rs:171:58
    |
171 | fn prepared_manifest(directory: &Path, ready: &Ready) -> Result<Manifest> {
    |                                                          ^^^^^^^^^^^^^^^^
    |
   ::: crates/borsuk/src/two_bit_store.rs:31:5
    |
 31 |     Generation(#[from] TwoBitGenerationError),
    |     ----------------------------------------- the largest variant contains at least 160 bytes
    |
    = help: try reducing the size of `two_bit_store::TwoBitStoreError`, for example by boxing large elements or replacing it with `Box<two_bit_store::TwoBitStoreError>`
    = help: for further information visit https://rust-lang.github.io/rust-clippy/rust-1.98.0/index.html#result_large_err

warning: the `Err`-variant returned from this function is very large
   --> crates/borsuk/src/two_bit_compaction.rs:187:6
    |
187 | ) -> Result<()> {
    |      ^^^^^^^^^^
    |
   ::: crates/borsuk/src/two_bit_store.rs:31:5
    |
 31 |     Generation(#[from] TwoBitGenerationError),
    |     ----------------------------------------- the largest variant contains at least 160 bytes
    |
    = help: try reducing the size of `two_bit_store::TwoBitStoreError`, for example by boxing large elements or replacing it with `Box<two_bit_store::TwoBitStoreError>`
    = help: for further information visit https://rust-lang.github.io/rust-clippy/rust-1.98.0/index.html#result_large_err

warning: using `chunks_exact` with a constant chunk size
   --> crates/borsuk/src/two_bit_compaction.rs:234:59
    |
234 |         for (value, encoded) in values.iter_mut().zip(row.chunks_exact(4)) {
    |                                                           ^^^^^^^^^^^^^^^
    |
help: consider using `as_chunks::<4>()` instead
   --> crates/borsuk/src/two_bit_compaction.rs:234:59
    |
234 |         for (value, encoded) in values.iter_mut().zip(row.chunks_exact(4)) {
    |                                                           ^^^^^^^^^^^^^^^
    = help: for further information visit https://rust-lang.github.io/rust-clippy/rust-1.98.0/index.html#chunks_exact_to_as_chunks

warning: the `Err`-variant returned from this function is very large
   --> crates/borsuk/src/two_bit_compaction.rs:254:50
    |
254 | fn disk_bound(rows: usize, dimensions: usize) -> Result<u64> {
    |                                                  ^^^^^^^^^^^
    |
   ::: crates/borsuk/src/two_bit_store.rs:31:5
    |
 31 |     Generation(#[from] TwoBitGenerationError),
    |     ----------------------------------------- the largest variant contains at least 160 bytes
    |
    = help: try reducing the size of `two_bit_store::TwoBitStoreError`, for example by boxing large elements or replacing it with `Box<two_bit_store::TwoBitStoreError>`
    = help: for further information visit https://rust-lang.github.io/rust-clippy/rust-1.98.0/index.html#result_large_err

warning: the `Err`-variant returned from this function is very large
   --> crates/borsuk/src/two_bit_compaction.rs:285:74
    |
285 | pub(crate) fn shared_lifecycle(prefix: &ObjectPath, directory: &Path) -> Result<File> {
    |                                                                          ^^^^^^^^^^^^
    |
   ::: crates/borsuk/src/two_bit_store.rs:31:5
    |
 31 |     Generation(#[from] TwoBitGenerationError),
    |     ----------------------------------------- the largest variant contains at least 160 bytes
    |
    = help: try reducing the size of `two_bit_store::TwoBitStoreError`, for example by boxing large elements or replacing it with `Box<two_bit_store::TwoBitStoreError>`
    = help: for further information visit https://rust-lang.github.io/rust-clippy/rust-1.98.0/index.html#result_large_err

warning: the `Err`-variant returned from this function is very large
   --> crates/borsuk/src/two_bit_compaction.rs:292:6
    |
292 | ) -> Result<File> {
    |      ^^^^^^^^^^^^
    |
   ::: crates/borsuk/src/two_bit_store.rs:31:5
    |
 31 |     Generation(#[from] TwoBitGenerationError),
    |     ----------------------------------------- the largest variant contains at least 160 bytes
    |
    = help: try reducing the size of `two_bit_store::TwoBitStoreError`, for example by boxing large elements or replacing it with `Box<two_bit_store::TwoBitStoreError>`
    = help: for further information visit https://rust-lang.github.io/rust-clippy/rust-1.98.0/index.html#result_large_err

warning: the `Err`-variant returned from this closure is very large
   --> crates/borsuk/src/two_bit_compaction.rs:294:37
    |
294 |     let open_lock = |name: &str| -> Result<File> {
    |                                     ^^^^^^^^^^^^
    |
   ::: crates/borsuk/src/two_bit_store.rs:31:5
    |
 31 |     Generation(#[from] TwoBitGenerationError),
    |     ----------------------------------------- the largest variant contains at least 160 bytes
    |
    = help: try reducing the size of `two_bit_store::TwoBitStoreError`, for example by boxing large elements or replacing it with `Box<two_bit_store::TwoBitStoreError>`
    = help: for further information visit https://rust-lang.github.io/rust-clippy/rust-1.98.0/index.html#result_large_err

warning: the `Err`-variant returned from this function is very large
   --> crates/borsuk/src/two_bit_compaction.rs:342:6
    |
342 | ) -> Result<TwoBitHead> {
    |      ^^^^^^^^^^^^^^^^^^
    |
   ::: crates/borsuk/src/two_bit_store.rs:31:5
    |
 31 |     Generation(#[from] TwoBitGenerationError),
    |     ----------------------------------------- the largest variant contains at least 160 bytes
    |
    = help: try reducing the size of `two_bit_store::TwoBitStoreError`, for example by boxing large elements or replacing it with `Box<two_bit_store::TwoBitStoreError>`
    = help: for further information visit https://rust-lang.github.io/rust-clippy/rust-1.98.0/index.html#result_large_err

warning: the `Err`-variant returned from this function is very large
   --> crates/borsuk/src/two_bit_compaction.rs:353:6
    |
353 | ) -> Result<TwoBitHead> {
    |      ^^^^^^^^^^^^^^^^^^
    |
   ::: crates/borsuk/src/two_bit_store.rs:31:5
    |
 31 |     Generation(#[from] TwoBitGenerationError),
    |     ----------------------------------------- the largest variant contains at least 160 bytes
    |
    = help: try reducing the size of `two_bit_store::TwoBitStoreError`, for example by boxing large elements or replacing it with `Box<two_bit_store::TwoBitStoreError>`
    = help: for further information visit https://rust-lang.github.io/rust-clippy/rust-1.98.0/index.html#result_large_err

warning: the `Err`-variant returned from this closure is very large
   --> crates/borsuk/src/two_bit_compaction.rs:360:33
    |
360 |       tokio::task::spawn_blocking(move || {
    |  _________________________________^
361 | |         let _lifecycle = shared_lifecycle(&prefix, &directory)?;
362 | |         let lock = OpenOptions::new()
363 | |             .create(true)
...   |
383 | |         result
384 | |     })
    | |_____^
    |
   ::: crates/borsuk/src/two_bit_store.rs:31:5
    |
 31 |       Generation(#[from] TwoBitGenerationError),
    |       ----------------------------------------- the largest variant contains at least 160 bytes
    |
    = help: try reducing the size of `two_bit_store::TwoBitStoreError`, for example by boxing large elements or replacing it with `Box<two_bit_store::TwoBitStoreError>`
    = help: for further information visit https://rust-lang.github.io/rust-clippy/rust-1.98.0/index.html#result_large_err

warning: the `Err`-variant returned from this function is very large
   --> crates/borsuk/src/two_bit_compaction.rs:391:6
    |
391 | ) -> Result<()> {
    |      ^^^^^^^^^^
    |
   ::: crates/borsuk/src/two_bit_store.rs:31:5
    |
 31 |     Generation(#[from] TwoBitGenerationError),
    |     ----------------------------------------- the largest variant contains at least 160 bytes
    |
    = help: try reducing the size of `two_bit_store::TwoBitStoreError`, for example by boxing large elements or replacing it with `Box<two_bit_store::TwoBitStoreError>`
    = help: for further information visit https://rust-lang.github.io/rust-clippy/rust-1.98.0/index.html#result_large_err

warning: the `Err`-variant returned from this function is very large
   --> crates/borsuk/src/two_bit_compaction.rs:404:6
    |
404 | ) -> Result<TwoBitHead> {
    |      ^^^^^^^^^^^^^^^^^^
    |
   ::: crates/borsuk/src/two_bit_store.rs:31:5
    |
 31 |     Generation(#[from] TwoBitGenerationError),
    |     ----------------------------------------- the largest variant contains at least 160 bytes
    |
    = help: try reducing the size of `two_bit_store::TwoBitStoreError`, for example by boxing large elements or replacing it with `Box<two_bit_store::TwoBitStoreError>`
    = help: for further information visit https://rust-lang.github.io/rust-clippy/rust-1.98.0/index.html#result_large_err

warning: returning the result of a `let` binding from a block
   --> crates/borsuk/src/two_bit_compaction.rs:716:13
    |
694 | /             let root = TwoBitGenerationBuilder {
695 | |                 base_epoch: job.base_epoch,
696 | |                 source: TwoBitSource {
697 | |                     raw: &raw,
...   |
714 | |                 build_budget,
715 | |             )?;
    | |_______________- unnecessary `let` binding
716 |               root
    |               ^^^^
    |
    = help: for further information visit https://rust-lang.github.io/rust-clippy/rust-1.98.0/index.html#let_and_return
    = note: `-W clippy::let-and-return` implied by `-W clippy::all`
    = help: to override `-W clippy::all` add `#[allow(clippy::let_and_return)]`
help: return the expression directly
    |
694 ~             
695 ~             TwoBitGenerationBuilder {
696 +                 base_epoch: job.base_epoch,
697 +                 source: TwoBitSource {
698 +                     raw: &raw,
699 +                     raw_sha256: &input.raw_sha256,
700 +                     sq8: &sq8_path,
701 +                     sq8_sha256: &encoding.sha256,
702 +                     rows: input.rows,
703 +                     dimensions: input.dimensions,
704 +                 },
705 +                 generation: target_generation,
706 +                 low: &encoding.low,
707 +                 step: &encoding.step,
708 +                 sq8_object_key: key.as_ref(),
709 +                 sq8_etag: &etag,
710 +             }
711 +             .build_with_discovery(
712 +                 Some(&order),
713 +                 job.discovery,
714 +                 &generation_dir,
715 +                 build_budget,
716 +             )?
    |

warning: the `Err`-variant returned from this function is very large
  --> crates/borsuk/src/two_bit_gc.rs:87:74
   |
87 | fn keep_object(keep: &mut BTreeSet<ObjectPath>, key: &str, sha: &str) -> Result<()> {
   |                                                                          ^^^^^^^^^^
   |
  ::: crates/borsuk/src/two_bit_store.rs:31:5
   |
31 |     Generation(#[from] TwoBitGenerationError),
   |     ----------------------------------------- the largest variant contains at least 160 bytes
   |
   = help: try reducing the size of `two_bit_store::TwoBitStoreError`, for example by boxing large elements or replacing it with `Box<two_bit_store::TwoBitStoreError>`
   = help: for further information visit https://rust-lang.github.io/rust-clippy/rust-1.98.0/index.html#result_large_err

warning: the `Err`-variant returned from this function is very large
   --> crates/borsuk/src/two_bit_gc.rs:102:6
    |
102 | ) -> Result<BTreeSet<ObjectPath>> {
    |      ^^^^^^^^^^^^^^^^^^^^^^^^^^^^
    |
   ::: crates/borsuk/src/two_bit_store.rs:31:5
    |
 31 |     Generation(#[from] TwoBitGenerationError),
    |     ----------------------------------------- the largest variant contains at least 160 bytes
    |
    = help: try reducing the size of `two_bit_store::TwoBitStoreError`, for example by boxing large elements or replacing it with `Box<two_bit_store::TwoBitStoreError>`
    = help: for further information visit https://rust-lang.github.io/rust-clippy/rust-1.98.0/index.html#result_large_err

warning: the `Err`-variant returned from this function is very large
   --> crates/borsuk/src/two_bit_gc.rs:185:6
    |
185 | ) -> std::result::Result<TwoBitGcReport, TwoBitGcFailure> {
    |      ^^^^^^^^^^^^^^^^^^^^^^^^^^^^^^^^^^^^^^^^^^^^^^^^^^^^ the `Err`-variant is at least 208 bytes
    |
    = help: try reducing the size of `two_bit_gc::TwoBitGcFailure`, for example by boxing large elements or replacing it with `Box<two_bit_gc::TwoBitGcFailure>`
    = help: for further information visit https://rust-lang.github.io/rust-clippy/rust-1.98.0/index.html#result_large_err

warning: the `Err`-variant returned from this closure is very large
   --> crates/borsuk/src/two_bit_gc.rs:188:33
    |
188 |       tokio::task::spawn_blocking(move || {
    |  _________________________________^
189 | |         let mut report = TwoBitGcReport::default();
190 | |         let result = (|| {
191 | |             if prefix.as_ref().is_empty()
...   |
257 | |         result.map_err(|error| TwoBitGcFailure { error, report })
258 | |     })
    | |_____^ the `Err`-variant is at least 208 bytes
    |
    = help: try reducing the size of `two_bit_gc::TwoBitGcFailure`, for example by boxing large elements or replacing it with `Box<two_bit_gc::TwoBitGcFailure>`
    = help: for further information visit https://rust-lang.github.io/rust-clippy/rust-1.98.0/index.html#result_large_err

warning: the `Err`-variant returned from this closure is very large
   --> crates/borsuk/src/two_bit_gc.rs:190:22
    |
190 |           let result = (|| {
    |  ______________________^
191 | |             if prefix.as_ref().is_empty()
192 | |                 || prefix.as_ref().len() > 512
193 | |                 || limits.max_objects_scanned == 0
...   |
255 | |             })
256 | |         })();
    | |__________^
    |
   ::: crates/borsuk/src/two_bit_store.rs:31:5
    |
 31 |       Generation(#[from] TwoBitGenerationError),
    |       ----------------------------------------- the largest variant contains at least 160 bytes
    |
    = help: try reducing the size of `two_bit_store::TwoBitStoreError`, for example by boxing large elements or replacing it with `Box<two_bit_store::TwoBitStoreError>`
    = help: for further information visit https://rust-lang.github.io/rust-clippy/rust-1.98.0/index.html#result_large_err

warning: missing documentation for a constant
  --> crates/borsuk/src/budget_object_fitter.rs:12:1
   |
12 | pub const SEED: u64 = 20260923;
   | ^^^^^^^^^^^^^^^^^^^
   |
   = note: requested on the command line with `-W missing-docs`

warning: missing documentation for a constant
  --> crates/borsuk/src/budget_object_fitter.rs:13:1
   |
13 | pub const MAX_OPERATIONS: u64 = 512_000_000_000;
   | ^^^^^^^^^^^^^^^^^^^^^^^^^^^^^

warning: missing documentation for a constant
  --> crates/borsuk/src/budget_object_fitter.rs:14:1
   |
14 | pub const MAX_CAPACITY_BYTES: usize = 8 * 1024 * 1024 * 1024;
   | ^^^^^^^^^^^^^^^^^^^^^^^^^^^^^^^^^^^

warning: missing documentation for a struct field
  --> crates/borsuk/src/budget_object_fitter.rs:25:5
   |
25 |     pub source: Hash,
   |     ^^^^^^^^^^^^^^^^

warning: missing documentation for a struct field
  --> crates/borsuk/src/budget_object_fitter.rs:26:5
   |
26 |     pub dimension: usize,
   |     ^^^^^^^^^^^^^^^^^^^^

warning: missing documentation for a struct field
  --> crates/borsuk/src/budget_object_fitter.rs:27:5
   |
27 |     pub rows: u64,
   |     ^^^^^^^^^^^^^

warning: missing documentation for a struct field
  --> crates/borsuk/src/budget_object_fitter.rs:28:5
   |
28 |     pub anchors: &'a [TrainingSample<'a>],
   |     ^^^^^^^^^^^^^^^^^^^^^^^^^^^^^^^^^^^^^

warning: missing documentation for a struct field
  --> crates/borsuk/src/budget_object_fitter.rs:29:5
   |
29 |     pub snapshot: Snapshot,
   |     ^^^^^^^^^^^^^^^^^^^^^^

warning: missing documentation for a struct field
  --> crates/borsuk/src/budget_object_fitter.rs:30:5
   |
30 |     pub budget: Budget,
   |     ^^^^^^^^^^^^^^^^^^

warning: missing documentation for a struct
  --> crates/borsuk/src/budget_object_fitter.rs:34:1
   |
34 | pub struct Progress {
   | ^^^^^^^^^^^^^^^^^^^

warning: missing documentation for a struct field
  --> crates/borsuk/src/budget_object_fitter.rs:35:5
   |
35 |     pub round: usize,
   |     ^^^^^^^^^^^^^^^^

warning: missing documentation for a struct field
  --> crates/borsuk/src/budget_object_fitter.rs:36:5
   |
36 |     pub epoch: usize,
   |     ^^^^^^^^^^^^^^^^

warning: missing documentation for a struct field
  --> crates/borsuk/src/budget_object_fitter.rs:37:5
   |
37 |     pub batch: usize,
   |     ^^^^^^^^^^^^^^^^

warning: missing documentation for a struct field
  --> crates/borsuk/src/budget_object_fitter.rs:38:5
   |
38 |     pub group: Option<u32>,
   |     ^^^^^^^^^^^^^^^^^^^^^^

warning: missing documentation for a struct field
  --> crates/borsuk/src/budget_object_fitter.rs:39:5
   |
39 |     pub operations: u64,
   |     ^^^^^^^^^^^^^^^^^^^

warning: missing documentation for an enum
  --> crates/borsuk/src/budget_object_fitter.rs:43:1
   |
43 | pub enum FitEvent {
   | ^^^^^^^^^^^^^^^^^

warning: missing documentation for a variant
  --> crates/borsuk/src/budget_object_fitter.rs:44:5
   |
44 |     Checkpoint {
   |     ^^^^^^^^^^

warning: missing documentation for a struct field
  --> crates/borsuk/src/budget_object_fitter.rs:45:9
   |
45 |         round: usize,
   |         ^^^^^^^^^^^^

warning: missing documentation for a struct field
  --> crates/borsuk/src/budget_object_fitter.rs:46:9
   |
46 |         receipt: Acceptance,
   |         ^^^^^^^^^^^^^^^^^^^

warning: missing documentation for a variant
  --> crates/borsuk/src/budget_object_fitter.rs:48:5
   |
48 |     Proposal {
   |     ^^^^^^^^

warning: missing documentation for a struct field
  --> crates/borsuk/src/budget_object_fitter.rs:49:9
   |
49 |         round: usize,
   |         ^^^^^^^^^^^^

warning: missing documentation for a struct field
  --> crates/borsuk/src/budget_object_fitter.rs:50:9
   |
50 |         group: u32,
   |         ^^^^^^^^^^

warning: missing documentation for a struct field
  --> crates/borsuk/src/budget_object_fitter.rs:51:9
   |
51 |         destination: u32,
   |         ^^^^^^^^^^^^^^^^

warning: missing documentation for a struct field
  --> crates/borsuk/src/budget_object_fitter.rs:52:9
   |
52 |         swap: Option<u32>,
   |         ^^^^^^^^^^^^^^^^^

warning: missing documentation for a struct field
  --> crates/borsuk/src/budget_object_fitter.rs:53:9
   |
53 |         receipt: Acceptance,
   |         ^^^^^^^^^^^^^^^^^^^

warning: missing documentation for a variant
  --> crates/borsuk/src/budget_object_fitter.rs:55:5
   |
55 |     NoTeacher {
   |     ^^^^^^^^^

warning: missing documentation for a struct field
  --> crates/borsuk/src/budget_object_fitter.rs:56:9
   |
56 |         round: usize,
   |         ^^^^^^^^^^^^

warning: missing documentation for a struct field
  --> crates/borsuk/src/budget_object_fitter.rs:57:9
   |
57 |         group: u32,
   |         ^^^^^^^^^^

warning: missing documentation for a variant
  --> crates/borsuk/src/budget_object_fitter.rs:59:5
   |
59 |     CapacityRefused {
   |     ^^^^^^^^^^^^^^^

warning: missing documentation for a struct field
  --> crates/borsuk/src/budget_object_fitter.rs:60:9
   |
60 |         round: usize,
   |         ^^^^^^^^^^^^

warning: missing documentation for a struct field
  --> crates/borsuk/src/budget_object_fitter.rs:61:9
   |
61 |         group: u32,
   |         ^^^^^^^^^^

warning: missing documentation for a struct field
  --> crates/borsuk/src/budget_object_fitter.rs:62:9
   |
62 |         destination: u32,
   |         ^^^^^^^^^^^^^^^^

warning: missing documentation for a struct field
  --> crates/borsuk/src/budget_object_fitter.rs:70:5
   |
70 |     pub source: Hash,
   |     ^^^^^^^^^^^^^^^^

warning: missing documentation for a struct field
  --> crates/borsuk/src/budget_object_fitter.rs:71:5
   |
71 |     pub training: Hash,
   |     ^^^^^^^^^^^^^^^^^^

warning: missing documentation for a struct field
  --> crates/borsuk/src/budget_object_fitter.rs:72:5
   |
72 |     pub snapshot: Snapshot,
   |     ^^^^^^^^^^^^^^^^^^^^^^

warning: missing documentation for a struct field
  --> crates/borsuk/src/budget_object_fitter.rs:73:5
   |
73 |     pub budget: Budget,
   |     ^^^^^^^^^^^^^^^^^^

warning: missing documentation for a struct field
  --> crates/borsuk/src/budget_object_fitter.rs:74:5
   |
74 |     pub parameters: Vec<f32>,
   |     ^^^^^^^^^^^^^^^^^^^^^^^^

warning: missing documentation for a struct field
  --> crates/borsuk/src/budget_object_fitter.rs:75:5
   |
75 |     pub owners: Vec<u32>,
   |     ^^^^^^^^^^^^^^^^^^^^

warning: missing documentation for a struct field
  --> crates/borsuk/src/budget_object_fitter.rs:78:5
   |
78 |     pub side: usize,
   |     ^^^^^^^^^^^^^^^

warning: missing documentation for a struct field
  --> crates/borsuk/src/budget_object_fitter.rs:79:5
   |
79 |     pub model: Hash,
   |     ^^^^^^^^^^^^^^^

warning: missing documentation for a struct field
  --> crates/borsuk/src/budget_object_fitter.rs:80:5
   |
80 |     pub membership: Hash,
   |     ^^^^^^^^^^^^^^^^^^^^

warning: missing documentation for a struct field
  --> crates/borsuk/src/budget_object_fitter.rs:81:5
   |
81 |     pub events: Vec<FitEvent>,
   |     ^^^^^^^^^^^^^^^^^^^^^^^^^

warning: missing documentation for a struct field
  --> crates/borsuk/src/budget_object_fitter.rs:82:5
   |
82 |     pub work: Work,
   |     ^^^^^^^^^^^^^^

warning: missing documentation for a struct field
  --> crates/borsuk/src/budget_object_fitter.rs:83:5
   |
83 |     pub memory: Memory,
   |     ^^^^^^^^^^^^^^^^^^

warning: missing documentation for a struct field
  --> crates/borsuk/src/budget_object_fitter.rs:92:5
   |
92 |     pub error: Error,
   |     ^^^^^^^^^^^^^^^^

warning: missing documentation for a struct field
  --> crates/borsuk/src/budget_object_fitter.rs:93:5
   |
93 |     pub work: Work,
   |     ^^^^^^^^^^^^^^

warning: missing documentation for a struct field
  --> crates/borsuk/src/budget_object_fitter.rs:94:5
   |
94 |     pub memory: Memory,
   |     ^^^^^^^^^^^^^^^^^^

warning: missing documentation for a struct field
  --> crates/borsuk/src/budget_object_fitter.rs:95:5
   |
95 |     pub completed: bool,
   |     ^^^^^^^^^^^^^^^^^^^

warning: missing documentation for a struct field
  --> crates/borsuk/src/budget_object_fitter.rs:96:5
   |
96 |     pub stage: FitStage,
   |     ^^^^^^^^^^^^^^^^^^^

warning: missing documentation for an enum
   --> crates/borsuk/src/budget_object_fitter.rs:103:1
    |
103 | pub enum FitStage {
    | ^^^^^^^^^^^^^^^^^

warning: missing documentation for a variant
   --> crates/borsuk/src/budget_object_fitter.rs:104:5
    |
104 |     Admission,
    |     ^^^^^^^^^

warning: missing documentation for a variant
   --> crates/borsuk/src/budget_object_fitter.rs:105:5
    |
105 |     Initialization,
    |     ^^^^^^^^^^^^^^

warning: missing documentation for a variant
   --> crates/borsuk/src/budget_object_fitter.rs:106:5
    |
106 |     ObservationPreparation,
    |     ^^^^^^^^^^^^^^^^^^^^^^

warning: missing documentation for a variant
   --> crates/borsuk/src/budget_object_fitter.rs:107:5
    |
107 |     InitialCoverage,
    |     ^^^^^^^^^^^^^^^

warning: missing documentation for a variant
   --> crates/borsuk/src/budget_object_fitter.rs:108:5
    |
108 |     Training {
    |     ^^^^^^^^

warning: missing documentation for a struct field
   --> crates/borsuk/src/budget_object_fitter.rs:109:9
    |
109 |         round: usize,
    |         ^^^^^^^^^^^^

warning: missing documentation for a variant
   --> crates/borsuk/src/budget_object_fitter.rs:111:5
    |
111 |     Checkpoint {
    |     ^^^^^^^^^^

warning: missing documentation for a struct field
   --> crates/borsuk/src/budget_object_fitter.rs:112:9
    |
112 |         round: usize,
    |         ^^^^^^^^^^^^

warning: missing documentation for a variant
   --> crates/borsuk/src/budget_object_fitter.rs:114:5
    |
114 |     Destinations {
    |     ^^^^^^^^^^^^

warning: missing documentation for a struct field
   --> crates/borsuk/src/budget_object_fitter.rs:115:9
    |
115 |         round: usize,
    |         ^^^^^^^^^^^^

warning: missing documentation for a struct field
   --> crates/borsuk/src/budget_object_fitter.rs:116:9
    |
116 |         group: u32,
    |         ^^^^^^^^^^

warning: missing documentation for a variant
   --> crates/borsuk/src/budget_object_fitter.rs:118:5
    |
118 |     Proposal {
    |     ^^^^^^^^

warning: missing documentation for a struct field
   --> crates/borsuk/src/budget_object_fitter.rs:119:9
    |
119 |         round: usize,
    |         ^^^^^^^^^^^^

warning: missing documentation for a struct field
   --> crates/borsuk/src/budget_object_fitter.rs:120:9
    |
120 |         group: u32,
    |         ^^^^^^^^^^

warning: missing documentation for a struct field
   --> crates/borsuk/src/budget_object_fitter.rs:121:9
    |
121 |         destination: u32,
    |         ^^^^^^^^^^^^^^^^

warning: missing documentation for a variant
   --> crates/borsuk/src/budget_object_fitter.rs:123:5
    |
123 |     Finalization,
    |     ^^^^^^^^^^^^

warning: missing documentation for a struct
   --> crates/borsuk/src/budget_object_fitter.rs:126:1
    |
126 | pub struct FitIdentity {
    | ^^^^^^^^^^^^^^^^^^^^^^

warning: missing documentation for a struct field
   --> crates/borsuk/src/budget_object_fitter.rs:127:5
    |
127 |     pub source: Hash,
    |     ^^^^^^^^^^^^^^^^

warning: missing documentation for a struct field
   --> crates/borsuk/src/budget_object_fitter.rs:128:5
    |
128 |     pub training: Hash,
    |     ^^^^^^^^^^^^^^^^^^

warning: missing documentation for a struct field
   --> crates/borsuk/src/budget_object_fitter.rs:129:5
    |
129 |     pub model: Hash,
    |     ^^^^^^^^^^^^^^^

warning: missing documentation for a struct field
   --> crates/borsuk/src/budget_object_fitter.rs:130:5
    |
130 |     pub membership: Hash,
    |     ^^^^^^^^^^^^^^^^^^^^

warning: missing documentation for a struct field
   --> crates/borsuk/src/budget_object_fitter.rs:131:5
    |
131 |     pub snapshot: Snapshot,
    |     ^^^^^^^^^^^^^^^^^^^^^^

warning: missing documentation for a struct field
   --> crates/borsuk/src/budget_object_fitter.rs:132:5
    |
132 |     pub budget: Budget,
    |     ^^^^^^^^^^^^^^^^^^

warning: missing documentation for a constant
 --> crates/borsuk/src/budget_object_selector.rs:9:1
  |
9 | pub const HIDDEN: usize = 64;
  | ^^^^^^^^^^^^^^^^^^^^^^^

warning: missing documentation for a constant
  --> crates/borsuk/src/budget_object_selector.rs:10:1
   |
10 | pub const MIXTURES: usize = 4;
   | ^^^^^^^^^^^^^^^^^^^^^^^^^

warning: missing documentation for a constant
  --> crates/borsuk/src/budget_object_selector.rs:11:1
   |
11 | pub const HEAD_TOP: usize = 8;
   | ^^^^^^^^^^^^^^^^^^^^^^^^^

warning: missing documentation for a constant
  --> crates/borsuk/src/budget_object_selector.rs:12:1
   |
12 | pub const MAX_CANDIDATES: usize = 256;
   | ^^^^^^^^^^^^^^^^^^^^^^^^^^^^^^^

warning: missing documentation for a constant
  --> crates/borsuk/src/budget_object_selector.rs:13:1
   |
13 | pub const MAX_SELECTED: usize = 15;
   | ^^^^^^^^^^^^^^^^^^^^^^^^^^^^^

warning: missing documentation for a constant
  --> crates/borsuk/src/budget_object_selector.rs:14:1
   |
14 | pub const MAX_READS: u64 = 32;
   | ^^^^^^^^^^^^^^^^^^^^^^^^

warning: missing documentation for a constant
  --> crates/borsuk/src/budget_object_selector.rs:15:1
   |
15 | pub const MAX_BYTES: u64 = 16 * 1024 * 1024;
   | ^^^^^^^^^^^^^^^^^^^^^^^^

warning: missing documentation for a type alias
  --> crates/borsuk/src/budget_object_selector.rs:16:1
   |
16 | pub type Hash = [u8; 32];
   | ^^^^^^^^^^^^^

warning: missing documentation for an enum
  --> crates/borsuk/src/budget_object_selector.rs:19:1
   |
19 | pub enum Error {
   | ^^^^^^^^^^^^^^

warning: missing documentation for a variant
  --> crates/borsuk/src/budget_object_selector.rs:20:5
   |
20 |     Invalid(&'static str),
   |     ^^^^^^^

warning: missing documentation for a variant
  --> crates/borsuk/src/budget_object_selector.rs:21:5
   |
21 |     Overflow,
   |     ^^^^^^^^

warning: missing documentation for a variant
  --> crates/borsuk/src/budget_object_selector.rs:24:5
   |
24 |     IdentityMismatch,
   |     ^^^^^^^^^^^^^^^^

warning: missing documentation for a struct
  --> crates/borsuk/src/budget_object_selector.rs:35:1
   |
35 | pub struct Limits {
   | ^^^^^^^^^^^^^^^^^

warning: missing documentation for a struct
  --> crates/borsuk/src/budget_object_selector.rs:44:1
   |
44 | pub struct Memory {
   | ^^^^^^^^^^^^^^^^^

warning: missing documentation for a struct field
  --> crates/borsuk/src/budget_object_selector.rs:45:5
   |
45 |     pub peak_capacity_bytes: usize,
   |     ^^^^^^^^^^^^^^^^^^^^^^^^^^^^^^

warning: missing documentation for a struct field
  --> crates/borsuk/src/budget_object_selector.rs:46:5
   |
46 |     pub retained_capacity_bytes: usize,
   |     ^^^^^^^^^^^^^^^^^^^^^^^^^^^^^^^^^^

warning: missing documentation for a struct
  --> crates/borsuk/src/budget_object_selector.rs:52:1
   |
52 | pub struct Work {
   | ^^^^^^^^^^^^^^^

warning: missing documentation for a struct field
  --> crates/borsuk/src/budget_object_selector.rs:53:5
   |
53 |     pub operations: u64,
   |     ^^^^^^^^^^^^^^^^^^^

warning: missing documentation for a struct
  --> crates/borsuk/src/budget_object_selector.rs:57:1
   |
57 | pub struct Storage {
   | ^^^^^^^^^^^^^^^^^^

warning: missing documentation for a struct field
  --> crates/borsuk/src/budget_object_selector.rs:58:5
   |
58 |     pub borrowed_bytes: usize,
   |     ^^^^^^^^^^^^^^^^^^^^^^^^^

warning: missing documentation for a struct field
  --> crates/borsuk/src/budget_object_selector.rs:61:5
   |
61 |     pub borrowed_directory_bytes: usize,
   |     ^^^^^^^^^^^^^^^^^^^^^^^^^^^^^^^^^^^

warning: missing documentation for a struct field
  --> crates/borsuk/src/budget_object_selector.rs:64:5
   |
64 |     pub validation_peak_capacity_bytes: usize,
   |     ^^^^^^^^^^^^^^^^^^^^^^^^^^^^^^^^^^^^^^^^^

warning: missing documentation for a struct field
  --> crates/borsuk/src/budget_object_selector.rs:65:5
   |
65 |     pub validation_operations: u64,
   |     ^^^^^^^^^^^^^^^^^^^^^^^^^^^^^^

warning: missing documentation for a function
  --> crates/borsuk/src/budget_object_selector.rs:83:1
   |
83 | pub fn parameter_count(d: usize, s: usize) -> Result<usize, Error> {
   | ^^^^^^^^^^^^^^^^^^^^^^^^^^^^^^^^^^^^^^^^^^^^^^^^^^^^^^^^^^^^^^^^^^

warning: missing documentation for an associated function
   --> crates/borsuk/src/budget_object_selector.rs:184:5
    |
184 |     pub fn new(dimension: usize, side: usize, parameters: &'a [f32]) -> Result<Self, Error> {
    |     ^^^^^^^^^^^^^^^^^^^^^^^^^^^^^^^^^^^^^^^^^^^^^^^^^^^^^^^^^^^^^^^^^^^^^^^^^^^^^^^^^^^^^^^

warning: missing documentation for a method
   --> crates/borsuk/src/budget_object_selector.rs:204:5
    |
204 |     pub fn dimension(&self) -> usize {
    |     ^^^^^^^^^^^^^^^^^^^^^^^^^^^^^^^^

warning: missing documentation for a method
   --> crates/borsuk/src/budget_object_selector.rs:207:5
    |
207 |     pub fn side(&self) -> usize {
    |     ^^^^^^^^^^^^^^^^^^^^^^^^^^^

warning: missing documentation for a method
   --> crates/borsuk/src/budget_object_selector.rs:210:5
    |
210 |     pub fn sha256(&self) -> Hash {
    |     ^^^^^^^^^^^^^^^^^^^^^^^^^^^^

warning: missing documentation for a method
   --> crates/borsuk/src/budget_object_selector.rs:213:5
    |
213 |     pub fn borrowed_parameter_bytes(&self) -> usize {
    |     ^^^^^^^^^^^^^^^^^^^^^^^^^^^^^^^^^^^^^^^^^^^^^^^

warning: missing documentation for a method
   --> crates/borsuk/src/budget_object_selector.rs:216:5
    |
216 |     pub fn owned_capacity_bytes(&self) -> usize {
    |     ^^^^^^^^^^^^^^^^^^^^^^^^^^^^^^^^^^^^^^^^^^^

warning: missing documentation for a method
   --> crates/borsuk/src/budget_object_selector.rs:219:5
    |
219 |     pub fn validation_operations(&self) -> u64 {
    |     ^^^^^^^^^^^^^^^^^^^^^^^^^^^^^^^^^^^^^^^^^^

warning: missing documentation for a struct
   --> crates/borsuk/src/budget_object_selector.rs:226:1
    |
226 | pub struct Object {
    | ^^^^^^^^^^^^^^^^^

warning: missing documentation for a struct field
   --> crates/borsuk/src/budget_object_selector.rs:227:5
    |
227 |     pub groups: u16,
    |     ^^^^^^^^^^^^^^^

warning: missing documentation for a struct field
   --> crates/borsuk/src/budget_object_selector.rs:228:5
    |
228 |     pub rows: u16,
    |     ^^^^^^^^^^^^^

warning: missing documentation for a struct field
   --> crates/borsuk/src/budget_object_selector.rs:229:5
    |
229 |     pub body_bytes: u64,
    |     ^^^^^^^^^^^^^^^^^^^

warning: missing documentation for an associated function
   --> crates/borsuk/src/budget_object_selector.rs:246:5
    |
246 | /     pub fn new(
247 | |         dimension: usize,
248 | |         side: usize,
249 | |         total_rows: u64,
...   |
252 | |         limits: Limits,
253 | |     ) -> Result<Self, Error> {
    | |____________________________^

warning: missing documentation for a method
   --> crates/borsuk/src/budget_object_selector.rs:353:5
    |
353 |     pub fn sha256(&self) -> Hash {
    |     ^^^^^^^^^^^^^^^^^^^^^^^^^^^^

warning: missing documentation for a method
   --> crates/borsuk/src/budget_object_selector.rs:356:5
    |
356 |     pub fn storage(&self) -> Storage {
    |     ^^^^^^^^^^^^^^^^^^^^^^^^^^^^^^^^

warning: missing documentation for a method
   --> crates/borsuk/src/budget_object_selector.rs:359:5
    |
359 |     pub fn total_rows(&self) -> u64 {
    |     ^^^^^^^^^^^^^^^^^^^^^^^^^^^^^^^

warning: missing documentation for a method
   --> crates/borsuk/src/budget_object_selector.rs:362:5
    |
362 |     pub fn owners(&self) -> &[u32] {
    |     ^^^^^^^^^^^^^^^^^^^^^^^^^^^^^^

warning: missing documentation for a method
   --> crates/borsuk/src/budget_object_selector.rs:365:5
    |
365 |     pub fn digests(&self) -> &[Hash] {
    |     ^^^^^^^^^^^^^^^^^^^^^^^^^^^^^^^^

warning: missing documentation for a method
   --> crates/borsuk/src/budget_object_selector.rs:368:5
    |
368 |     pub fn objects(&self) -> &[Object] {
    |     ^^^^^^^^^^^^^^^^^^^^^^^^^^^^^^^^^^

warning: missing documentation for a struct
   --> crates/borsuk/src/budget_object_selector.rs:381:1
    |
381 | pub struct Charge {
    | ^^^^^^^^^^^^^^^^^

warning: missing documentation for a struct field
   --> crates/borsuk/src/budget_object_selector.rs:382:5
    |
382 |     pub reads: u64,
    |     ^^^^^^^^^^^^^^

warning: missing documentation for a struct field
   --> crates/borsuk/src/budget_object_selector.rs:383:5
    |
383 |     pub bytes: u64,
    |     ^^^^^^^^^^^^^^

warning: missing documentation for an associated constant
   --> crates/borsuk/src/budget_object_selector.rs:386:5
    |
386 |     pub const ZERO: Self = Self { reads: 0, bytes: 0 };
    |     ^^^^^^^^^^^^^^^^^^^^

warning: missing documentation for a struct
   --> crates/borsuk/src/budget_object_selector.rs:395:1
    |
395 | pub struct Budget {
    | ^^^^^^^^^^^^^^^^^

warning: missing documentation for a struct field
   --> crates/borsuk/src/budget_object_selector.rs:396:5
    |
396 |     pub max_reads: u64,
    |     ^^^^^^^^^^^^^^^^^^

warning: missing documentation for a struct field
   --> crates/borsuk/src/budget_object_selector.rs:397:5
    |
397 |     pub max_bytes: u64,
    |     ^^^^^^^^^^^^^^^^^^

warning: missing documentation for a struct field
   --> crates/borsuk/src/budget_object_selector.rs:398:5
    |
398 |     pub head: Charge,
    |     ^^^^^^^^^^^^^^^^

warning: missing documentation for a struct field
   --> crates/borsuk/src/budget_object_selector.rs:399:5
    |
399 |     pub root: Charge,
    |     ^^^^^^^^^^^^^^^^

warning: missing documentation for a struct field
   --> crates/borsuk/src/budget_object_selector.rs:400:5
    |
400 |     pub delta: Charge,
    |     ^^^^^^^^^^^^^^^^^

warning: missing documentation for a struct field
   --> crates/borsuk/src/budget_object_selector.rs:401:5
    |
401 |     pub attempts: Charge,
    |     ^^^^^^^^^^^^^^^^^^^^

warning: missing documentation for a struct
   --> crates/borsuk/src/budget_object_selector.rs:419:1
    |
419 | pub struct Snapshot {
    | ^^^^^^^^^^^^^^^^^^^

warning: missing documentation for a struct field
   --> crates/borsuk/src/budget_object_selector.rs:420:5
    |
420 |     pub root: Hash,
    |     ^^^^^^^^^^^^^^

warning: missing documentation for a struct field
   --> crates/borsuk/src/budget_object_selector.rs:421:5
    |
421 |     pub coefficients: Hash,
    |     ^^^^^^^^^^^^^^^^^^^^^^

warning: missing documentation for a struct field
   --> crates/borsuk/src/budget_object_selector.rs:422:5
    |
422 |     pub delta: Hash,
    |     ^^^^^^^^^^^^^^^

warning: missing documentation for a struct field
   --> crates/borsuk/src/budget_object_selector.rs:423:5
    |
423 |     pub revision: u64,
    |     ^^^^^^^^^^^^^^^^^

warning: missing documentation for a struct
   --> crates/borsuk/src/budget_object_selector.rs:435:1
    |
435 | pub struct GroupWeight {
    | ^^^^^^^^^^^^^^^^^^^^^^

warning: missing documentation for a struct field
   --> crates/borsuk/src/budget_object_selector.rs:436:5
    |
436 |     pub group: u32,
    |     ^^^^^^^^^^^^^^

warning: missing documentation for a struct field
   --> crates/borsuk/src/budget_object_selector.rs:437:5
    |
437 |     pub weight: u16,
    |     ^^^^^^^^^^^^^^^

warning: missing documentation for a struct
   --> crates/borsuk/src/budget_object_selector.rs:483:1
    |
483 | pub struct Identity {
    | ^^^^^^^^^^^^^^^^^^^

warning: missing documentation for a struct field
   --> crates/borsuk/src/budget_object_selector.rs:484:5
    |
484 |     pub model: Hash,
    |     ^^^^^^^^^^^^^^^

warning: missing documentation for a struct field
   --> crates/borsuk/src/budget_object_selector.rs:485:5
    |
485 |     pub membership: Hash,
    |     ^^^^^^^^^^^^^^^^^^^^

warning: missing documentation for a struct field
   --> crates/borsuk/src/budget_object_selector.rs:486:5
    |
486 |     pub query: Hash,
    |     ^^^^^^^^^^^^^^^

warning: missing documentation for a struct field
   --> crates/borsuk/src/budget_object_selector.rs:487:5
    |
487 |     pub snapshot: Snapshot,
    |     ^^^^^^^^^^^^^^^^^^^^^^

warning: missing documentation for a struct
   --> crates/borsuk/src/budget_object_selector.rs:526:1
    |
526 | pub struct Binding {
    | ^^^^^^^^^^^^^^^^^^

warning: missing documentation for a struct field
   --> crates/borsuk/src/budget_object_selector.rs:527:5
    |
527 |     pub identity: Identity,
    |     ^^^^^^^^^^^^^^^^^^^^^^

warning: missing documentation for a struct field
   --> crates/borsuk/src/budget_object_selector.rs:528:5
    |
528 |     pub neighbors: Hash,
    |     ^^^^^^^^^^^^^^^^^^^

warning: missing documentation for a struct field
   --> crates/borsuk/src/budget_object_selector.rs:529:5
    |
529 |     pub budget: Budget,
    |     ^^^^^^^^^^^^^^^^^^

warning: missing documentation for a struct field
   --> crates/borsuk/src/budget_object_selector.rs:530:5
    |
530 |     pub requested_rows: u64,
    |     ^^^^^^^^^^^^^^^^^^^^^^^

warning: missing documentation for a struct
   --> crates/borsuk/src/budget_object_selector.rs:534:1
    |
534 | pub struct Score {
    | ^^^^^^^^^^^^^^^^

warning: missing documentation for a struct field
   --> crates/borsuk/src/budget_object_selector.rs:535:5
    |
535 |     pub label: u32,
    |     ^^^^^^^^^^^^^^

warning: missing documentation for a struct field
   --> crates/borsuk/src/budget_object_selector.rs:536:5
    |
536 |     pub probability: f32,
    |     ^^^^^^^^^^^^^^^^^^^^

warning: missing documentation for a struct
   --> crates/borsuk/src/budget_object_selector.rs:539:1
    |
539 | pub struct SelectedObject {
    | ^^^^^^^^^^^^^^^^^^^^^^^^^

warning: missing documentation for a struct field
   --> crates/borsuk/src/budget_object_selector.rs:540:5
    |
540 |     pub label: u32,
    |     ^^^^^^^^^^^^^^

warning: missing documentation for a struct field
   --> crates/borsuk/src/budget_object_selector.rs:541:5
    |
541 |     pub rows: u16,
    |     ^^^^^^^^^^^^^

warning: missing documentation for a struct field
   --> crates/borsuk/src/budget_object_selector.rs:542:5
    |
542 |     pub body_bytes: u64,
    |     ^^^^^^^^^^^^^^^^^^^

warning: missing documentation for a struct field
   --> crates/borsuk/src/budget_object_selector.rs:543:5
    |
543 |     pub reserved_bytes: u64,
    |     ^^^^^^^^^^^^^^^^^^^^^^^

warning: missing documentation for a struct field
   --> crates/borsuk/src/budget_object_selector.rs:544:5
    |
544 |     pub digest: Hash,
    |     ^^^^^^^^^^^^^^^^

warning: missing documentation for a struct
   --> crates/borsuk/src/budget_object_selector.rs:547:1
    |
547 | pub struct SkippedObject {
    | ^^^^^^^^^^^^^^^^^^^^^^^^

warning: missing documentation for a struct field
   --> crates/borsuk/src/budget_object_selector.rs:548:5
    |
548 |     pub label: u32,
    |     ^^^^^^^^^^^^^^

warning: missing documentation for a struct field
   --> crates/borsuk/src/budget_object_selector.rs:549:5
    |
549 |     pub required: Charge,
    |     ^^^^^^^^^^^^^^^^^^^^

warning: missing documentation for a struct field
   --> crates/borsuk/src/budget_object_selector.rs:550:5
    |
550 |     pub remaining: Charge,
    |     ^^^^^^^^^^^^^^^^^^^^^

warning: missing documentation for an enum
   --> crates/borsuk/src/budget_object_selector.rs:553:1
    |
553 | pub enum Refusal {
    | ^^^^^^^^^^^^^^^^

warning: missing documentation for a variant
   --> crates/borsuk/src/budget_object_selector.rs:554:5
    |
554 |     Reservations,
    |     ^^^^^^^^^^^^

warning: missing documentation for a variant
   --> crates/borsuk/src/budget_object_selector.rs:555:5
    |
555 |     NoBodyFits,
    |     ^^^^^^^^^^

warning: missing documentation for a variant
   --> crates/borsuk/src/budget_object_selector.rs:556:5
    |
556 |     ZeroGain,
    |     ^^^^^^^^

warning: missing documentation for a variant
   --> crates/borsuk/src/budget_object_selector.rs:557:5
    |
557 |     LowerTailRegression,
    |     ^^^^^^^^^^^^^^^^^^^

warning: missing documentation for a variant
   --> crates/borsuk/src/budget_object_selector.rs:558:5
    |
558 |     IncompleteSelection,
    |     ^^^^^^^^^^^^^^^^^^^

warning: missing documentation for an enum
   --> crates/borsuk/src/budget_object_selector.rs:561:1
    |
561 | pub enum Disposition {
    | ^^^^^^^^^^^^^^^^^^^^

warning: missing documentation for a variant
   --> crates/borsuk/src/budget_object_selector.rs:562:5
    |
562 |     Selected,
    |     ^^^^^^^^

warning: missing documentation for a variant
   --> crates/borsuk/src/budget_object_selector.rs:563:5
    |
563 |     Underfill { requested: u64, visible: u64 },
    |     ^^^^^^^^^

warning: missing documentation for a struct field
   --> crates/borsuk/src/budget_object_selector.rs:563:17
    |
563 |     Underfill { requested: u64, visible: u64 },
    |                 ^^^^^^^^^^^^^^

warning: missing documentation for a struct field
   --> crates/borsuk/src/budget_object_selector.rs:563:33
    |
563 |     Underfill { requested: u64, visible: u64 },
    |                                 ^^^^^^^^^^^^

warning: missing documentation for a variant
   --> crates/borsuk/src/budget_object_selector.rs:564:5
    |
564 |     Refused(Refusal),
    |     ^^^^^^^

warning: missing documentation for a method
   --> crates/borsuk/src/budget_object_selector.rs:585:5
    |
585 |     pub fn binding(&self) -> Binding {
    |     ^^^^^^^^^^^^^^^^^^^^^^^^^^^^^^^^

warning: missing documentation for a method
   --> crates/borsuk/src/budget_object_selector.rs:588:5
    |
588 |     pub fn candidates(&self) -> &[u32] {
    |     ^^^^^^^^^^^^^^^^^^^^^^^^^^^^^^^^^^

warning: missing documentation for a method
   --> crates/borsuk/src/budget_object_selector.rs:591:5
    |
591 |     pub fn occupied_candidates(&self) -> &[Score] {
    |     ^^^^^^^^^^^^^^^^^^^^^^^^^^^^^^^^^^^^^^^^^^^^^

warning: missing documentation for a method
   --> crates/borsuk/src/budget_object_selector.rs:594:5
    |
594 |     pub fn selected(&self) -> &[SelectedObject] {
    |     ^^^^^^^^^^^^^^^^^^^^^^^^^^^^^^^^^^^^^^^^^^^

warning: missing documentation for a method
   --> crates/borsuk/src/budget_object_selector.rs:597:5
    |
597 |     pub fn skipped(&self) -> &[SkippedObject] {
    |     ^^^^^^^^^^^^^^^^^^^^^^^^^^^^^^^^^^^^^^^^^

warning: missing documentation for a method
   --> crates/borsuk/src/budget_object_selector.rs:609:5
    |
609 |     pub fn visible_rows(&self) -> u64 {
    |     ^^^^^^^^^^^^^^^^^^^^^^^^^^^^^^^^^

warning: missing documentation for a method
   --> crates/borsuk/src/budget_object_selector.rs:612:5
    |
612 |     pub fn covered_weight(&self) -> u64 {
    |     ^^^^^^^^^^^^^^^^^^^^^^^^^^^^^^^^^^^

warning: missing documentation for a method
   --> crates/borsuk/src/budget_object_selector.rs:615:5
    |
615 |     pub fn disposition(&self) -> Disposition {
    |     ^^^^^^^^^^^^^^^^^^^^^^^^^^^^^^^^^^^^^^^^

warning: missing documentation for a method
   --> crates/borsuk/src/budget_object_selector.rs:618:5
    |
618 |     pub fn work(&self) -> Work {
    |     ^^^^^^^^^^^^^^^^^^^^^^^^^^

warning: missing documentation for a method
   --> crates/borsuk/src/budget_object_selector.rs:621:5
    |
621 |     pub fn memory(&self) -> Memory {
    |     ^^^^^^^^^^^^^^^^^^^^^^^^^^^^^^

warning: missing documentation for a method
   --> crates/borsuk/src/budget_object_selector.rs:625:5
    |
625 | /     pub fn validate(
626 | |         &self,
627 | |         model: &Model<'_>,
628 | |         membership: &Membership<'_>,
...   |
633 | |         requested_rows: u64,
634 | |     ) -> Result<(), Error> {
    | |__________________________^

warning: missing documentation for a function
   --> crates/borsuk/src/budget_object_selector.rs:790:1
    |
790 | / pub fn select(
791 | |     model: &Model<'_>,
792 | |     membership: &Membership<'_>,
793 | |     query: &[f32],
...   |
798 | |     limits: Limits,
799 | | ) -> Result<Plan, Error> {
    | |________________________^

warning: missing documentation for a method
    --> crates/borsuk/src/budget_object_selector.rs:1039:5
     |
1039 |     pub fn model_identity(&self) -> Hash {
     |     ^^^^^^^^^^^^^^^^^^^^^^^^^^^^^^^^^^^^

warning: missing documentation for a method
    --> crates/borsuk/src/budget_object_selector.rs:1042:5
     |
1042 |     pub fn query_identity(&self) -> Hash {
     |     ^^^^^^^^^^^^^^^^^^^^^^^^^^^^^^^^^^^^

warning: missing documentation for a method
    --> crates/borsuk/src/budget_object_selector.rs:1045:5
     |
1045 |     pub fn probabilities(&self) -> &[f32] {
     |     ^^^^^^^^^^^^^^^^^^^^^^^^^^^^^^^^^^^^^

warning: missing documentation for a method
    --> crates/borsuk/src/budget_object_selector.rs:1048:5
     |
1048 |     pub fn candidates(&self) -> &[u32] {
     |     ^^^^^^^^^^^^^^^^^^^^^^^^^^^^^^^^^^

warning: missing documentation for a method
    --> crates/borsuk/src/budget_object_selector.rs:1051:5
     |
1051 |     pub fn ranked(&self) -> &[Score] {
     |     ^^^^^^^^^^^^^^^^^^^^^^^^^^^^^^^^

warning: missing documentation for a method
    --> crates/borsuk/src/budget_object_selector.rs:1054:5
     |
1054 |     pub fn work(&self) -> Work {
     |     ^^^^^^^^^^^^^^^^^^^^^^^^^^

warning: missing documentation for a method
    --> crates/borsuk/src/budget_object_selector.rs:1057:5
     |
1057 |     pub fn memory(&self) -> Memory {
     |     ^^^^^^^^^^^^^^^^^^^^^^^^^^^^^^

warning: missing documentation for a function
    --> crates/borsuk/src/budget_object_selector.rs:1061:1
     |
1061 | / pub fn prepare_query(
1062 | |     model: &Model<'_>,
1063 | |     query: &[f32],
1064 | |     limits: Limits,
1065 | | ) -> Result<PreparedQuery, Error> {
     | |_________________________________^

warning: missing documentation for a function
    --> crates/borsuk/src/budget_object_selector.rs:1133:1
     |
1133 | / pub fn select_prepared(
1134 | |     prepared: &PreparedQuery,
1135 | |     model: &Model<'_>,
1136 | |     membership: &Membership<'_>,
...    |
1142 | |     limits: Limits,
1143 | | ) -> Result<Plan, Error> {
     | |________________________^

warning: missing documentation for a struct field
    --> crates/borsuk/src/budget_object_selector.rs:1162:5
     |
1162 |     pub identity: Identity,
     |     ^^^^^^^^^^^^^^^^^^^^^^

warning: missing documentation for a struct field
    --> crates/borsuk/src/budget_object_selector.rs:1163:5
     |
1163 |     pub ranked: Vec<Score>,
     |     ^^^^^^^^^^^^^^^^^^^^^^

warning: missing documentation for a struct field
    --> crates/borsuk/src/budget_object_selector.rs:1164:5
     |
1164 |     pub work: Work,
     |     ^^^^^^^^^^^^^^

warning: missing documentation for a struct field
    --> crates/borsuk/src/budget_object_selector.rs:1165:5
     |
1165 |     pub memory: Memory,
     |     ^^^^^^^^^^^^^^^^^^

warning: missing documentation for a method
    --> crates/borsuk/src/budget_object_selector.rs:1168:5
     |
1168 |     pub fn winner_omitted(&self, plan: &Plan) -> Result<bool, Error> {
     |     ^^^^^^^^^^^^^^^^^^^^^^^^^^^^^^^^^^^^^^^^^^^^^^^^^^^^^^^^^^^^^^^^

warning: missing documentation for a function
    --> crates/borsuk/src/budget_object_selector.rs:1178:1
     |
1178 | / pub fn full_grid_rank(
1179 | |     model: &Model<'_>,
1180 | |     membership: &Membership<'_>,
1181 | |     query: &[f32],
1182 | |     snapshot: Snapshot,
1183 | |     limits: Limits,
1184 | | ) -> Result<ModelRanking, Error> {
     | |________________________________^

warning: missing documentation for a struct
    --> crates/borsuk/src/budget_object_selector.rs:1222:1
     |
1222 | pub struct Cover {
     | ^^^^^^^^^^^^^^^^

warning: missing documentation for a struct field
    --> crates/borsuk/src/budget_object_selector.rs:1223:5
     |
1223 |     pub labels: Vec<u32>,
     |     ^^^^^^^^^^^^^^^^^^^^

warning: missing documentation for a struct field
    --> crates/borsuk/src/budget_object_selector.rs:1224:5
     |
1224 |     pub covered_weight: u64,
     |     ^^^^^^^^^^^^^^^^^^^^^^^

warning: missing documentation for a struct field
    --> crates/borsuk/src/budget_object_selector.rs:1225:5
     |
1225 |     pub charge: Charge,
     |     ^^^^^^^^^^^^^^^^^^

warning: missing documentation for a struct
    --> crates/borsuk/src/budget_object_selector.rs:1228:1
     |
1228 | pub struct CoverOracle {
     | ^^^^^^^^^^^^^^^^^^^^^^

warning: missing documentation for a struct field
    --> crates/borsuk/src/budget_object_selector.rs:1229:5
     |
1229 |     pub membership: Hash,
     |     ^^^^^^^^^^^^^^^^^^^^

warning: missing documentation for a struct field
    --> crates/borsuk/src/budget_object_selector.rs:1230:5
     |
1230 |     pub neighbors: Hash,
     |     ^^^^^^^^^^^^^^^^^^^

warning: missing documentation for a struct field
    --> crates/borsuk/src/budget_object_selector.rs:1231:5
     |
1231 |     pub budget: Budget,
     |     ^^^^^^^^^^^^^^^^^^

warning: missing documentation for a struct field
    --> crates/borsuk/src/budget_object_selector.rs:1232:5
     |
1232 |     pub refusal: Option<Refusal>,
     |     ^^^^^^^^^^^^^^^^^^^^^^^^^^^^

warning: missing documentation for a struct field
    --> crates/borsuk/src/budget_object_selector.rs:1235:5
     |
1235 |     pub legal: Cover,
     |     ^^^^^^^^^^^^^^^^

warning: missing documentation for a struct field
    --> crates/borsuk/src/budget_object_selector.rs:1236:5
     |
1236 |     pub candidate_restricted: Cover,
     |     ^^^^^^^^^^^^^^^^^^^^^^^^^^^^^^^

warning: missing documentation for a struct field
    --> crates/borsuk/src/budget_object_selector.rs:1237:5
     |
1237 |     pub work: Work,
     |     ^^^^^^^^^^^^^^

warning: missing documentation for a struct field
    --> crates/borsuk/src/budget_object_selector.rs:1238:5
     |
1238 |     pub memory: Memory,
     |     ^^^^^^^^^^^^^^^^^^

warning: missing documentation for a struct
    --> crates/borsuk/src/budget_object_selector.rs:1359:1
     |
1359 | pub struct Evaluation<'a> {
     | ^^^^^^^^^^^^^^^^^^^^^^^^^

warning: missing documentation for a struct field
    --> crates/borsuk/src/budget_object_selector.rs:1360:5
     |
1360 |     pub model: &'a Model<'a>,
     |     ^^^^^^^^^^^^^^^^^^^^^^^^

warning: missing documentation for a struct field
    --> crates/borsuk/src/budget_object_selector.rs:1361:5
     |
1361 |     pub membership: &'a Membership<'a>,
     |     ^^^^^^^^^^^^^^^^^^^^^^^^^^^^^^^^^^

warning: missing documentation for a struct field
    --> crates/borsuk/src/budget_object_selector.rs:1362:5
     |
1362 |     pub snapshot: Snapshot,
     |     ^^^^^^^^^^^^^^^^^^^^^^

warning: missing documentation for a struct
    --> crates/borsuk/src/budget_object_selector.rs:1365:1
     |
1365 | pub struct TrainingSample<'a> {
     | ^^^^^^^^^^^^^^^^^^^^^^^^^^^^^

warning: missing documentation for a struct field
    --> crates/borsuk/src/budget_object_selector.rs:1366:5
     |
1366 |     pub query: &'a [f32],
     |     ^^^^^^^^^^^^^^^^^^^^

warning: missing documentation for a struct field
    --> crates/borsuk/src/budget_object_selector.rs:1367:5
     |
1367 |     pub neighbors: &'a [GroupWeight],
     |     ^^^^^^^^^^^^^^^^^^^^^^^^^^^^^^^^

warning: missing documentation for a struct field
    --> crates/borsuk/src/budget_object_selector.rs:1368:5
     |
1368 |     pub requested_rows: u64,
     |     ^^^^^^^^^^^^^^^^^^^^^^^

warning: missing documentation for an enum
    --> crates/borsuk/src/budget_object_selector.rs:1371:1
     |
1371 | pub enum AcceptanceDecision {
     | ^^^^^^^^^^^^^^^^^^^^^^^^^^^

warning: missing documentation for a variant
    --> crates/borsuk/src/budget_object_selector.rs:1372:5
     |
1372 |     Accepted,
     |     ^^^^^^^^

warning: missing documentation for a variant
    --> crates/borsuk/src/budget_object_selector.rs:1373:5
     |
1373 |     Refused(Refusal),
     |     ^^^^^^^

warning: missing documentation for a struct
    --> crates/borsuk/src/budget_object_selector.rs:1376:1
     |
1376 | pub struct Acceptance {
     | ^^^^^^^^^^^^^^^^^^^^^

warning: missing documentation for a struct field
    --> crates/borsuk/src/budget_object_selector.rs:1377:5
     |
1377 |     pub before_model: Hash,
     |     ^^^^^^^^^^^^^^^^^^^^^^

warning: missing documentation for a struct field
    --> crates/borsuk/src/budget_object_selector.rs:1378:5
     |
1378 |     pub after_model: Hash,
     |     ^^^^^^^^^^^^^^^^^^^^^

warning: missing documentation for a struct field
    --> crates/borsuk/src/budget_object_selector.rs:1379:5
     |
1379 |     pub before_membership: Hash,
     |     ^^^^^^^^^^^^^^^^^^^^^^^^^^^

warning: missing documentation for a struct field
    --> crates/borsuk/src/budget_object_selector.rs:1380:5
     |
1380 |     pub after_membership: Hash,
     |     ^^^^^^^^^^^^^^^^^^^^^^^^^^

warning: missing documentation for a struct field
    --> crates/borsuk/src/budget_object_selector.rs:1381:5
     |
1381 |     pub before_snapshot: Snapshot,
     |     ^^^^^^^^^^^^^^^^^^^^^^^^^^^^^

warning: missing documentation for a struct field
    --> crates/borsuk/src/budget_object_selector.rs:1382:5
     |
1382 |     pub after_snapshot: Snapshot,
     |     ^^^^^^^^^^^^^^^^^^^^^^^^^^^^

warning: missing documentation for a struct field
    --> crates/borsuk/src/budget_object_selector.rs:1383:5
     |
1383 |     pub training: Hash,
     |     ^^^^^^^^^^^^^^^^^^

warning: missing documentation for a struct field
    --> crates/borsuk/src/budget_object_selector.rs:1384:5
     |
1384 |     pub budget: Budget,
     |     ^^^^^^^^^^^^^^^^^^

warning: missing documentation for a struct field
    --> crates/borsuk/src/budget_object_selector.rs:1385:5
     |
1385 |     pub before_total: u64,
     |     ^^^^^^^^^^^^^^^^^^^^^

warning: missing documentation for a struct field
    --> crates/borsuk/src/budget_object_selector.rs:1386:5
     |
1386 |     pub after_total: u64,
     |     ^^^^^^^^^^^^^^^^^^^^

warning: missing documentation for a struct field
    --> crates/borsuk/src/budget_object_selector.rs:1387:5
     |
1387 |     pub before_lower_tail: u64,
     |     ^^^^^^^^^^^^^^^^^^^^^^^^^^

warning: missing documentation for a struct field
    --> crates/borsuk/src/budget_object_selector.rs:1388:5
     |
1388 |     pub after_lower_tail: u64,
     |     ^^^^^^^^^^^^^^^^^^^^^^^^^

warning: missing documentation for a struct field
    --> crates/borsuk/src/budget_object_selector.rs:1389:5
     |
1389 |     pub lower_tail_rank: usize,
     |     ^^^^^^^^^^^^^^^^^^^^^^^^^^

warning: missing documentation for a struct field
    --> crates/borsuk/src/budget_object_selector.rs:1390:5
     |
1390 |     pub decision: AcceptanceDecision,
     |     ^^^^^^^^^^^^^^^^^^^^^^^^^^^^^^^^

warning: missing documentation for a struct field
    --> crates/borsuk/src/budget_object_selector.rs:1391:5
     |
1391 |     pub modeled_reads: u64,
     |     ^^^^^^^^^^^^^^^^^^^^^^

warning: missing documentation for a struct field
    --> crates/borsuk/src/budget_object_selector.rs:1392:5
     |
1392 |     pub reserved_bytes: u64,
     |     ^^^^^^^^^^^^^^^^^^^^^^^

warning: missing documentation for a struct field
    --> crates/borsuk/src/budget_object_selector.rs:1393:5
     |
1393 |     pub actual_modeled_bytes: u64,
     |     ^^^^^^^^^^^^^^^^^^^^^^^^^^^^^

warning: missing documentation for a struct field
    --> crates/borsuk/src/budget_object_selector.rs:1394:5
     |
1394 |     pub work: Work,
     |     ^^^^^^^^^^^^^^

warning: missing documentation for a struct field
    --> crates/borsuk/src/budget_object_selector.rs:1395:5
     |
1395 |     pub memory: Memory,
     |     ^^^^^^^^^^^^^^^^^^

warning: missing documentation for a method
    --> crates/borsuk/src/budget_object_selector.rs:1398:5
     |
1398 |     pub fn accepted(&self) -> bool {
     |     ^^^^^^^^^^^^^^^^^^^^^^^^^^^^^^

warning: missing documentation for a method
    --> crates/borsuk/src/budget_object_selector.rs:1662:5
     |
1662 |     pub fn normalized_query(&self) -> &[f32] {
     |     ^^^^^^^^^^^^^^^^^^^^^^^^^^^^^^^^^^^^^^^^

warning: missing documentation for a method
    --> crates/borsuk/src/budget_object_selector.rs:1665:5
     |
1665 |     pub fn query_identity(&self) -> Hash {
     |     ^^^^^^^^^^^^^^^^^^^^^^^^^^^^^^^^^^^^

warning: missing documentation for a method
    --> crates/borsuk/src/budget_object_selector.rs:1697:5
     |
1697 |     pub fn observations(&self) -> &[PreparedObservation<'a>] {
     |     ^^^^^^^^^^^^^^^^^^^^^^^^^^^^^^^^^^^^^^^^^^^^^^^^^^^^^^^^

warning: missing documentation for a method
    --> crates/borsuk/src/budget_object_selector.rs:1700:5
     |
1700 |     pub fn sha256(&self) -> Hash {
     |     ^^^^^^^^^^^^^^^^^^^^^^^^^^^^

warning: missing documentation for a method
    --> crates/borsuk/src/budget_object_selector.rs:1703:5
     |
1703 |     pub fn work(&self) -> Work {
     |     ^^^^^^^^^^^^^^^^^^^^^^^^^^

warning: missing documentation for a method
    --> crates/borsuk/src/budget_object_selector.rs:1706:5
     |
1706 |     pub fn memory(&self) -> Memory {
     |     ^^^^^^^^^^^^^^^^^^^^^^^^^^^^^^

warning: missing documentation for a function
    --> crates/borsuk/src/budget_object_selector.rs:1710:1
     |
1710 | / pub fn prepare_training<'a>(
1711 | |     model: &Model<'_>,
1712 | |     membership: &Membership<'_>,
1713 | |     samples: &[TrainingSample<'a>],
1714 | |     limits: Limits,
1715 | | ) -> Result<PreparedTraining<'a>, Error> {
     | |________________________________________^

warning: missing documentation for a function
    --> crates/borsuk/src/budget_object_selector.rs:1777:1
     |
1777 | / pub fn prepare_observed_query(
1778 | |     model: &Model<'_>,
1779 | |     observation: &PreparedObservation<'_>,
1780 | |     limits: Limits,
1781 | | ) -> Result<PreparedQuery, Error> {
     | |_________________________________^

warning: missing documentation for a function
    --> crates/borsuk/src/budget_object_selector.rs:1797:1
     |
1797 | / pub fn select_observed(
1798 | |     prepared: &PreparedQuery,
1799 | |     model: &Model<'_>,
1800 | |     membership: &Membership<'_>,
...    |
1804 | |     limits: Limits,
1805 | | ) -> Result<Plan, Error> {
     | |________________________^

warning: missing documentation for a method
    --> crates/borsuk/src/budget_object_selector.rs:1844:5
     |
1844 |     pub fn complete(&self) -> bool {
     |     ^^^^^^^^^^^^^^^^^^^^^^^^^^^^^^

warning: missing documentation for a method
    --> crates/borsuk/src/budget_object_selector.rs:1847:5
     |
1847 |     pub fn work(&self) -> Work {
     |     ^^^^^^^^^^^^^^^^^^^^^^^^^^

warning: missing documentation for a method
    --> crates/borsuk/src/budget_object_selector.rs:1850:5
     |
1850 |     pub fn memory(&self) -> Memory {
     |     ^^^^^^^^^^^^^^^^^^^^^^^^^^^^^^

warning: missing documentation for a method
    --> crates/borsuk/src/budget_object_selector.rs:1853:5
     |
1853 | /     pub fn validate(
1854 | |         &self,
1855 | |         model: &Model<'_>,
1856 | |         membership: &Membership<'_>,
...    |
1859 | |         budget: Budget,
1860 | |     ) -> Result<(), Error> {
     | |__________________________^

warning: missing documentation for an enum
 --> crates/borsuk/src/budgeted_page_rank.rs:9:1
  |
9 | pub enum BudgetedPageError {
  | ^^^^^^^^^^^^^^^^^^^^^^^^^^

warning: missing documentation for a variant
  --> crates/borsuk/src/budgeted_page_rank.rs:10:5
   |
10 |     InvalidGeometry,
   |     ^^^^^^^^^^^^^^^

warning: missing documentation for a variant
  --> crates/borsuk/src/budgeted_page_rank.rs:11:5
   |
11 |     InvalidScore,
   |     ^^^^^^^^^^^^

warning: missing documentation for a variant
  --> crates/borsuk/src/budgeted_page_rank.rs:12:5
   |
12 |     InvalidCandidate,
   |     ^^^^^^^^^^^^^^^^

warning: missing documentation for a variant
  --> crates/borsuk/src/budgeted_page_rank.rs:13:5
   |
13 |     InvalidPrimary,
   |     ^^^^^^^^^^^^^^

warning: missing documentation for a variant
  --> crates/borsuk/src/budgeted_page_rank.rs:14:5
   |
14 |     ArithmeticOverflow,
   |     ^^^^^^^^^^^^^^^^^^

warning: missing documentation for a variant
  --> crates/borsuk/src/budgeted_page_rank.rs:15:5
   |
15 |     InsufficientBudget,
   |     ^^^^^^^^^^^^^^^^^^

warning: missing documentation for a struct
  --> crates/borsuk/src/budgeted_page_rank.rs:19:1
   |
19 | pub struct BudgetedPagePlan {
   | ^^^^^^^^^^^^^^^^^^^^^^^^^^^

warning: missing documentation for a struct field
  --> crates/borsuk/src/budgeted_page_rank.rs:20:5
   |
20 |     pub selected_pages: Vec<usize>,
   |     ^^^^^^^^^^^^^^^^^^^^^^^^^^^^^^

warning: missing documentation for a struct field
  --> crates/borsuk/src/budgeted_page_rank.rs:21:5
   |
21 |     pub ranges: Vec<Range<usize>>,
   |     ^^^^^^^^^^^^^^^^^^^^^^^^^^^^^

warning: missing documentation for a struct field
  --> crates/borsuk/src/budgeted_page_rank.rs:22:5
   |
22 |     pub planned_bytes: usize,
   |     ^^^^^^^^^^^^^^^^^^^^^^^^

warning: missing documentation for a struct field
  --> crates/borsuk/src/budgeted_page_rank.rs:23:5
   |
23 |     pub primary_pages_retained: usize,
   |     ^^^^^^^^^^^^^^^^^^^^^^^^^^^^^^^^^

warning: missing documentation for a struct field
  --> crates/borsuk/src/budgeted_page_rank.rs:24:5
   |
24 |     pub target_pages: usize,
   |     ^^^^^^^^^^^^^^^^^^^^^^^

warning: missing documentation for a struct field
  --> crates/borsuk/src/budgeted_page_rank.rs:25:5
   |
25 |     pub target_shortfall: usize,
   |     ^^^^^^^^^^^^^^^^^^^^^^^^^^^

warning: missing documentation for an enum
  --> crates/borsuk/src/contiguous_page_hierarchy.rs:15:1
   |
15 | pub enum HierarchyError {
   | ^^^^^^^^^^^^^^^^^^^^^^^

warning: missing documentation for a variant
  --> crates/borsuk/src/contiguous_page_hierarchy.rs:16:5
   |
16 |     InvalidGeometry,
   |     ^^^^^^^^^^^^^^^

warning: missing documentation for a variant
  --> crates/borsuk/src/contiguous_page_hierarchy.rs:17:5
   |
17 |     InvalidArtifact,
   |     ^^^^^^^^^^^^^^^

warning: missing documentation for a variant
  --> crates/borsuk/src/contiguous_page_hierarchy.rs:18:5
   |
18 |     InvalidQuery,
   |     ^^^^^^^^^^^^

warning: missing documentation for a variant
  --> crates/borsuk/src/contiguous_page_hierarchy.rs:19:5
   |
19 |     ArithmeticOverflow,
   |     ^^^^^^^^^^^^^^^^^^

warning: missing documentation for a variant
  --> crates/borsuk/src/contiguous_page_hierarchy.rs:20:5
   |
20 |     Scorer(UnitCentroidError),
   |     ^^^^^^

warning: missing documentation for a struct
  --> crates/borsuk/src/contiguous_page_hierarchy.rs:50:1
   |
50 | pub struct ContiguousPageHierarchy {
   | ^^^^^^^^^^^^^^^^^^^^^^^^^^^^^^^^^^

warning: missing documentation for a struct
  --> crates/borsuk/src/contiguous_page_hierarchy.rs:62:1
   |
62 | pub struct HierarchySearch {
   | ^^^^^^^^^^^^^^^^^^^^^^^^^^

warning: missing documentation for a struct field
  --> crates/borsuk/src/contiguous_page_hierarchy.rs:63:5
   |
63 |     pub scored_pages: Vec<(usize, f32)>,
   |     ^^^^^^^^^^^^^^^^^^^^^^^^^^^^^^^^^^^

warning: missing documentation for a struct field
  --> crates/borsuk/src/contiguous_page_hierarchy.rs:64:5
   |
64 |     pub node_expansions: usize,
   |     ^^^^^^^^^^^^^^^^^^^^^^^^^^

warning: missing documentation for a struct field
  --> crates/borsuk/src/contiguous_page_hierarchy.rs:65:5
   |
65 |     pub vector_evaluations: usize,
   |     ^^^^^^^^^^^^^^^^^^^^^^^^^^^^^

warning: missing documentation for a struct field
  --> crates/borsuk/src/contiguous_page_hierarchy.rs:66:5
   |
66 |     pub beam_exhausted: bool,
   |     ^^^^^^^^^^^^^^^^^^^^^^^^

warning: missing documentation for an associated function
   --> crates/borsuk/src/contiguous_page_hierarchy.rs:134:5
    |
134 |     pub fn build(scorer: &UnitCentroidPages, fanout: usize) -> Result<Self, HierarchyError> {
    |     ^^^^^^^^^^^^^^^^^^^^^^^^^^^^^^^^^^^^^^^^^^^^^^^^^^^^^^^^^^^^^^^^^^^^^^^^^^^^^^^^^^^^^^^

warning: missing documentation for a method
   --> crates/borsuk/src/contiguous_page_hierarchy.rs:235:5
    |
235 |     pub fn height(&self) -> usize {
    |     ^^^^^^^^^^^^^^^^^^^^^^^^^^^^^

warning: missing documentation for a method
   --> crates/borsuk/src/contiguous_page_hierarchy.rs:270:5
    |
270 |     pub fn encode(&self) -> Result<Vec<u8>, HierarchyError> {
    |     ^^^^^^^^^^^^^^^^^^^^^^^^^^^^^^^^^^^^^^^^^^^^^^^^^^^^^^^

warning: missing documentation for an associated function
   --> crates/borsuk/src/contiguous_page_hierarchy.rs:334:5
    |
334 |     pub fn decode(bytes: &[u8]) -> Result<Self, HierarchyError> {
    |     ^^^^^^^^^^^^^^^^^^^^^^^^^^^^^^^^^^^^^^^^^^^^^^^^^^^^^^^^^^^

warning: missing documentation for a method
   --> crates/borsuk/src/contiguous_page_hierarchy.rs:494:5
    |
494 | /     pub fn search(
495 | |         &self,
496 | |         scorer: &UnitCentroidPages,
497 | |         query: &[f32],
...   |
500 | |         max_node_expansions: usize,
501 | |     ) -> Result<HierarchySearch, HierarchyError> {
    | |________________________________________________^

warning: missing documentation for a type alias
 --> crates/borsuk/src/corrected_four_bit.rs:6:1
  |
6 | pub type Result<T> = std::result::Result<T, Box<dyn std::error::Error + Send + Sync>>;
  | ^^^^^^^^^^^^^^^^^^

warning: missing documentation for a constant
 --> crates/borsuk/src/corrected_four_bit.rs:7:1
  |
7 | pub const CODEC: &str = "borsuk-corrected-four-bit-direction-v1";
  | ^^^^^^^^^^^^^^^^^^^^^

warning: missing documentation for a struct
  --> crates/borsuk/src/corrected_four_bit.rs:12:1
   |
12 | pub struct Limits {
   | ^^^^^^^^^^^^^^^^^

warning: missing documentation for a struct field
  --> crates/borsuk/src/corrected_four_bit.rs:13:5
   |
13 |     pub memory_bytes: usize,
   |     ^^^^^^^^^^^^^^^^^^^^^^^

warning: missing documentation for a struct field
  --> crates/borsuk/src/corrected_four_bit.rs:14:5
   |
14 |     pub operations: u64,
   |     ^^^^^^^^^^^^^^^^^^^

warning: missing documentation for a function
  --> crates/borsuk/src/corrected_four_bit.rs:61:1
   |
61 | pub fn encode_work(d: usize) -> Result<u64> {
   | ^^^^^^^^^^^^^^^^^^^^^^^^^^^^^^^^^^^^^^^^^^^

warning: missing documentation for a function
  --> crates/borsuk/src/corrected_four_bit.rs:72:1
   |
72 | pub fn workspace_bytes(d: usize) -> Result<usize> {
   | ^^^^^^^^^^^^^^^^^^^^^^^^^^^^^^^^^^^^^^^^^^^^^^^^^

warning: missing documentation for a struct
  --> crates/borsuk/src/corrected_four_bit.rs:77:1
   |
77 | pub struct Rotation {
   | ^^^^^^^^^^^^^^^^^^^

warning: missing documentation for a struct field
  --> crates/borsuk/src/corrected_four_bit.rs:81:5
   |
81 |     pub gram_defect_bound: f64,
   |     ^^^^^^^^^^^^^^^^^^^^^^^^^^

warning: missing documentation for a struct
  --> crates/borsuk/src/corrected_four_bit.rs:83:1
   |
83 | pub struct EncodedRow {
   | ^^^^^^^^^^^^^^^^^^^^^

warning: missing documentation for a struct field
  --> crates/borsuk/src/corrected_four_bit.rs:84:5
   |
84 |     pub bytes: Vec<u8>,
   |     ^^^^^^^^^^^^^^^^^^

warning: missing documentation for a struct
  --> crates/borsuk/src/corrected_four_bit.rs:89:1
   |
89 | pub struct PreparedQuery {
   | ^^^^^^^^^^^^^^^^^^^^^^^^

warning: missing documentation for an associated function
   --> crates/borsuk/src/corrected_four_bit.rs:136:5
    |
136 |     pub fn generate(d: usize, seed: [u8; 32], limits: Limits) -> Result<Self> {
    |     ^^^^^^^^^^^^^^^^^^^^^^^^^^^^^^^^^^^^^^^^^^^^^^^^^^^^^^^^^^^^^^^^^^^^^^^^^

warning: missing documentation for an associated function
   --> crates/borsuk/src/corrected_four_bit.rs:238:5
    |
238 |     pub fn from_bytes(body: &[u8], expected_sha256: [u8; 32], limits: Limits) -> Result<Self> {
    |     ^^^^^^^^^^^^^^^^^^^^^^^^^^^^^^^^^^^^^^^^^^^^^^^^^^^^^^^^^^^^^^^^^^^^^^^^^^^^^^^^^^^^^^^^^

warning: missing documentation for a method
   --> crates/borsuk/src/corrected_four_bit.rs:265:5
    |
265 |     pub fn to_bytes(&self, limits: Limits) -> Result<Vec<u8>> {
    |     ^^^^^^^^^^^^^^^^^^^^^^^^^^^^^^^^^^^^^^^^^^^^^^^^^^^^^^^^^

warning: missing documentation for a method
   --> crates/borsuk/src/corrected_four_bit.rs:278:5
    |
278 |     pub fn dimensions(&self) -> usize {
    |     ^^^^^^^^^^^^^^^^^^^^^^^^^^^^^^^^^

warning: missing documentation for a method
   --> crates/borsuk/src/corrected_four_bit.rs:281:5
    |
281 |     pub fn digest(&self) -> [u8; 32] {
    |     ^^^^^^^^^^^^^^^^^^^^^^^^^^^^^^^^

warning: missing documentation for a method
   --> crates/borsuk/src/corrected_four_bit.rs:284:5
    |
284 |     pub fn retained_bytes(&self) -> usize {
    |     ^^^^^^^^^^^^^^^^^^^^^^^^^^^^^^^^^^^^^

warning: missing documentation for a method
   --> crates/borsuk/src/corrected_four_bit.rs:332:5
    |
332 |     pub fn prepare_query(&self, query: &[f32], limits: Limits) -> Result<PreparedQuery> {
    |     ^^^^^^^^^^^^^^^^^^^^^^^^^^^^^^^^^^^^^^^^^^^^^^^^^^^^^^^^^^^^^^^^^^^^^^^^^^^^^^^^^^^

warning: missing documentation for a method
   --> crates/borsuk/src/corrected_four_bit.rs:340:5
    |
340 |     pub fn capacity_bytes(&self) -> usize {
    |     ^^^^^^^^^^^^^^^^^^^^^^^^^^^^^^^^^^^^^

warning: missing documentation for a method
   --> crates/borsuk/src/corrected_four_bit.rs:343:5
    |
343 |     pub fn score(&self, rotation: &Rotation, row: &[u8]) -> Result<f32> {
    |     ^^^^^^^^^^^^^^^^^^^^^^^^^^^^^^^^^^^^^^^^^^^^^^^^^^^^^^^^^^^^^^^^^^^

warning: missing documentation for a struct field
   --> crates/borsuk/src/exact_sq8_mirror.rs:111:5
    |
111 |     pub start: usize,
    |     ^^^^^^^^^^^^^^^^

warning: missing documentation for a struct field
   --> crates/borsuk/src/exact_sq8_mirror.rs:112:5
    |
112 |     pub bytes: Vec<u8>,
    |     ^^^^^^^^^^^^^^^^^^

warning: missing documentation for a struct field
   --> crates/borsuk/src/exact_sq8_mirror.rs:113:5
    |
113 |     pub verified_block_reads: usize,
    |     ^^^^^^^^^^^^^^^^^^^^^^^^^^^^^^^

warning: missing documentation for an enum
 --> crates/borsuk/src/graph_generation_resources.rs:9:1
  |
9 | pub enum GraphResourceError {
  | ^^^^^^^^^^^^^^^^^^^^^^^^^^^

warning: missing documentation for a variant
  --> crates/borsuk/src/graph_generation_resources.rs:10:5
   |
10 |     InvalidGeometry,
   |     ^^^^^^^^^^^^^^^

warning: missing documentation for a variant
  --> crates/borsuk/src/graph_generation_resources.rs:11:5
   |
11 |     ArithmeticOverflow,
   |     ^^^^^^^^^^^^^^^^^^

warning: missing documentation for a variant
  --> crates/borsuk/src/graph_generation_resources.rs:12:5
   |
12 |     InsufficientBudget,
   |     ^^^^^^^^^^^^^^^^^^

warning: missing documentation for a struct field
  --> crates/borsuk/src/graph_generation_resources.rs:20:5
   |
20 |     pub rows: u64,
   |     ^^^^^^^^^^^^^

warning: missing documentation for a struct field
  --> crates/borsuk/src/graph_generation_resources.rs:21:5
   |
21 |     pub dimensions: u64,
   |     ^^^^^^^^^^^^^^^^^^^

warning: missing documentation for a struct field
  --> crates/borsuk/src/graph_generation_resources.rs:22:5
   |
22 |     pub page_rows: u64,
   |     ^^^^^^^^^^^^^^^^^^

warning: missing documentation for a struct field
  --> crates/borsuk/src/graph_generation_resources.rs:23:5
   |
23 |     pub unit_rows: u64,
   |     ^^^^^^^^^^^^^^^^^^

warning: missing documentation for a struct field
  --> crates/borsuk/src/graph_generation_resources.rs:24:5
   |
24 |     pub blocks_per_page: u64,
   |     ^^^^^^^^^^^^^^^^^^^^^^^^

warning: missing documentation for a struct field
  --> crates/borsuk/src/graph_generation_resources.rs:25:5
   |
25 |     pub source_verification_block_bytes: u64,
   |     ^^^^^^^^^^^^^^^^^^^^^^^^^^^^^^^^^^^^^^^^

warning: missing documentation for a struct field
  --> crates/borsuk/src/graph_generation_resources.rs:26:5
   |
26 |     pub graph_encoded_bytes: u64,
   |     ^^^^^^^^^^^^^^^^^^^^^^^^^^^^

warning: missing documentation for a struct field
  --> crates/borsuk/src/graph_generation_resources.rs:27:5
   |
27 |     pub graph_resident_bytes: u64,
   |     ^^^^^^^^^^^^^^^^^^^^^^^^^^^^^

warning: missing documentation for a struct field
  --> crates/borsuk/src/graph_generation_resources.rs:28:5
   |
28 |     pub max_active_queries: u64,
   |     ^^^^^^^^^^^^^^^^^^^^^^^^^^^

warning: missing documentation for a struct field
  --> crates/borsuk/src/graph_generation_resources.rs:29:5
   |
29 |     pub transient_bytes_per_query: u64,
   |     ^^^^^^^^^^^^^^^^^^^^^^^^^^^^^^^^^^

warning: missing documentation for a struct field
  --> crates/borsuk/src/graph_generation_resources.rs:30:5
   |
30 |     pub already_pinned_bytes: u64,
   |     ^^^^^^^^^^^^^^^^^^^^^^^^^^^^^

warning: missing documentation for a struct
  --> crates/borsuk/src/graph_generation_resources.rs:34:1
   |
34 | pub struct GraphResourceEstimate {
   | ^^^^^^^^^^^^^^^^^^^^^^^^^^^^^^^^

warning: missing documentation for a struct field
  --> crates/borsuk/src/graph_generation_resources.rs:35:5
   |
35 |     pub router_code_bytes: u64,
   |     ^^^^^^^^^^^^^^^^^^^^^^^^^^

warning: missing documentation for a struct field
  --> crates/borsuk/src/graph_generation_resources.rs:36:5
   |
36 |     pub router_summary_bytes: u64,
   |     ^^^^^^^^^^^^^^^^^^^^^^^^^^^^^

warning: missing documentation for a struct field
  --> crates/borsuk/src/graph_generation_resources.rs:37:5
   |
37 |     pub decoded_centroid_bytes: u64,
   |     ^^^^^^^^^^^^^^^^^^^^^^^^^^^^^^^

warning: missing documentation for a struct field
  --> crates/borsuk/src/graph_generation_resources.rs:38:5
   |
38 |     pub source_digest_bytes: u64,
   |     ^^^^^^^^^^^^^^^^^^^^^^^^^^^^

warning: missing documentation for a struct field
  --> crates/borsuk/src/graph_generation_resources.rs:39:5
   |
39 |     pub steady_payload_bytes: u64,
   |     ^^^^^^^^^^^^^^^^^^^^^^^^^^^^^

warning: missing documentation for a struct field
  --> crates/borsuk/src/graph_generation_resources.rs:40:5
   |
40 |     pub hydration_peak_bytes: u64,
   |     ^^^^^^^^^^^^^^^^^^^^^^^^^^^^^

warning: missing documentation for a struct field
  --> crates/borsuk/src/graph_generation_resources.rs:41:5
   |
41 |     pub transient_limit_bytes: u64,
   |     ^^^^^^^^^^^^^^^^^^^^^^^^^^^^^^

warning: missing documentation for a struct field
  --> crates/borsuk/src/graph_generation_resources.rs:42:5
   |
42 |     pub total_peak_bytes: u64,
   |     ^^^^^^^^^^^^^^^^^^^^^^^^^

warning: missing documentation for a struct field
   --> crates/borsuk/src/hierarchical_semantic_cells.rs:299:15
    |
299 |     Centers { left: Vec<f32>, right: Vec<f32>, separation: f32, cut: Option<(f32, usize)> },
    |               ^^^^^^^^^^^^^^

warning: missing documentation for a struct field
   --> crates/borsuk/src/hierarchical_semantic_cells.rs:299:31
    |
299 |     Centers { left: Vec<f32>, right: Vec<f32>, separation: f32, cut: Option<(f32, usize)> },
    |                               ^^^^^^^^^^^^^^^

warning: missing documentation for a struct field
   --> crates/borsuk/src/hierarchical_semantic_cells.rs:299:48
    |
299 |     Centers { left: Vec<f32>, right: Vec<f32>, separation: f32, cut: Option<(f32, usize)> },
    |                                                ^^^^^^^^^^^^^^^

warning: missing documentation for a struct field
   --> crates/borsuk/src/hierarchical_semantic_cells.rs:299:65
    |
299 |     Centers { left: Vec<f32>, right: Vec<f32>, separation: f32, cut: Option<(f32, usize)> },
    |                                                                 ^^^^^^^^^^^^^^^^^^^^^^^^^

warning: missing documentation for a struct field
   --> crates/borsuk/src/hierarchical_semantic_cells.rs:301:18
    |
301 |     Coordinate { axis: usize, cut: (f32, usize), range: f32 },
    |                  ^^^^^^^^^^^

warning: missing documentation for a struct field
   --> crates/borsuk/src/hierarchical_semantic_cells.rs:301:31
    |
301 |     Coordinate { axis: usize, cut: (f32, usize), range: f32 },
    |                               ^^^^^^^^^^^^^^^^^

warning: missing documentation for a struct field
   --> crates/borsuk/src/hierarchical_semantic_cells.rs:301:50
    |
301 |     Coordinate { axis: usize, cut: (f32, usize), range: f32 },
    |                                                  ^^^^^^^^^^

warning: missing documentation for a struct field
   --> crates/borsuk/src/hierarchical_semantic_cells.rs:352:25
    |
352 | pub struct ReplayCell { pub cell_id: usize, pub ids: Vec<usize> }
    |                         ^^^^^^^^^^^^^^^^^^

warning: missing documentation for a struct field
   --> crates/borsuk/src/hierarchical_semantic_cells.rs:352:45
    |
352 | pub struct ReplayCell { pub cell_id: usize, pub ids: Vec<usize> }
    |                                             ^^^^^^^^^^^^^^^^^^^

warning: missing documentation for a struct field
   --> crates/borsuk/src/hierarchical_semantic_cells.rs:356:5
    |
356 |     pub depth: usize,
    |     ^^^^^^^^^^^^^^^^

warning: missing documentation for a struct field
   --> crates/borsuk/src/hierarchical_semantic_cells.rs:357:5
    |
357 |     pub boundary: Option<SplitBoundary>,
    |     ^^^^^^^^^^^^^^^^^^^^^^^^^^^^^^^^^^^

warning: missing documentation for a struct field
   --> crates/borsuk/src/hierarchical_semantic_cells.rs:358:5
    |
358 |     pub children: Option<[usize; 2]>,
    |     ^^^^^^^^^^^^^^^^^^^^^^^^^^^^^^^^

warning: missing documentation for a struct field
   --> crates/borsuk/src/hierarchical_semantic_cells.rs:359:5
    |
359 |     pub cell: Option<ReplayCell>,
    |     ^^^^^^^^^^^^^^^^^^^^^^^^^^^^

warning: missing documentation for a struct field
   --> crates/borsuk/src/hierarchical_semantic_cells.rs:364:5
    |
364 |     pub logical_rows: usize,
    |     ^^^^^^^^^^^^^^^^^^^^^^^

warning: missing documentation for a struct field
   --> crates/borsuk/src/hierarchical_semantic_cells.rs:365:5
    |
365 |     pub dimensions: usize,
    |     ^^^^^^^^^^^^^^^^^^^^^

warning: missing documentation for a struct field
   --> crates/borsuk/src/hierarchical_semantic_cells.rs:366:5
    |
366 |     pub nodes: Vec<ReplayNode>,
    |     ^^^^^^^^^^^^^^^^^^^^^^^^^^

warning: missing documentation for a struct field
   --> crates/borsuk/src/hierarchical_semantic_cells.rs:945:27
    |
945 | pub struct SelectedCell { pub cell_id: usize, pub primary: bool, pub distance_bits: u32 }
    |                           ^^^^^^^^^^^^^^^^^^

warning: missing documentation for a struct field
   --> crates/borsuk/src/hierarchical_semantic_cells.rs:945:47
    |
945 | pub struct SelectedCell { pub cell_id: usize, pub primary: bool, pub distance_bits: u32 }
    |                                               ^^^^^^^^^^^^^^^^^

warning: missing documentation for a struct field
   --> crates/borsuk/src/hierarchical_semantic_cells.rs:945:66
    |
945 | pub struct SelectedCell { pub cell_id: usize, pub primary: bool, pub distance_bits: u32 }
    |                                                                  ^^^^^^^^^^^^^^^^^^^^^^

warning: missing documentation for a struct field
    --> crates/borsuk/src/hierarchical_semantic_cells.rs:1317:5
     |
1317 |     pub root: Artifact,
     |     ^^^^^^^^^^^^^^^^^^

warning: missing documentation for a struct field
    --> crates/borsuk/src/hierarchical_semantic_cells.rs:1318:5
     |
1318 |     pub directory: Artifact,
     |     ^^^^^^^^^^^^^^^^^^^^^^^

warning: missing documentation for a struct field
    --> crates/borsuk/src/hierarchical_semantic_cells.rs:1319:5
     |
1319 |     pub cell_file: PathBuf,
     |     ^^^^^^^^^^^^^^^^^^^^^^

warning: missing documentation for a struct field
    --> crates/borsuk/src/hierarchical_semantic_cells.rs:1320:5
     |
1320 |     pub cell_bytes: usize,
     |     ^^^^^^^^^^^^^^^^^^^^^

warning: missing documentation for a struct field
    --> crates/borsuk/src/hierarchical_semantic_cells.rs:1321:5
     |
1321 |     pub rows: usize,
     |     ^^^^^^^^^^^^^^^

warning: missing documentation for a struct field
    --> crates/borsuk/src/hierarchical_semantic_cells.rs:1322:5
     |
1322 |     pub dimensions: usize,
     |     ^^^^^^^^^^^^^^^^^^^^^

warning: missing documentation for a struct field
    --> crates/borsuk/src/hierarchical_semantic_cells.rs:1323:5
     |
1323 |     pub cells: usize,
     |     ^^^^^^^^^^^^^^^^

warning: missing documentation for a struct field
    --> crates/borsuk/src/hierarchical_semantic_cells.rs:1324:5
     |
1324 |     pub directory_admission: DirectoryAdmission,
     |     ^^^^^^^^^^^^^^^^^^^^^^^^^^^^^^^^^^^^^^^^^^^

warning: missing documentation for a struct field
    --> crates/borsuk/src/hierarchical_semantic_cells.rs:1325:5
     |
1325 |     pub modeled_metadata_payload_bytes: usize,
     |     ^^^^^^^^^^^^^^^^^^^^^^^^^^^^^^^^^^^^^^^^^

warning: missing documentation for an enum
  --> crates/borsuk/src/object_native_generation.rs:46:1
   |
46 | pub enum ObjectNativeOpenError {
   | ^^^^^^^^^^^^^^^^^^^^^^^^^^^^^^

warning: missing documentation for a variant
  --> crates/borsuk/src/object_native_generation.rs:47:5
   |
47 |     Io(std::io::Error),
   |     ^^

warning: missing documentation for a variant
  --> crates/borsuk/src/object_native_generation.rs:48:5
   |
48 |     Store(object_store::Error),
   |     ^^^^^

warning: missing documentation for a variant
  --> crates/borsuk/src/object_native_generation.rs:49:5
   |
49 |     Invalid(&'static str),
   |     ^^^^^^^

warning: missing documentation for a variant
  --> crates/borsuk/src/object_native_generation.rs:50:5
   |
50 |     HashMismatch(&'static str),
   |     ^^^^^^^^^^^^

warning: missing documentation for a variant
  --> crates/borsuk/src/object_native_generation.rs:51:5
   |
51 |     Router(RouterArtifactError),
   |     ^^^^^^

warning: missing documentation for a variant
  --> crates/borsuk/src/object_native_generation.rs:52:5
   |
52 |     Page(PageError),
   |     ^^^^

warning: missing documentation for a variant
  --> crates/borsuk/src/object_native_generation.rs:53:5
   |
53 |     Centroid(UnitCentroidError),
   |     ^^^^^^^^

warning: missing documentation for a variant
  --> crates/borsuk/src/object_native_generation.rs:54:5
   |
54 |     Graph(UnitCentroidGraphError),
   |     ^^^^^

warning: missing documentation for an enum
  --> crates/borsuk/src/object_native_generation.rs:58:1
   |
58 | pub enum ObjectNativePlanError {
   | ^^^^^^^^^^^^^^^^^^^^^^^^^^^^^^

warning: missing documentation for a variant
  --> crates/borsuk/src/object_native_generation.rs:59:5
   |
59 |     Router(Pq64Error),
   |     ^^^^^^

warning: missing documentation for a variant
  --> crates/borsuk/src/object_native_generation.rs:60:5
   |
60 |     Graph(UnitCentroidGraphError),
   |     ^^^^^

warning: missing documentation for a variant
  --> crates/borsuk/src/object_native_generation.rs:61:5
   |
61 |     Centroid(UnitCentroidError),
   |     ^^^^^^^^

warning: missing documentation for a variant
  --> crates/borsuk/src/object_native_generation.rs:62:5
   |
62 |     Budget(BudgetedPageError),
   |     ^^^^^^

warning: missing documentation for a variant
  --> crates/borsuk/src/object_native_generation.rs:63:5
   |
63 |     Arithmetic,
   |     ^^^^^^^^^^

warning: missing documentation for an enum
  --> crates/borsuk/src/object_native_generation.rs:67:1
   |
67 | pub enum ObjectNativeSearchError {
   | ^^^^^^^^^^^^^^^^^^^^^^^^^^^^^^^^

warning: missing documentation for a variant
  --> crates/borsuk/src/object_native_generation.rs:68:5
   |
68 |     Plan(ObjectNativePlanError),
   |     ^^^^

warning: missing documentation for a variant
  --> crates/borsuk/src/object_native_generation.rs:69:5
   |
69 |     Read(RankedSq8Failure),
   |     ^^^^

warning: missing documentation for a struct
  --> crates/borsuk/src/object_native_generation.rs:72:1
   |
72 | pub struct ObjectNativeSearchResult {
   | ^^^^^^^^^^^^^^^^^^^^^^^^^^^^^^^^^^^

warning: missing documentation for a struct field
  --> crates/borsuk/src/object_native_generation.rs:73:5
   |
73 |     pub plan: BudgetedPagePlan,
   |     ^^^^^^^^^^^^^^^^^^^^^^^^^^

warning: missing documentation for a struct field
  --> crates/borsuk/src/object_native_generation.rs:74:5
   |
74 |     pub ranked: RankedSq8,
   |     ^^^^^^^^^^^^^^^^^^^^^

warning: missing documentation for a struct field
   --> crates/borsuk/src/object_native_generation.rs:100:5
    |
100 |     pub max_memory_bytes: u64,
    |     ^^^^^^^^^^^^^^^^^^^^^^^^^

warning: missing documentation for a struct field
   --> crates/borsuk/src/object_native_generation.rs:101:5
    |
101 |     pub max_active_queries: u64,
    |     ^^^^^^^^^^^^^^^^^^^^^^^^^^^

warning: missing documentation for a struct field
   --> crates/borsuk/src/object_native_generation.rs:102:5
    |
102 |     pub max_query_bytes: u64,
    |     ^^^^^^^^^^^^^^^^^^^^^^^^

warning: missing documentation for a struct field
   --> crates/borsuk/src/object_native_generation.rs:103:5
    |
103 |     pub max_query_gets: usize,
    |     ^^^^^^^^^^^^^^^^^^^^^^^^^

warning: missing documentation for a struct field
   --> crates/borsuk/src/object_native_generation.rs:104:5
    |
104 |     pub max_parallel_gets: usize,
    |     ^^^^^^^^^^^^^^^^^^^^^^^^^^^^

warning: missing documentation for a struct field
   --> crates/borsuk/src/object_native_generation.rs:105:5
    |
105 |     pub max_router_regions: usize,
    |     ^^^^^^^^^^^^^^^^^^^^^^^^^^^^^

warning: missing documentation for a struct field
   --> crates/borsuk/src/object_native_generation.rs:106:5
    |
106 |     pub max_router_shortlist: usize,
    |     ^^^^^^^^^^^^^^^^^^^^^^^^^^^^^^^

warning: missing documentation for a struct field
   --> crates/borsuk/src/object_native_generation.rs:107:5
    |
107 |     pub already_pinned_bytes: u64,
    |     ^^^^^^^^^^^^^^^^^^^^^^^^^^^^^

warning: missing documentation for a method
   --> crates/borsuk/src/object_native_generation.rs:880:5
    |
880 |     pub fn router(&self) -> &SourceRouterArtifact {
    |     ^^^^^^^^^^^^^^^^^^^^^^^^^^^^^^^^^^^^^^^^^^^^^

warning: missing documentation for a method
   --> crates/borsuk/src/object_native_generation.rs:883:5
    |
883 |     pub fn pages(&self) -> &PageAuthority {
    |     ^^^^^^^^^^^^^^^^^^^^^^^^^^^^^^^^^^^^^

warning: missing documentation for a method
   --> crates/borsuk/src/object_native_generation.rs:886:5
    |
886 |     pub fn centroids(&self) -> &UnitCentroidPages {
    |     ^^^^^^^^^^^^^^^^^^^^^^^^^^^^^^^^^^^^^^^^^^^^^

warning: missing documentation for a method
   --> crates/borsuk/src/object_native_generation.rs:889:5
    |
889 |     pub fn graph(&self) -> &UnitCentroidGraph {
    |     ^^^^^^^^^^^^^^^^^^^^^^^^^^^^^^^^^^^^^^^^^

warning: missing documentation for a method
   --> crates/borsuk/src/object_native_generation.rs:892:5
    |
892 |     pub fn object_key(&self) -> &ObjectPath {
    |     ^^^^^^^^^^^^^^^^^^^^^^^^^^^^^^^^^^^^^^^

warning: missing documentation for a method
   --> crates/borsuk/src/object_native_generation.rs:895:5
    |
895 |     pub fn etag(&self) -> &str {
    |     ^^^^^^^^^^^^^^^^^^^^^^^^^^

warning: missing documentation for a variant
  --> crates/borsuk/src/pq64_nominee.rs:10:5
   |
10 |     InvalidGeometry,
   |     ^^^^^^^^^^^^^^^

warning: missing documentation for a variant
  --> crates/borsuk/src/pq64_nominee.rs:11:5
   |
11 |     InvalidPlane,
   |     ^^^^^^^^^^^^

warning: missing documentation for a variant
  --> crates/borsuk/src/pq64_nominee.rs:12:5
   |
12 |     InvalidQuery,
   |     ^^^^^^^^^^^^

warning: missing documentation for a variant
  --> crates/borsuk/src/pq64_nominee.rs:13:5
   |
13 |     InvalidRequest,
   |     ^^^^^^^^^^^^^^

warning: missing documentation for an associated function
  --> crates/borsuk/src/pq64_nominee.rs:81:5
   |
81 |     pub fn new(rows: usize, dimensions: usize, books: Vec<f32>, codes: Vec<u8>) -> Result<Self, Pq64Error> {
   |     ^^^^^^^^^^^^^^^^^^^^^^^^^^^^^^^^^^^^^^^^^^^^^^^^^^^^^^^^^^^^^^^^^^^^^^^^^^^^^^^^^^^^^^^^^^^^^^^^^^^^^^

warning: missing documentation for a method
  --> crates/borsuk/src/pq64_nominee.rs:98:5
   |
98 |     pub fn rows(&self) -> usize { self.router.rows }
   |     ^^^^^^^^^^^^^^^^^^^^^^^^^^^

warning: missing documentation for a method
  --> crates/borsuk/src/pq64_nominee.rs:99:5
   |
99 |     pub fn dimensions(&self) -> usize { self.router.dimensions }
   |     ^^^^^^^^^^^^^^^^^^^^^^^^^^^^^^^^^

warning: missing documentation for a method
   --> crates/borsuk/src/pq64_nominee.rs:100:5
    |
100 |     pub fn prepare_query(&self, query: &[f32]) -> Result<Pq64CosinePreparedQuery<'_>, Pq64Error> {
    |     ^^^^^^^^^^^^^^^^^^^^^^^^^^^^^^^^^^^^^^^^^^^^^^^^^^^^^^^^^^^^^^^^^^^^^^^^^^^^^^^^^^^^^^^^^^^^

warning: missing documentation for a method
   --> crates/borsuk/src/pq64_nominee.rs:104:5
    |
104 |     pub fn resident_bytes(&self) -> usize {
    |     ^^^^^^^^^^^^^^^^^^^^^^^^^^^^^^^^^^^^^

warning: missing documentation for a method
   --> crates/borsuk/src/pq64_nominee.rs:314:5
    |
314 |     pub fn rows(&self) -> usize {
    |     ^^^^^^^^^^^^^^^^^^^^^^^^^^^

warning: missing documentation for a method
   --> crates/borsuk/src/pq64_nominee.rs:317:5
    |
317 |     pub fn dimensions(&self) -> usize {
    |     ^^^^^^^^^^^^^^^^^^^^^^^^^^^^^^^^^

warning: missing documentation for a method
   --> crates/borsuk/src/pq64_nominee.rs:320:5
    |
320 |     pub fn page_rows(&self) -> usize {
    |     ^^^^^^^^^^^^^^^^^^^^^^^^^^^^^^^^

warning: missing documentation for a method
   --> crates/borsuk/src/pq64_nominee.rs:323:5
    |
323 |     pub fn blocks_per_page(&self) -> usize {
    |     ^^^^^^^^^^^^^^^^^^^^^^^^^^^^^^^^^^^^^^

warning: missing documentation for a constant
 --> crates/borsuk/src/pq_residual_four_bit.rs:5:1
  |
5 | pub const CODEC: &str = "borsuk-pq64-residual4-original-norm-v1";
  | ^^^^^^^^^^^^^^^^^^^^^

warning: missing documentation for a constant
 --> crates/borsuk/src/pq_residual_four_bit.rs:6:1
  |
6 | pub const TRAINER: &str = "extrema-f64-endpoint256-even-dp16-nearest-lowest-v1";
  | ^^^^^^^^^^^^^^^^^^^^^^^

warning: missing documentation for an associated function
  --> crates/borsuk/src/pq_residual_four_bit.rs:22:5
   |
22 |     pub fn new(low: f32, high: f32) -> Result<Self> {
   |     ^^^^^^^^^^^^^^^^^^^^^^^^^^^^^^^^^^^^^^^^^^^^^^^

warning: missing documentation for a method
  --> crates/borsuk/src/pq_residual_four_bit.rs:28:5
   |
28 |     pub fn bin(self, residual: f32) -> Result<u8> {
   |     ^^^^^^^^^^^^^^^^^^^^^^^^^^^^^^^^^^^^^^^^^^^^^

warning: missing documentation for a method
  --> crates/borsuk/src/pq_residual_four_bit.rs:40:5
   |
40 |     pub fn center(self, bin: f32) -> Result<f32> {
   |     ^^^^^^^^^^^^^^^^^^^^^^^^^^^^^^^^^^^^^^^^^^^^

warning: missing documentation for an associated function
   --> crates/borsuk/src/pq_residual_four_bit.rs:122:5
    |
122 |     pub fn new(binding: [u8; 32], centers: Vec<[f32; 16]>, counts: Vec<u8>) -> Result<Self> {
    |     ^^^^^^^^^^^^^^^^^^^^^^^^^^^^^^^^^^^^^^^^^^^^^^^^^^^^^^^^^^^^^^^^^^^^^^^^^^^^^^^^^^^^^^^

warning: missing documentation for a method
   --> crates/borsuk/src/pq_residual_four_bit.rs:146:5
    |
146 |     pub fn dimensions(&self) -> usize {
    |     ^^^^^^^^^^^^^^^^^^^^^^^^^^^^^^^^^

warning: missing documentation for a method
   --> crates/borsuk/src/pq_residual_four_bit.rs:149:5
    |
149 |     pub fn row_bytes(&self) -> usize {
    |     ^^^^^^^^^^^^^^^^^^^^^^^^^^^^^^^^

warning: missing documentation for a method
   --> crates/borsuk/src/pq_residual_four_bit.rs:152:5
    |
152 |     pub fn retained_bytes(&self) -> usize {
    |     ^^^^^^^^^^^^^^^^^^^^^^^^^^^^^^^^^^^^^

warning: missing documentation for a method
   --> crates/borsuk/src/pq_residual_four_bit.rs:155:5
    |
155 |     pub fn to_bytes(&self) -> Vec<u8> {
    |     ^^^^^^^^^^^^^^^^^^^^^^^^^^^^^^^^^

warning: missing documentation for an associated function
   --> crates/borsuk/src/pq_residual_four_bit.rs:169:5
    |
169 |     pub fn from_bytes(body: &[u8], binding: [u8; 32], sha: [u8; 32], cap: usize) -> Result<Self> {
    |     ^^^^^^^^^^^^^^^^^^^^^^^^^^^^^^^^^^^^^^^^^^^^^^^^^^^^^^^^^^^^^^^^^^^^^^^^^^^^^^^^^^^^^^^^^^^^

warning: missing documentation for a method
   --> crates/borsuk/src/pq_residual_four_bit.rs:197:5
    |
197 | /     pub fn encode(
198 | |         &self,
199 | |         row: &[u8],
200 | |         predictor: &[f32],
...   |
203 | |         out: &mut [u8],
204 | |     ) -> Result<()> {
    | |___________________^

warning: missing documentation for a method
   --> crates/borsuk/src/pq_residual_four_bit.rs:224:5
    |
224 |     pub fn prepare_query(&self, query: &[f32]) -> Result<PreparedQuery> {
    |     ^^^^^^^^^^^^^^^^^^^^^^^^^^^^^^^^^^^^^^^^^^^^^^^^^^^^^^^^^^^^^^^^^^^

warning: missing documentation for a struct
   --> crates/borsuk/src/pq_residual_four_bit.rs:237:1
    |
237 | pub struct PreparedQuery {
    | ^^^^^^^^^^^^^^^^^^^^^^^^

warning: missing documentation for a constant
  --> crates/borsuk/src/fine_sq8_groups.rs:27:1
   |
27 | pub const BUILD_SCHEMA: &str = "borsuk-fine-sq8-build-v1";
   | ^^^^^^^^^^^^^^^^^^^^^^^^^^^^

warning: missing documentation for a constant
  --> crates/borsuk/src/fine_sq8_groups.rs:31:1
   |
31 | pub const SCHEMA: &str = "borsuk-fine-sq8-v1";
   | ^^^^^^^^^^^^^^^^^^^^^^

warning: missing documentation for a constant
  --> crates/borsuk/src/fine_sq8_groups.rs:32:1
   |
32 | pub const GROUP_ROWS: usize = 16;
   | ^^^^^^^^^^^^^^^^^^^^^^^^^^^

warning: missing documentation for a constant
  --> crates/borsuk/src/fine_sq8_groups.rs:33:1
   |
33 | pub const MAX_GETS: usize = 256;
   | ^^^^^^^^^^^^^^^^^^^^^^^^^

warning: missing documentation for a constant
  --> crates/borsuk/src/fine_sq8_groups.rs:34:1
   |
34 | pub const MAX_BYTES: usize = 16 * 1024 * 1024;
   | ^^^^^^^^^^^^^^^^^^^^^^^^^^

warning: missing documentation for a struct
  --> crates/borsuk/src/fine_sq8_groups.rs:89:1
   |
89 | pub struct FineBuildReceipt {
   | ^^^^^^^^^^^^^^^^^^^^^^^^^^^

warning: missing documentation for a struct field
  --> crates/borsuk/src/fine_sq8_groups.rs:90:5
   |
90 |     pub modeled_build_payload_bytes: usize,
   |     ^^^^^^^^^^^^^^^^^^^^^^^^^^^^^^^^^^^^^^

warning: missing documentation for a struct field
  --> crates/borsuk/src/fine_sq8_groups.rs:91:5
   |
91 |     pub modeled_output_and_staging_bytes: usize,
   |     ^^^^^^^^^^^^^^^^^^^^^^^^^^^^^^^^^^^^^^^^^^^

warning: missing documentation for a struct field
  --> crates/borsuk/src/fine_sq8_groups.rs:92:5
   |
92 |     pub actual_graph_capacity_bytes: usize,
   |     ^^^^^^^^^^^^^^^^^^^^^^^^^^^^^^^^^^^^^^

warning: missing documentation for a struct field
  --> crates/borsuk/src/fine_sq8_groups.rs:93:5
   |
93 |     pub construction_graph_capacity_bytes: usize,
   |     ^^^^^^^^^^^^^^^^^^^^^^^^^^^^^^^^^^^^^^^^^^^^

warning: missing documentation for a struct field
  --> crates/borsuk/src/fine_sq8_groups.rs:94:5
   |
94 |     pub actual_pq_capacity_bytes: usize,
   |     ^^^^^^^^^^^^^^^^^^^^^^^^^^^^^^^^^^^

warning: missing documentation for a struct field
  --> crates/borsuk/src/fine_sq8_groups.rs:95:5
   |
95 |     pub source_rows: usize,
   |     ^^^^^^^^^^^^^^^^^^^^^^

warning: missing documentation for a struct field
  --> crates/borsuk/src/fine_sq8_groups.rs:96:5
   |
96 |     pub sq8_body_bytes: usize,
   |     ^^^^^^^^^^^^^^^^^^^^^^^^^

warning: missing documentation for a struct
   --> crates/borsuk/src/fine_sq8_groups.rs:113:1
    |
113 | pub struct FineBuildConfig {
    | ^^^^^^^^^^^^^^^^^^^^^^^^^^

warning: missing documentation for a struct field
   --> crates/borsuk/src/fine_sq8_groups.rs:114:5
    |
114 |     pub schema: String,
    |     ^^^^^^^^^^^^^^^^^^

warning: missing documentation for a struct field
   --> crates/borsuk/src/fine_sq8_groups.rs:115:5
    |
115 |     pub primary_root: Artifact,
    |     ^^^^^^^^^^^^^^^^^^^^^^^^^^

warning: missing documentation for a struct field
   --> crates/borsuk/src/fine_sq8_groups.rs:116:5
    |
116 |     pub max_build_payload_bytes: usize,
    |     ^^^^^^^^^^^^^^^^^^^^^^^^^^^^^^^^^^

warning: missing documentation for a struct field
   --> crates/borsuk/src/fine_sq8_groups.rs:117:5
    |
117 |     pub max_output_bytes: usize,
    |     ^^^^^^^^^^^^^^^^^^^^^^^^^^^

warning: missing documentation for a struct field
   --> crates/borsuk/src/fine_sq8_groups.rs:124:5
    |
124 |     pub max_peak_payload_bytes: usize,
    |     ^^^^^^^^^^^^^^^^^^^^^^^^^^^^^^^^^

warning: missing documentation for a struct field
   --> crates/borsuk/src/fine_sq8_groups.rs:125:5
    |
125 |     pub pinned_generation_bytes: usize,
    |     ^^^^^^^^^^^^^^^^^^^^^^^^^^^^^^^^^^

warning: missing documentation for a struct field
   --> crates/borsuk/src/fine_sq8_groups.rs:126:5
    |
126 |     pub active_queries: usize,
    |     ^^^^^^^^^^^^^^^^^^^^^^^^^

warning: missing documentation for a struct field
   --> crates/borsuk/src/fine_sq8_groups.rs:127:5
    |
127 |     pub delta_bytes: usize,
    |     ^^^^^^^^^^^^^^^^^^^^^^

warning: missing documentation for a struct field
   --> crates/borsuk/src/fine_sq8_groups.rs:128:5
    |
128 |     pub maintenance_bytes: usize,
    |     ^^^^^^^^^^^^^^^^^^^^^^^^^^^^

warning: missing documentation for a struct field
   --> crates/borsuk/src/fine_sq8_groups.rs:129:5
    |
129 |     pub runtime_bytes: usize,
    |     ^^^^^^^^^^^^^^^^^^^^^^^^

warning: missing documentation for a struct
   --> crates/borsuk/src/fine_sq8_groups.rs:133:1
    |
133 | pub struct ResourceReceipt {
    | ^^^^^^^^^^^^^^^^^^^^^^^^^^

warning: missing documentation for a struct field
   --> crates/borsuk/src/fine_sq8_groups.rs:134:5
    |
134 |     pub graph_capacity_bytes: usize,
    |     ^^^^^^^^^^^^^^^^^^^^^^^^^^^^^^^

warning: missing documentation for a struct field
   --> crates/borsuk/src/fine_sq8_groups.rs:135:5
    |
135 |     pub pq_capacity_bytes: usize,
    |     ^^^^^^^^^^^^^^^^^^^^^^^^^^^^

warning: missing documentation for a struct field
   --> crates/borsuk/src/fine_sq8_groups.rs:136:5
    |
136 |     pub map_capacity_bytes: usize,
    |     ^^^^^^^^^^^^^^^^^^^^^^^^^^^^^

warning: missing documentation for a struct field
   --> crates/borsuk/src/fine_sq8_groups.rs:137:5
    |
137 |     pub group_hash_bytes: usize,
    |     ^^^^^^^^^^^^^^^^^^^^^^^^^^^

warning: missing documentation for a struct field
   --> crates/borsuk/src/fine_sq8_groups.rs:138:5
    |
138 |     pub resident_bytes: usize,
    |     ^^^^^^^^^^^^^^^^^^^^^^^^^

warning: missing documentation for a struct field
   --> crates/borsuk/src/fine_sq8_groups.rs:139:5
    |
139 |     pub workspace_bytes_per_query: usize,
    |     ^^^^^^^^^^^^^^^^^^^^^^^^^^^^^^^^^^^^

warning: missing documentation for a struct field
   --> crates/borsuk/src/fine_sq8_groups.rs:140:5
    |
140 |     pub query_payload_bytes: usize,
    |     ^^^^^^^^^^^^^^^^^^^^^^^^^^^^^^

warning: missing documentation for a struct field
   --> crates/borsuk/src/fine_sq8_groups.rs:141:5
    |
141 |     pub startup_transient_bytes: usize,
    |     ^^^^^^^^^^^^^^^^^^^^^^^^^^^^^^^^^^

warning: missing documentation for a struct field
   --> crates/borsuk/src/fine_sq8_groups.rs:142:5
    |
142 |     pub admitted_peak_bytes: usize,
    |     ^^^^^^^^^^^^^^^^^^^^^^^^^^^^^^

warning: missing documentation for a struct
   --> crates/borsuk/src/fine_sq8_groups.rs:318:1
    |
318 | pub struct FineSq8Index {
    | ^^^^^^^^^^^^^^^^^^^^^^^

warning: missing documentation for a struct field
   --> crates/borsuk/src/fine_sq8_groups.rs:327:5
    |
327 |     pub resources: ResourceReceipt,
    |     ^^^^^^^^^^^^^^^^^^^^^^^^^^^^^^

warning: missing documentation for a method
   --> crates/borsuk/src/fine_sq8_groups.rs:653:5
    |
653 |     pub fn rows(&self) -> usize {
    |     ^^^^^^^^^^^^^^^^^^^^^^^^^^^

warning: missing documentation for a method
   --> crates/borsuk/src/fine_sq8_groups.rs:656:5
    |
656 |     pub fn dimensions(&self) -> usize {
    |     ^^^^^^^^^^^^^^^^^^^^^^^^^^^^^^^^^

warning: missing documentation for a method
   --> crates/borsuk/src/fine_sq8_groups.rs:659:5
    |
659 |     pub fn root_sha256(&self) -> &str {
    |     ^^^^^^^^^^^^^^^^^^^^^^^^^^^^^^^^^

warning: missing documentation for a method
   --> crates/borsuk/src/fine_sq8_groups.rs:662:5
    |
662 |     pub fn build_receipt(&self) -> &FineBuildReceipt {
    |     ^^^^^^^^^^^^^^^^^^^^^^^^^^^^^^^^^^^^^^^^^^^^^^^^

warning: missing documentation for a method
   --> crates/borsuk/src/fine_sq8_groups.rs:665:5
    |
665 |     pub fn new_workspace(&self) -> Result<GraphSearchWorkspace> {
    |     ^^^^^^^^^^^^^^^^^^^^^^^^^^^^^^^^^^^^^^^^^^^^^^^^^^^^^^^^^^^

warning: missing documentation for a method
   --> crates/borsuk/src/fine_sq8_groups.rs:668:5
    |
668 | /     pub fn plan(
669 | |         &self,
670 | |         query: &[f32],
671 | |         workspace: &mut GraphSearchWorkspace,
672 | |     ) -> Result<FineFetchPlan> {
    | |______________________________^

warning: missing documentation for a method
   --> crates/borsuk/src/fine_sq8_groups.rs:730:5
    |
730 | /     pub fn search(
731 | |         &self,
732 | |         plan: &FineFetchPlan,
733 | |         query: &[f32],
734 | |         k: usize,
735 | |     ) -> std::result::Result<FineSearchTrace, FineSearchFailure> {
    | |________________________________________________________________^

warning: missing documentation for a method
   --> crates/borsuk/src/fine_sq8_groups.rs:888:5
    |
888 |     pub fn feasible(&self) -> bool {
    |     ^^^^^^^^^^^^^^^^^^^^^^^^^^^^^^

warning: missing documentation for a method
   --> crates/borsuk/src/fine_sq8_groups.rs:891:5
    |
891 |     pub fn exhausted(&self) -> bool {
    |     ^^^^^^^^^^^^^^^^^^^^^^^^^^^^^^^

warning: missing documentation for a method
   --> crates/borsuk/src/fine_sq8_groups.rs:894:5
    |
894 |     pub fn nominees(&self) -> &[usize] {
    |     ^^^^^^^^^^^^^^^^^^^^^^^^^^^^^^^^^^

warning: missing documentation for a method
   --> crates/borsuk/src/fine_sq8_groups.rs:897:5
    |
897 |     pub fn ranges(&self) -> &[Range<usize>] {
    |     ^^^^^^^^^^^^^^^^^^^^^^^^^^^^^^^^^^^^^^^

warning: missing documentation for a method
   --> crates/borsuk/src/fine_sq8_groups.rs:900:5
    |
900 |     pub fn planned_bytes(&self) -> usize {
    |     ^^^^^^^^^^^^^^^^^^^^^^^^^^^^^^^^^^^^

warning: missing documentation for a struct
   --> crates/borsuk/src/fine_sq8_groups.rs:905:1
    |
905 | pub struct FineAccounting {
    | ^^^^^^^^^^^^^^^^^^^^^^^^^

warning: missing documentation for a struct field
   --> crates/borsuk/src/fine_sq8_groups.rs:906:5
    |
906 |     pub planned_bytes: usize,
    |     ^^^^^^^^^^^^^^^^^^^^^^^^

warning: missing documentation for a struct field
   --> crates/borsuk/src/fine_sq8_groups.rs:907:5
    |
907 |     pub attempted_gets: usize,
    |     ^^^^^^^^^^^^^^^^^^^^^^^^^

warning: missing documentation for a struct field
   --> crates/borsuk/src/fine_sq8_groups.rs:912:5
    |
912 |     pub verified_bytes: usize,
    |     ^^^^^^^^^^^^^^^^^^^^^^^^^

warning: missing documentation for a struct
   --> crates/borsuk/src/fine_sq8_groups.rs:946:1
    |
946 | pub struct FineSearchTrace {
    | ^^^^^^^^^^^^^^^^^^^^^^^^^^

warning: missing documentation for a struct field
   --> crates/borsuk/src/fine_sq8_groups.rs:947:5
    |
947 |     pub ranked: Vec<ScoredNominee>,
    |     ^^^^^^^^^^^^^^^^^^^^^^^^^^^^^^

warning: missing documentation for a struct field
   --> crates/borsuk/src/fine_sq8_groups.rs:948:5
    |
948 |     pub fetched_ids: Vec<i64>,
    |     ^^^^^^^^^^^^^^^^^^^^^^^^^

warning: missing documentation for a struct field
   --> crates/borsuk/src/fine_sq8_groups.rs:949:5
    |
949 |     pub nominee_ids: Vec<i64>,
    |     ^^^^^^^^^^^^^^^^^^^^^^^^^

warning: missing documentation for a struct field
   --> crates/borsuk/src/fine_sq8_groups.rs:950:5
    |
950 |     pub accounting: FineAccounting,
    |     ^^^^^^^^^^^^^^^^^^^^^^^^^^^^^^

warning: missing documentation for a struct
   --> crates/borsuk/src/fine_sq8_groups.rs:953:1
    |
953 | pub struct FineSearchFailure {
    | ^^^^^^^^^^^^^^^^^^^^^^^^^^^^

warning: missing documentation for a struct field
   --> crates/borsuk/src/fine_sq8_groups.rs:954:5
    |
954 |     pub error: String,
    |     ^^^^^^^^^^^^^^^^^

warning: missing documentation for a struct field
   --> crates/borsuk/src/fine_sq8_groups.rs:955:5
    |
955 |     pub accounting: FineAccounting,
    |     ^^^^^^^^^^^^^^^^^^^^^^^^^^^^^^

warning: missing documentation for an associated function
   --> crates/borsuk/src/fine_sq8_groups.rs:969:5
    |
969 |     pub fn new(index: Arc<FineSq8Index>) -> Self {
    |     ^^^^^^^^^^^^^^^^^^^^^^^^^^^^^^^^^^^^^^^^^^^^

warning: missing documentation for a method
    --> crates/borsuk/src/fine_sq8_groups.rs:1064:5
     |
1064 | /     pub fn plan(
1065 | |         &self,
1066 | |         query: &[f32],
1067 | |         workspace: &mut GraphSearchWorkspace,
1068 | |     ) -> Result<FineFetchPlan> {
     | |______________________________^

warning: missing documentation for a method
    --> crates/borsuk/src/fine_sq8_groups.rs:1074:5
     |
1074 | /     pub fn search(
1075 | |         &self,
1076 | |         plan: &FineFetchPlan,
1077 | |         query: &[f32],
1078 | |         k: usize,
1079 | |     ) -> std::result::Result<FineSearchTrace, FineSearchFailure> {
     | |________________________________________________________________^

warning: missing documentation for a constant
    --> crates/borsuk/src/fine_sq8_groups.rs:1725:5
     |
1725 |     pub const CONFIG_SCHEMA: &str = "borsuk-fine-pack-config-v1";
     |     ^^^^^^^^^^^^^^^^^^^^^^^^^^^^^

warning: missing documentation for a constant
    --> crates/borsuk/src/fine_sq8_groups.rs:1726:5
     |
1726 |     pub const REPORT_SCHEMA: &str = "borsuk-fine-pack-diagnostic-v1";
     |     ^^^^^^^^^^^^^^^^^^^^^^^^^^^^^

warning: missing documentation for a struct
    --> crates/borsuk/src/fine_sq8_groups.rs:1748:5
     |
1748 |     pub struct Panel {
     |     ^^^^^^^^^^^^^^^^

warning: missing documentation for a struct field
    --> crates/borsuk/src/fine_sq8_groups.rs:1749:9
     |
1749 |         pub dataset: String,
     |         ^^^^^^^^^^^^^^^^^^^

warning: missing documentation for a struct field
    --> crates/borsuk/src/fine_sq8_groups.rs:1750:9
     |
1750 |         pub root: Artifact,
     |         ^^^^^^^^^^^^^^^^^^

warning: missing documentation for a struct field
    --> crates/borsuk/src/fine_sq8_groups.rs:1751:9
     |
1751 |         pub graph: Artifact,
     |         ^^^^^^^^^^^^^^^^^^^

warning: missing documentation for a struct field
    --> crates/borsuk/src/fine_sq8_groups.rs:1752:9
     |
1752 |         pub identity: PqGraphIdentity,
     |         ^^^^^^^^^^^^^^^^^^^^^^^^^^^^^

warning: missing documentation for a struct
    --> crates/borsuk/src/fine_sq8_groups.rs:1756:5
     |
1756 |     pub struct Caps {
     |     ^^^^^^^^^^^^^^^

warning: missing documentation for a struct field
    --> crates/borsuk/src/fine_sq8_groups.rs:1757:9
     |
1757 |         pub memory_bytes: usize,
     |         ^^^^^^^^^^^^^^^^^^^^^^^

warning: missing documentation for a struct field
    --> crates/borsuk/src/fine_sq8_groups.rs:1758:9
     |
1758 |         pub output_bytes: usize,
     |         ^^^^^^^^^^^^^^^^^^^^^^^

warning: missing documentation for a struct field
    --> crates/borsuk/src/fine_sq8_groups.rs:1759:9
     |
1759 |         pub deadline_seconds: u64,
     |         ^^^^^^^^^^^^^^^^^^^^^^^^^

warning: missing documentation for a struct field
    --> crates/borsuk/src/fine_sq8_groups.rs:1760:9
     |
1760 |         pub operations: u64,
     |         ^^^^^^^^^^^^^^^^^^^

warning: missing documentation for a struct field
    --> crates/borsuk/src/fine_sq8_groups.rs:1761:9
     |
1761 |         pub cpu_threads: usize,
     |         ^^^^^^^^^^^^^^^^^^^^^^

warning: missing documentation for a struct field
    --> crates/borsuk/src/fine_sq8_groups.rs:1762:9
     |
1762 |         pub swap_bytes: usize,
     |         ^^^^^^^^^^^^^^^^^^^^^

warning: missing documentation for a struct
    --> crates/borsuk/src/fine_sq8_groups.rs:1766:5
     |
1766 |     pub struct Config {
     |     ^^^^^^^^^^^^^^^^^

warning: missing documentation for a struct field
    --> crates/borsuk/src/fine_sq8_groups.rs:1767:9
     |
1767 |         pub schema: String,
     |         ^^^^^^^^^^^^^^^^^^

warning: missing documentation for a struct field
    --> crates/borsuk/src/fine_sq8_groups.rs:1768:9
     |
1768 |         pub panels: [Panel; 2],
     |         ^^^^^^^^^^^^^^^^^^^^^^

warning: missing documentation for a struct field
    --> crates/borsuk/src/fine_sq8_groups.rs:1769:9
     |
1769 |         pub original_seal: Artifact,
     |         ^^^^^^^^^^^^^^^^^^^^^^^^^^^

warning: missing documentation for a struct field
    --> crates/borsuk/src/fine_sq8_groups.rs:1772:9
     |
1772 |         pub caps: Caps,
     |         ^^^^^^^^^^^^^^

warning: missing documentation for a struct
    --> crates/borsuk/src/fine_sq8_groups.rs:1776:5
     |
1776 |     pub struct SupervisorReceipt {
     |     ^^^^^^^^^^^^^^^^^^^^^^^^^^^^

warning: missing documentation for a struct field
    --> crates/borsuk/src/fine_sq8_groups.rs:1777:9
     |
1777 |         pub run_id: String,
     |         ^^^^^^^^^^^^^^^^^^

warning: missing documentation for a struct field
    --> crates/borsuk/src/fine_sq8_groups.rs:1778:9
     |
1778 |         pub config_sha256: String,
     |         ^^^^^^^^^^^^^^^^^^^^^^^^^

warning: missing documentation for a struct field
    --> crates/borsuk/src/fine_sq8_groups.rs:1779:9
     |
1779 |         pub report_sha256: String,
     |         ^^^^^^^^^^^^^^^^^^^^^^^^^

warning: missing documentation for a struct field
    --> crates/borsuk/src/fine_sq8_groups.rs:1780:9
     |
1780 |         pub process_exit_code: i32,
     |         ^^^^^^^^^^^^^^^^^^^^^^^^^^

warning: missing documentation for a struct field
    --> crates/borsuk/src/fine_sq8_groups.rs:1781:9
     |
1781 |         pub resource_limits_observed: bool,
     |         ^^^^^^^^^^^^^^^^^^^^^^^^^^^^^^^^^^

warning: missing documentation for a struct field
    --> crates/borsuk/src/fine_sq8_groups.rs:1782:9
     |
1782 |         pub drain_complete: bool,
     |         ^^^^^^^^^^^^^^^^^^^^^^^^

warning: missing documentation for a struct field
    --> crates/borsuk/src/fine_sq8_groups.rs:1783:9
     |
1783 |         pub cleanup_complete: bool,
     |         ^^^^^^^^^^^^^^^^^^^^^^^^^^

warning: missing documentation for a constant
    --> crates/borsuk/src/fine_sq8_groups.rs:2741:9
     |
2741 |         pub const CONFIG_SCHEMA: &str = "borsuk-fixed-sq4-config-v1";
     |         ^^^^^^^^^^^^^^^^^^^^^^^^^^^^^

warning: missing documentation for a constant
    --> crates/borsuk/src/fine_sq8_groups.rs:2742:9
     |
2742 |         pub const REPORT_SCHEMA: &str = "borsuk-fixed-sq4-report-v1";
     |         ^^^^^^^^^^^^^^^^^^^^^^^^^^^^^

warning: missing documentation for a struct
    --> crates/borsuk/src/fine_sq8_groups.rs:2769:9
     |
2769 |         pub struct Panel {
     |         ^^^^^^^^^^^^^^^^

warning: missing documentation for a struct field
    --> crates/borsuk/src/fine_sq8_groups.rs:2770:13
     |
2770 |             pub dataset: String,
     |             ^^^^^^^^^^^^^^^^^^^

warning: missing documentation for a struct field
    --> crates/borsuk/src/fine_sq8_groups.rs:2771:13
     |
2771 |             pub root: Artifact,
     |             ^^^^^^^^^^^^^^^^^^

warning: missing documentation for a struct field
    --> crates/borsuk/src/fine_sq8_groups.rs:2772:13
     |
2772 |             pub requests: Artifact,
     |             ^^^^^^^^^^^^^^^^^^^^^^

warning: missing documentation for a struct field
    --> crates/borsuk/src/fine_sq8_groups.rs:2773:13
     |
2773 |             pub truth: Artifact,
     |             ^^^^^^^^^^^^^^^^^^^

warning: missing documentation for a struct field
    --> crates/borsuk/src/fine_sq8_groups.rs:2774:13
     |
2774 |             pub truth_width: usize,
     |             ^^^^^^^^^^^^^^^^^^^^^^

warning: missing documentation for a struct
    --> crates/borsuk/src/fine_sq8_groups.rs:2778:9
     |
2778 |         pub struct Config {
     |         ^^^^^^^^^^^^^^^^^

warning: missing documentation for a struct field
    --> crates/borsuk/src/fine_sq8_groups.rs:2779:13
     |
2779 |             pub schema: String,
     |             ^^^^^^^^^^^^^^^^^^

warning: missing documentation for a struct field
    --> crates/borsuk/src/fine_sq8_groups.rs:2780:13
     |
2780 |             pub source_identity_sha256: String,
     |             ^^^^^^^^^^^^^^^^^^^^^^^^^^^^^^^^^^

warning: missing documentation for a struct field
    --> crates/borsuk/src/fine_sq8_groups.rs:2781:13
     |
2781 |             pub panels: [Panel; 2],
     |             ^^^^^^^^^^^^^^^^^^^^^^

warning: missing documentation for a struct field
    --> crates/borsuk/src/fine_sq8_groups.rs:2782:13
     |
2782 |             pub original_seal: Artifact,
     |             ^^^^^^^^^^^^^^^^^^^^^^^^^^^

warning: missing documentation for a struct field
    --> crates/borsuk/src/fine_sq8_groups.rs:2783:13
     |
2783 |             pub prefix: Artifact,
     |             ^^^^^^^^^^^^^^^^^^^^

warning: missing documentation for a struct field
    --> crates/borsuk/src/fine_sq8_groups.rs:2784:13
     |
2784 |             pub caps: Caps,
     |             ^^^^^^^^^^^^^^

warning: missing documentation for a constant
    --> crates/borsuk/src/fine_sq8_groups.rs:3088:13
     |
3088 |             pub const CONFIG_SCHEMA: &str = "borsuk-corrected-four-bit-config-v1";
     |             ^^^^^^^^^^^^^^^^^^^^^^^^^^^^^

warning: missing documentation for a constant
    --> crates/borsuk/src/fine_sq8_groups.rs:3089:13
     |
3089 |             pub const REPORT_SCHEMA: &str = "borsuk-corrected-four-bit-report-v1";
     |             ^^^^^^^^^^^^^^^^^^^^^^^^^^^^^

warning: missing documentation for a constant
    --> crates/borsuk/src/fine_sq8_groups.rs:3090:13
     |
3090 |             pub const ROOT_SCHEMA: &str = "borsuk-corrected-four-bit-generation-v1";
     |             ^^^^^^^^^^^^^^^^^^^^^^^^^^^

warning: missing documentation for a constant
    --> crates/borsuk/src/fine_sq8_groups.rs:3091:13
     |
3091 |             pub const CODEC: &str = codec::CODEC;
     |             ^^^^^^^^^^^^^^^^^^^^^

warning: missing documentation for a struct
    --> crates/borsuk/src/fine_sq8_groups.rs:3096:13
     |
3096 |             pub struct Config {
     |             ^^^^^^^^^^^^^^^^^

warning: missing documentation for a struct field
    --> crates/borsuk/src/fine_sq8_groups.rs:3097:17
     |
3097 |                 pub schema: String,
     |                 ^^^^^^^^^^^^^^^^^^

warning: missing documentation for a struct field
    --> crates/borsuk/src/fine_sq8_groups.rs:3098:17
     |
3098 |                 pub source_identity_sha256: String,
     |                 ^^^^^^^^^^^^^^^^^^^^^^^^^^^^^^^^^^

warning: missing documentation for a struct field
    --> crates/borsuk/src/fine_sq8_groups.rs:3099:17
     |
3099 |                 pub panels: [Panel; 2],
     |                 ^^^^^^^^^^^^^^^^^^^^^^

warning: missing documentation for a struct field
    --> crates/borsuk/src/fine_sq8_groups.rs:3100:17
     |
3100 |                 pub original_seal: Artifact,
     |                 ^^^^^^^^^^^^^^^^^^^^^^^^^^^

warning: missing documentation for a struct field
    --> crates/borsuk/src/fine_sq8_groups.rs:3101:17
     |
3101 |                 pub prefix: Artifact,
     |                 ^^^^^^^^^^^^^^^^^^^^

warning: missing documentation for a struct field
    --> crates/borsuk/src/fine_sq8_groups.rs:3102:17
     |
3102 |                 pub caps: Caps,
     |                 ^^^^^^^^^^^^^^

warning: missing documentation for a struct field
    --> crates/borsuk/src/fine_sq8_groups.rs:3103:17
     |
3103 |                 pub rotation_seed: [u8; 32],
     |                 ^^^^^^^^^^^^^^^^^^^^^^^^^^^

warning: missing documentation for a function
    --> crates/borsuk/src/fine_sq8_groups.rs:3134:13
     |
3134 |             pub fn source_identity() -> String {
     |             ^^^^^^^^^^^^^^^^^^^^^^^^^^^^^^^^^^

warning: missing documentation for a function
    --> crates/borsuk/src/fine_sq8_groups.rs:4075:13
     |
4075 |             pub fn check_fine_corrected_four_bit(path: &Path, sha: &str, output: &Path) -> Result<()> {
     |             ^^^^^^^^^^^^^^^^^^^^^^^^^^^^^^^^^^^^^^^^^^^^^^^^^^^^^^^^^^^^^^^^^^^^^^^^^^^^^^^^^^^^^^^^^

warning: missing documentation for a function
    --> crates/borsuk/src/fine_sq8_groups.rs:4164:13
     |
4164 |             pub fn admit_survival(body: &[u8], run_id: &str, receipt: &SupervisorReceipt) -> Result<()> {
     |             ^^^^^^^^^^^^^^^^^^^^^^^^^^^^^^^^^^^^^^^^^^^^^^^^^^^^^^^^^^^^^^^^^^^^^^^^^^^^^^^^^^^^^^^^^^^

warning: missing documentation for a constant
    --> crates/borsuk/src/fine_sq8_groups.rs:4202:13
     |
4202 |             pub const CONFIG_SCHEMA: &str = "borsuk-pq-residual-source-config-v1";
     |             ^^^^^^^^^^^^^^^^^^^^^^^^^^^^^

warning: missing documentation for a constant
    --> crates/borsuk/src/fine_sq8_groups.rs:4203:13
     |
4203 |             pub const REPORT_SCHEMA: &str = "borsuk-pq-residual-source-report-v1";
     |             ^^^^^^^^^^^^^^^^^^^^^^^^^^^^^

warning: missing documentation for a constant
    --> crates/borsuk/src/fine_sq8_groups.rs:4204:13
     |
4204 |             pub const ROOT_SCHEMA: &str = "borsuk-pq-residual-source-generation-v1";
     |             ^^^^^^^^^^^^^^^^^^^^^^^^^^^

warning: missing documentation for a constant
    --> crates/borsuk/src/fine_sq8_groups.rs:4205:13
     |
4205 |             pub const CODEC: &str = codec::CODEC;
     |             ^^^^^^^^^^^^^^^^^^^^^

warning: missing documentation for a struct
    --> crates/borsuk/src/fine_sq8_groups.rs:4212:13
     |
4212 |             pub struct Panel {
     |             ^^^^^^^^^^^^^^^^

warning: missing documentation for a struct field
    --> crates/borsuk/src/fine_sq8_groups.rs:4213:17
     |
4213 |                 pub dataset: String,
     |                 ^^^^^^^^^^^^^^^^^^^

warning: missing documentation for a struct field
    --> crates/borsuk/src/fine_sq8_groups.rs:4214:17
     |
4214 |                 pub root: Artifact,
     |                 ^^^^^^^^^^^^^^^^^^

warning: missing documentation for a struct
    --> crates/borsuk/src/fine_sq8_groups.rs:4218:13
     |
4218 |             pub struct Config {
     |             ^^^^^^^^^^^^^^^^^

warning: missing documentation for a struct field
    --> crates/borsuk/src/fine_sq8_groups.rs:4219:17
     |
4219 |                 pub schema: String,
     |                 ^^^^^^^^^^^^^^^^^^

warning: missing documentation for a struct field
    --> crates/borsuk/src/fine_sq8_groups.rs:4220:17
     |
4220 |                 pub source_identity_sha256: String,
     |                 ^^^^^^^^^^^^^^^^^^^^^^^^^^^^^^^^^^

warning: missing documentation for a struct field
    --> crates/borsuk/src/fine_sq8_groups.rs:4221:17
     |
4221 |                 pub panels: [Panel; 2],
     |                 ^^^^^^^^^^^^^^^^^^^^^^

warning: missing documentation for a struct field
    --> crates/borsuk/src/fine_sq8_groups.rs:4222:17
     |
4222 |                 pub original_seal: Artifact,
     |                 ^^^^^^^^^^^^^^^^^^^^^^^^^^^

warning: missing documentation for a struct field
    --> crates/borsuk/src/fine_sq8_groups.rs:4223:17
     |
4223 |                 pub caps: Caps,
     |                 ^^^^^^^^^^^^^^

warning: missing documentation for a struct field
    --> crates/borsuk/src/fine_sq8_groups.rs:4224:17
     |
4224 |                 pub scratch_bytes: usize,
     |                 ^^^^^^^^^^^^^^^^^^^^^^^^

warning: missing documentation for a function
    --> crates/borsuk/src/fine_sq8_groups.rs:4247:13
     |
4247 |             pub fn source_identity() -> String {
     |             ^^^^^^^^^^^^^^^^^^^^^^^^^^^^^^^^^^

warning: missing documentation for a function
    --> crates/borsuk/src/fine_sq8_groups.rs:4910:13
     |
4910 |             pub fn check_pq_residual_source(path: &Path, sha: &str, output: &Path) -> Result<()> {
     |             ^^^^^^^^^^^^^^^^^^^^^^^^^^^^^^^^^^^^^^^^^^^^^^^^^^^^^^^^^^^^^^^^^^^^^^^^^^^^^^^^^^^^

warning: missing documentation for a constant
    --> crates/borsuk/src/fine_sq8_groups.rs:5989:13
     |
5989 |             pub const CONFIG_SCHEMA: &str = "borsuk-histogram-sq4-config-v1";
     |             ^^^^^^^^^^^^^^^^^^^^^^^^^^^^^

warning: missing documentation for a constant
    --> crates/borsuk/src/fine_sq8_groups.rs:5990:13
     |
5990 |             pub const REPORT_SCHEMA: &str = "borsuk-histogram-sq4-report-v1";
     |             ^^^^^^^^^^^^^^^^^^^^^^^^^^^^^

warning: missing documentation for a constant
    --> crates/borsuk/src/fine_sq8_groups.rs:5991:13
     |
5991 |             pub const CODEC: &str = "borsuk-sq4-histogram16-original-coefficients-v1";
     |             ^^^^^^^^^^^^^^^^^^^^^

warning: missing documentation for a constant
    --> crates/borsuk/src/fine_sq8_groups.rs:5992:13
     |
5992 |             pub const ROOT_SCHEMA: &str = "borsuk-histogram-sq4-generation-v1";
     |             ^^^^^^^^^^^^^^^^^^^^^^^^^^^

warning: missing documentation for a constant
    --> crates/borsuk/src/fine_sq8_groups.rs:5993:13
     |
5993 |             pub const TRAINER: &str =
     |             ^^^^^^^^^^^^^^^^^^^^^^^

warning: missing documentation for a constant
    --> crates/borsuk/src/fine_sq8_groups.rs:5995:13
     |
5995 |             pub const BOOK_CAP: usize = 65536;
     |             ^^^^^^^^^^^^^^^^^^^^^^^^^

warning: missing documentation for a constant
    --> crates/borsuk/src/fine_sq8_groups.rs:5998:13
     |
5998 |             pub const SSE_RELATIVE_ALLOWANCE: f64 = 128. * f32::EPSILON as f64;
     |             ^^^^^^^^^^^^^^^^^^^^^^^^^^^^^^^^^^^^^

warning: missing documentation for a constant
    --> crates/borsuk/src/fine_sq8_groups.rs:5999:13
     |
5999 |             pub const SSE_ENERGY_ALLOWANCE: f64 =
     |             ^^^^^^^^^^^^^^^^^^^^^^^^^^^^^^^^^^^

warning: missing documentation for a constant
    --> crates/borsuk/src/fine_sq8_groups.rs:6001:13
     |
6001 |             pub const INTERVAL_CANCELLATION_ULPS: f64 = 64.;
     |             ^^^^^^^^^^^^^^^^^^^^^^^^^^^^^^^^^^^^^^^^^

warning: missing documentation for a function
    --> crates/borsuk/src/fine_sq8_groups.rs:6007:13
     |
6007 |             pub fn source_identity() -> String {
     |             ^^^^^^^^^^^^^^^^^^^^^^^^^^^^^^^^^^

warning: missing documentation for a struct
    --> crates/borsuk/src/fine_sq8_groups.rs:6068:13
     |
6068 |             pub struct FitReceipt {
     |             ^^^^^^^^^^^^^^^^^^^^^

warning: missing documentation for a struct field
    --> crates/borsuk/src/fine_sq8_groups.rs:6069:17
     |
6069 |                 pub histogram_capacity_bytes: usize,
     |                 ^^^^^^^^^^^^^^^^^^^^^^^^^^^^^^^^^^^

warning: missing documentation for a struct field
    --> crates/borsuk/src/fine_sq8_groups.rs:6070:17
     |
6070 |                 pub center_capacity_bytes: usize,
     |                 ^^^^^^^^^^^^^^^^^^^^^^^^^^^^^^^^

warning: missing documentation for a struct field
    --> crates/borsuk/src/fine_sq8_groups.rs:6071:17
     |
6071 |                 pub scratch_capacity_bytes: usize,
     |                 ^^^^^^^^^^^^^^^^^^^^^^^^^^^^^^^^^

warning: missing documentation for a struct field
    --> crates/borsuk/src/fine_sq8_groups.rs:6072:17
     |
6072 |                 pub admitted_training_bytes: usize,
     |                 ^^^^^^^^^^^^^^^^^^^^^^^^^^^^^^^^^^

warning: missing documentation for a struct field
    --> crates/borsuk/src/fine_sq8_groups.rs:6073:17
     |
6073 |                 pub histogram_sha256: String,
     |                 ^^^^^^^^^^^^^^^^^^^^^^^^^^^^

warning: missing documentation for a struct field
    --> crates/borsuk/src/fine_sq8_groups.rs:6074:17
     |
6074 |                 pub literal_f32_sse: f64,
     |                 ^^^^^^^^^^^^^^^^^^^^^^^^

warning: missing documentation for a struct field
    --> crates/borsuk/src/fine_sq8_groups.rs:6075:17
     |
6075 |                 pub uniform17_literal_f32_sse: f64,
     |                 ^^^^^^^^^^^^^^^^^^^^^^^^^^^^^^^^^^

warning: missing documentation for a struct field
    --> crates/borsuk/src/fine_sq8_groups.rs:6076:17
     |
6076 |                 pub sse_allowance: f64,
     |                 ^^^^^^^^^^^^^^^^^^^^^^

warning: missing documentation for a struct field
    --> crates/borsuk/src/fine_sq8_groups.rs:6077:17
     |
6077 |                 pub literal_f32_source_energy: f64,
     |                 ^^^^^^^^^^^^^^^^^^^^^^^^^^^^^^^^^^

warning: missing documentation for a struct field
    --> crates/borsuk/src/fine_sq8_groups.rs:6078:17
     |
6078 |                 pub sse_relative_allowance: f64,
     |                 ^^^^^^^^^^^^^^^^^^^^^^^^^^^^^^^

warning: missing documentation for a struct field
    --> crates/borsuk/src/fine_sq8_groups.rs:6079:17
     |
6079 |                 pub sse_energy_allowance: f64,
     |                 ^^^^^^^^^^^^^^^^^^^^^^^^^^^^^

warning: missing documentation for a struct field
    --> crates/borsuk/src/fine_sq8_groups.rs:6080:17
     |
6080 |                 pub interval_cancellation_ulps: f64,
     |                 ^^^^^^^^^^^^^^^^^^^^^^^^^^^^^^^^^^^

warning: missing documentation for a struct field
    --> crates/borsuk/src/fine_sq8_groups.rs:6081:17
     |
6081 |                 pub operations: u64,
     |                 ^^^^^^^^^^^^^^^^^^^

warning: missing documentation for a method
    --> crates/borsuk/src/fine_sq8_groups.rs:6100:17
     |
6100 |                 pub fn dimensions(&self) -> usize {
     |                 ^^^^^^^^^^^^^^^^^^^^^^^^^^^^^^^^^

warning: missing documentation for a method
    --> crates/borsuk/src/fine_sq8_groups.rs:6103:17
     |
6103 |                 pub fn centers(&self) -> &[[f32; 16]] {
     |                 ^^^^^^^^^^^^^^^^^^^^^^^^^^^^^^^^^^^^^

warning: missing documentation for a method
    --> crates/borsuk/src/fine_sq8_groups.rs:6106:17
     |
6106 |                 pub fn retained_bytes(&self) -> usize {
     |                 ^^^^^^^^^^^^^^^^^^^^^^^^^^^^^^^^^^^^^

warning: missing documentation for a method
    --> crates/borsuk/src/fine_sq8_groups.rs:6257:17
     |
6257 |                 pub fn encoding_map(&self) -> Result<Vec<[u8; 256]>> {
     |                 ^^^^^^^^^^^^^^^^^^^^^^^^^^^^^^^^^^^^^^^^^^^^^^^^^^^^

warning: missing documentation for a method
    --> crates/borsuk/src/fine_sq8_groups.rs:6319:17
     |
6319 | /                 pub fn prepare_query(
6320 | |                     &self,
6321 | |                     query: &[f32],
6322 | |                     low: &[f32],
6323 | |                     step: &[f32],
6324 | |                 ) -> Result<PackedQuery> {
     | |________________________________________^

warning: missing documentation for a method
    --> crates/borsuk/src/fine_sq8_groups.rs:6350:17
     |
6350 |                 pub fn to_bytes(&self) -> Result<Vec<u8>> {
     |                 ^^^^^^^^^^^^^^^^^^^^^^^^^^^^^^^^^^^^^^^^^

warning: missing documentation for a method
    --> crates/borsuk/src/fine_sq8_groups.rs:6426:17
     |
6426 |                 pub fn capacity_bytes(&self) -> usize {
     |                 ^^^^^^^^^^^^^^^^^^^^^^^^^^^^^^^^^^^^^

warning: missing documentation for a method
    --> crates/borsuk/src/fine_sq8_groups.rs:6429:17
     |
6429 | /                 pub fn score_row(
6430 | |                     &self,
6431 | |                     book: &Codebook,
6432 | |                     row: &[u8],
6433 | |                     ordinal: usize,
6434 | |                 ) -> Result<ScoredNominee> {
     | |__________________________________________^

warning: missing documentation for a function
    --> crates/borsuk/src/fine_sq8_groups.rs:6664:13
     |
6664 | /             pub fn check_fine_histogram_sq4(
6665 | |                 config_path: &Path,
6666 | |                 sha: &str,
6667 | |                 path: &Path,
6668 | |             ) -> Result<()> {
     | |___________________________^

warning: missing documentation for a function
    --> crates/borsuk/src/fine_sq8_groups.rs:6671:13
     |
6671 |             pub fn diagnose(config: &Config, sha: &str, path: &Path) -> Result<()> {
     |             ^^^^^^^^^^^^^^^^^^^^^^^^^^^^^^^^^^^^^^^^^^^^^^^^^^^^^^^^^^^^^^^^^^^^^^

warning: missing documentation for a function
    --> crates/borsuk/src/fine_sq8_groups.rs:6674:13
     |
6674 | /             pub fn admit_survival(
6675 | |                 body: &[u8],
6676 | |                 run_id: &str,
6677 | |                 receipt: &SupervisorReceipt,
6678 | |             ) -> Result<()> {
     | |___________________________^

warning: missing documentation for a constant
  --> crates/borsuk/src/co_selection_layout.rs:35:1
   |
35 | pub const CONFIG_SCHEMA: &str = "borsuk-co-selection-config-v1";
   | ^^^^^^^^^^^^^^^^^^^^^^^^^^^^^

warning: missing documentation for a constant
  --> crates/borsuk/src/co_selection_layout.rs:36:1
   |
36 | pub const REPORT_SCHEMA: &str = "borsuk-co-selection-diagnostic-v1";
   | ^^^^^^^^^^^^^^^^^^^^^^^^^^^^^

warning: missing documentation for a struct
   --> crates/borsuk/src/co_selection_layout.rs:107:1
    |
107 | pub struct Caps {
    | ^^^^^^^^^^^^^^^

warning: missing documentation for a struct field
   --> crates/borsuk/src/co_selection_layout.rs:108:5
    |
108 |     pub memory_bytes: usize,
    |     ^^^^^^^^^^^^^^^^^^^^^^^

warning: missing documentation for a struct field
   --> crates/borsuk/src/co_selection_layout.rs:109:5
    |
109 |     pub caller_pinned_bytes: usize,
    |     ^^^^^^^^^^^^^^^^^^^^^^^^^^^^^^

warning: missing documentation for a struct field
   --> crates/borsuk/src/co_selection_layout.rs:110:5
    |
110 |     pub source_auth_bytes: usize,
    |     ^^^^^^^^^^^^^^^^^^^^^^^^^^^^

warning: missing documentation for a struct field
   --> crates/borsuk/src/co_selection_layout.rs:111:5
    |
111 |     pub construction_operations: u64,
    |     ^^^^^^^^^^^^^^^^^^^^^^^^^^^^^^^^

warning: missing documentation for a struct field
   --> crates/borsuk/src/co_selection_layout.rs:112:5
    |
112 |     pub replay_operations: u64,
    |     ^^^^^^^^^^^^^^^^^^^^^^^^^^

warning: missing documentation for a struct field
   --> crates/borsuk/src/co_selection_layout.rs:113:5
    |
113 |     pub output_bytes: usize,
    |     ^^^^^^^^^^^^^^^^^^^^^^^

warning: missing documentation for a struct field
   --> crates/borsuk/src/co_selection_layout.rs:114:5
    |
114 |     pub deadline_seconds: u64,
    |     ^^^^^^^^^^^^^^^^^^^^^^^^^

warning: missing documentation for a struct field
   --> crates/borsuk/src/co_selection_layout.rs:115:5
    |
115 |     pub cpu_threads: usize,
    |     ^^^^^^^^^^^^^^^^^^^^^^

warning: missing documentation for a struct field
   --> crates/borsuk/src/co_selection_layout.rs:116:5
    |
116 |     pub swap_bytes: usize,
    |     ^^^^^^^^^^^^^^^^^^^^^

warning: missing documentation for an associated function
   --> crates/borsuk/src/co_selection_layout.rs:151:5
    |
151 |     pub fn new(caps: Caps) -> Result<Self> {
    |     ^^^^^^^^^^^^^^^^^^^^^^^^^^^^^^^^^^^^^^

warning: missing documentation for a struct
   --> crates/borsuk/src/co_selection_layout.rs:253:1
    |
253 | pub struct Panel {
    | ^^^^^^^^^^^^^^^^

warning: missing documentation for a struct field
   --> crates/borsuk/src/co_selection_layout.rs:254:5
    |
254 |     pub dataset: String,
    |     ^^^^^^^^^^^^^^^^^^^

warning: missing documentation for a struct field
   --> crates/borsuk/src/co_selection_layout.rs:255:5
    |
255 |     pub root: Artifact,
    |     ^^^^^^^^^^^^^^^^^^

warning: missing documentation for a struct field
   --> crates/borsuk/src/co_selection_layout.rs:256:5
    |
256 |     pub identity: PqGraphIdentity,
    |     ^^^^^^^^^^^^^^^^^^^^^^^^^^^^^

warning: missing documentation for a struct field
   --> crates/borsuk/src/co_selection_layout.rs:257:5
    |
257 |     pub canonical: Artifact,
    |     ^^^^^^^^^^^^^^^^^^^^^^^

warning: missing documentation for a struct field
   --> crates/borsuk/src/co_selection_layout.rs:258:5
    |
258 |     pub source_order: Artifact,
    |     ^^^^^^^^^^^^^^^^^^^^^^^^^^

warning: missing documentation for a struct field
   --> crates/borsuk/src/co_selection_layout.rs:259:5
    |
259 |     pub fine_order: Artifact,
    |     ^^^^^^^^^^^^^^^^^^^^^^^^

warning: missing documentation for a struct field
   --> crates/borsuk/src/co_selection_layout.rs:260:5
    |
260 |     pub pq: Artifact,
    |     ^^^^^^^^^^^^^^^^

warning: missing documentation for a struct field
   --> crates/borsuk/src/co_selection_layout.rs:261:5
    |
261 |     pub graph: Artifact,
    |     ^^^^^^^^^^^^^^^^^^^

warning: missing documentation for a struct field
   --> crates/borsuk/src/co_selection_layout.rs:267:5
    |
267 |     pub schema: String,
    |     ^^^^^^^^^^^^^^^^^^

warning: missing documentation for a struct field
   --> crates/borsuk/src/co_selection_layout.rs:268:5
    |
268 |     pub panels: [Panel; 2],
    |     ^^^^^^^^^^^^^^^^^^^^^^

warning: missing documentation for a struct field
   --> crates/borsuk/src/co_selection_layout.rs:269:5
    |
269 |     pub original_seal: Artifact,
    |     ^^^^^^^^^^^^^^^^^^^^^^^^^^^

warning: missing documentation for a struct field
   --> crates/borsuk/src/co_selection_layout.rs:270:5
    |
270 |     pub prefix: Artifact,
    |     ^^^^^^^^^^^^^^^^^^^^

warning: missing documentation for a struct field
   --> crates/borsuk/src/co_selection_layout.rs:271:5
    |
271 |     pub caps: Caps,
    |     ^^^^^^^^^^^^^^

warning: missing documentation for a struct field
   --> crates/borsuk/src/co_selection_layout.rs:272:5
    |
272 |     pub prior_reads: ReadBudget,
    |     ^^^^^^^^^^^^^^^^^^^^^^^^^^^

warning: missing documentation for a struct field
   --> crates/borsuk/src/co_selection_layout.rs:278:5
    |
278 |     pub operations: usize,
    |     ^^^^^^^^^^^^^^^^^^^^^

warning: missing documentation for a struct field
   --> crates/borsuk/src/co_selection_layout.rs:279:5
    |
279 |     pub bytes: usize,
    |     ^^^^^^^^^^^^^^^^

warning: missing documentation for a struct
   --> crates/borsuk/src/co_selection_layout.rs:306:1
    |
306 | pub struct CoSelectionLayout {
    | ^^^^^^^^^^^^^^^^^^^^^^^^^^^^

warning: missing documentation for an associated function
   --> crates/borsuk/src/co_selection_layout.rs:475:5
    |
475 |     pub fn fit(source: &SourceSelections, work: &mut WorkBudget) -> Result<Self> {
    |     ^^^^^^^^^^^^^^^^^^^^^^^^^^^^^^^^^^^^^^^^^^^^^^^^^^^^^^^^^^^^^^^^^^^^^^^^^^^^

warning: missing documentation for a struct
   --> crates/borsuk/src/co_selection_layout.rs:875:1
    |
875 | pub struct ObjectRange {
    | ^^^^^^^^^^^^^^^^^^^^^^

warning: missing documentation for a struct field
   --> crates/borsuk/src/co_selection_layout.rs:876:5
    |
876 |     pub object: u32,
    |     ^^^^^^^^^^^^^^^

warning: missing documentation for a struct field
   --> crates/borsuk/src/co_selection_layout.rs:877:5
    |
877 |     pub bytes: Range<usize>,
    |     ^^^^^^^^^^^^^^^^^^^^^^^

warning: missing documentation for a struct
   --> crates/borsuk/src/co_selection_layout.rs:948:1
    |
948 | pub struct LayoutPlan {
    | ^^^^^^^^^^^^^^^^^^^^^

warning: missing documentation for a struct field
   --> crates/borsuk/src/co_selection_layout.rs:949:5
    |
949 |     pub fits: bool,
    |     ^^^^^^^^^^^^^^

warning: missing documentation for a struct field
   --> crates/borsuk/src/co_selection_layout.rs:950:5
    |
950 |     pub all_nominees_retained: bool,
    |     ^^^^^^^^^^^^^^^^^^^^^^^^^^^^^^^

warning: missing documentation for a struct field
   --> crates/borsuk/src/co_selection_layout.rs:961:5
    |
961 |     pub ranges: Vec<ObjectRange>,
    |     ^^^^^^^^^^^^^^^^^^^^^^^^^^^^

warning: missing documentation for a struct field
   --> crates/borsuk/src/co_selection_layout.rs:962:5
    |
962 |     pub payload_bytes: Option<usize>,
    |     ^^^^^^^^^^^^^^^^^^^^^^^^^^^^^^^^

warning: missing documentation for an associated function
    --> crates/borsuk/src/co_selection_layout.rs:1081:5
     |
1081 |     pub fn generate(panel: &Panel, work: &mut WorkBudget) -> Result<Self> {
     |     ^^^^^^^^^^^^^^^^^^^^^^^^^^^^^^^^^^^^^^^^^^^^^^^^^^^^^^^^^^^^^^^^^^^^^

warning: missing documentation for a struct field
  --> crates/borsuk/src/pq64_router_artifact.rs:12:5
   |
12 |     pub router: Pq64Router,
   |     ^^^^^^^^^^^^^^^^^^^^^^

warning: missing documentation for a struct field
  --> crates/borsuk/src/pq64_router_artifact.rs:13:5
   |
13 |     pub low: Vec<f32>,
   |     ^^^^^^^^^^^^^^^^^

warning: missing documentation for a struct field
  --> crates/borsuk/src/pq64_router_artifact.rs:14:5
   |
14 |     pub step: Vec<f32>,
   |     ^^^^^^^^^^^^^^^^^^

warning: missing documentation for a struct field
  --> crates/borsuk/src/pq64_router_artifact.rs:15:5
   |
15 |     pub generation: u64,
   |     ^^^^^^^^^^^^^^^^^^^

warning: missing documentation for a struct field
  --> crates/borsuk/src/pq64_router_artifact.rs:18:5
   |
18 |     pub source_sha256: String,
   |     ^^^^^^^^^^^^^^^^^^^^^^^^^

warning: missing documentation for a struct field
  --> crates/borsuk/src/pq64_router_artifact.rs:19:5
   |
19 |     pub layout_sha256: String,
   |     ^^^^^^^^^^^^^^^^^^^^^^^^^

warning: missing documentation for a struct field
  --> crates/borsuk/src/pq64_router_artifact.rs:20:5
   |
20 |     pub sq8_sha256: String,
   |     ^^^^^^^^^^^^^^^^^^^^^^

warning: missing documentation for an enum
  --> crates/borsuk/src/pq64_router_artifact.rs:24:1
   |
24 | pub enum RouterArtifactError {
   | ^^^^^^^^^^^^^^^^^^^^^^^^^^^^

warning: missing documentation for a variant
  --> crates/borsuk/src/pq64_router_artifact.rs:25:5
   |
25 |     Io(io::Error),
   |     ^^

warning: missing documentation for a variant
  --> crates/borsuk/src/pq64_router_artifact.rs:26:5
   |
26 |     Invalid,
   |     ^^^^^^^

warning: missing documentation for a variant
  --> crates/borsuk/src/pq64_router_artifact.rs:27:5
   |
27 |     HashMismatch,
   |     ^^^^^^^^^^^^

warning: missing documentation for a variant
  --> crates/borsuk/src/pq64_router_artifact.rs:28:5
   |
28 |     Router(Pq64Error),
   |     ^^^^^^

warning: missing documentation for an enum
  --> crates/borsuk/src/relaxed_priced_interval.rs:12:1
   |
12 | pub enum FixedCap {
   | ^^^^^^^^^^^^^^^^^

warning: missing documentation for a variant
  --> crates/borsuk/src/relaxed_priced_interval.rs:13:5
   |
13 |     Units,
   |     ^^^^^

warning: missing documentation for a variant
  --> crates/borsuk/src/relaxed_priced_interval.rs:14:5
   |
14 |     Gets,
   |     ^^^^

warning: missing documentation for a struct field
  --> crates/borsuk/src/relaxed_priced_interval.rs:22:5
   |
22 |     pub certified: Option<UnconstrainedCover>,
   |     ^^^^^^^^^^^^^^^^^^^^^^^^^^^^^^^^^^^^^^^^^

warning: missing documentation for a struct field
  --> crates/borsuk/src/relaxed_priced_interval.rs:23:5
   |
23 |     pub extra_unit_price: Option<i64>,
   |     ^^^^^^^^^^^^^^^^^^^^^^^^^^^^^^^^^

warning: missing documentation for a struct field
  --> crates/borsuk/src/relaxed_priced_interval.rs:24:5
   |
24 |     pub probes: usize,
   |     ^^^^^^^^^^^^^^^^^

warning: missing documentation for an enum
  --> crates/borsuk/src/resident_graph_build.rs:25:1
   |
25 | pub enum ResidentGraphBuildError {
   | ^^^^^^^^^^^^^^^^^^^^^^^^^^^^^^^^

warning: missing documentation for a variant
  --> crates/borsuk/src/resident_graph_build.rs:27:5
   |
27 |     Io(#[from] io::Error),
   |     ^^

warning: missing documentation for a variant
  --> crates/borsuk/src/resident_graph_build.rs:29:5
   |
29 |     Tier(#[from] ResidentFp16Error),
   |     ^^^^

warning: missing documentation for a variant
  --> crates/borsuk/src/resident_graph_build.rs:31:5
   |
31 |     Quantizer(#[from] BorsukError),
   |     ^^^^^^^^^

warning: missing documentation for a variant
  --> crates/borsuk/src/resident_graph_build.rs:33:5
   |
33 |     Json(#[from] serde_json::Error),
   |     ^^^^

warning: missing documentation for a variant
  --> crates/borsuk/src/resident_graph_build.rs:35:5
   |
35 |     Invalid(&'static str),
   |     ^^^^^^^

warning: missing documentation for an enum
  --> crates/borsuk/src/resident_graph_collection.rs:32:1
   |
32 | pub enum ResidentGraphCollectionError {
   | ^^^^^^^^^^^^^^^^^^^^^^^^^^^^^^^^^^^^^

warning: missing documentation for a variant
  --> crates/borsuk/src/resident_graph_collection.rs:34:5
   |
34 |     Store(#[from] object_store::Error),
   |     ^^^^^

warning: missing documentation for a variant
  --> crates/borsuk/src/resident_graph_collection.rs:36:5
   |
36 |     Graph(#[from] ResidentGraphStoreError),
   |     ^^^^^

warning: missing documentation for a variant
  --> crates/borsuk/src/resident_graph_collection.rs:38:5
   |
38 |     Snapshot(#[from] ResidentGraphMutationSnapshotError),
   |     ^^^^^^^^

warning: missing documentation for a variant
  --> crates/borsuk/src/resident_graph_collection.rs:40:5
   |
40 |     Overlay(#[from] ResidentGraphOverlayError),
   |     ^^^^^^^

warning: missing documentation for a variant
  --> crates/borsuk/src/resident_graph_collection.rs:42:5
   |
42 |     Invalid(&'static str),
   |     ^^^^^^^

warning: missing documentation for a struct field
  --> crates/borsuk/src/resident_graph_collection.rs:58:5
   |
58 |     pub revision: u64,
   |     ^^^^^^^^^^^^^^^^^

warning: missing documentation for a struct field
  --> crates/borsuk/src/resident_graph_collection.rs:59:5
   |
59 |     pub base_root_sha256: String,
   |     ^^^^^^^^^^^^^^^^^^^^^^^^^^^^

warning: missing documentation for a struct field
  --> crates/borsuk/src/resident_graph_collection.rs:60:5
   |
60 |     pub mutation_sha256: String,
   |     ^^^^^^^^^^^^^^^^^^^^^^^^^^^

warning: missing documentation for an associated function
  --> crates/borsuk/src/resident_graph_collection.rs:72:5
   |
72 | /     pub fn new(
73 | |         revision: u64,
74 | |         overlay: Arc<ResidentGraphOverlay>,
75 | |     ) -> Result<Self, ResidentGraphCollectionError> {
   | |___________________________________________________^

warning: missing documentation for a method
  --> crates/borsuk/src/resident_graph_collection.rs:84:5
   |
84 |     pub fn pin(&self) -> (u64, Arc<ResidentGraphOverlay>) {
   |     ^^^^^^^^^^^^^^^^^^^^^^^^^^^^^^^^^^^^^^^^^^^^^^^^^^^^^

warning: missing documentation for a method
  --> crates/borsuk/src/resident_graph_collection.rs:92:5
   |
92 | /     pub fn replace(
93 | |         &self,
94 | |         revision: u64,
95 | |         overlay: Arc<ResidentGraphOverlay>,
96 | |     ) -> Result<(u64, Arc<ResidentGraphOverlay>), ResidentGraphCollectionError> {
   | |_______________________________________________________________________________^

warning: missing documentation for an enum
  --> crates/borsuk/src/resident_graph_generation.rs:28:1
   |
28 | pub enum ResidentGraphGenerationError {
   | ^^^^^^^^^^^^^^^^^^^^^^^^^^^^^^^^^^^^^

warning: missing documentation for a variant
  --> crates/borsuk/src/resident_graph_generation.rs:30:5
   |
30 |     Io(#[from] io::Error),
   |     ^^

warning: missing documentation for a variant
  --> crates/borsuk/src/resident_graph_generation.rs:32:5
   |
32 |     Invalid(&'static str),
   |     ^^^^^^^

warning: missing documentation for a variant
  --> crates/borsuk/src/resident_graph_generation.rs:34:5
   |
34 |     Tier(#[from] ResidentFp16Error),
   |     ^^^^

warning: missing documentation for an associated function
   --> crates/borsuk/src/resident_graph_generation.rs:124:5
    |
124 |     pub fn new(initial: Arc<ResidentGraphGeneration>) -> Self {
    |     ^^^^^^^^^^^^^^^^^^^^^^^^^^^^^^^^^^^^^^^^^^^^^^^^^^^^^^^^^

warning: missing documentation for a method
   --> crates/borsuk/src/resident_graph_generation.rs:130:5
    |
130 |     pub fn pin(&self) -> Arc<ResidentGraphGeneration> {
    |     ^^^^^^^^^^^^^^^^^^^^^^^^^^^^^^^^^^^^^^^^^^^^^^^^^

warning: missing documentation for a method
   --> crates/borsuk/src/resident_graph_generation.rs:433:5
    |
433 |     pub fn rows(&self) -> usize {
    |     ^^^^^^^^^^^^^^^^^^^^^^^^^^^

warning: missing documentation for a method
   --> crates/borsuk/src/resident_graph_generation.rs:440:5
    |
440 |     pub fn dimensions(&self) -> usize {
    |     ^^^^^^^^^^^^^^^^^^^^^^^^^^^^^^^^^

warning: missing documentation for a method
   --> crates/borsuk/src/resident_graph_generation.rs:443:5
    |
443 |     pub fn generation(&self) -> u64 {
    |     ^^^^^^^^^^^^^^^^^^^^^^^^^^^^^^^

warning: missing documentation for a method
   --> crates/borsuk/src/resident_graph_generation.rs:455:5
    |
455 |     pub fn cosine_view(&self) -> Result<Pq64CosineView<'_>, ResidentGraphGenerationError> {
    |     ^^^^^^^^^^^^^^^^^^^^^^^^^^^^^^^^^^^^^^^^^^^^^^^^^^^^^^^^^^^^^^^^^^^^^^^^^^^^^^^^^^^^^

warning: missing documentation for a method
   --> crates/borsuk/src/resident_graph_generation.rs:460:5
    |
460 | /     pub fn bind<'a, 'b>(
461 | |         &'a self,
462 | |         view: &'a Pq64CosineView<'b>,
463 | |     ) -> Result<ResidentPqCosineGraph<'a, 'b>, ResidentGraphGenerationError> {
    | |____________________________________________________________________________^

warning: missing documentation for an enum
  --> crates/borsuk/src/resident_graph_mutation_snapshot.rs:13:1
   |
13 | pub enum ResidentGraphMutationSnapshotError {
   | ^^^^^^^^^^^^^^^^^^^^^^^^^^^^^^^^^^^^^^^^^^^

warning: missing documentation for a variant
  --> crates/borsuk/src/resident_graph_mutation_snapshot.rs:15:5
   |
15 |     Invalid(&'static str),
   |     ^^^^^^^

warning: missing documentation for a struct field
  --> crates/borsuk/src/resident_graph_overlay.rs:19:5
   |
19 |     pub id: u64,
   |     ^^^^^^^^^^^

warning: missing documentation for a struct field
  --> crates/borsuk/src/resident_graph_overlay.rs:20:5
   |
20 |     pub vector: Option<Vec<f32>>,
   |     ^^^^^^^^^^^^^^^^^^^^^^^^^^^^

warning: missing documentation for an enum
  --> crates/borsuk/src/resident_graph_overlay.rs:24:1
   |
24 | pub enum ResidentGraphOverlayError {
   | ^^^^^^^^^^^^^^^^^^^^^^^^^^^^^^^^^^

warning: missing documentation for a variant
  --> crates/borsuk/src/resident_graph_overlay.rs:26:5
   |
26 |     Invalid(&'static str),
   |     ^^^^^^^

warning: missing documentation for a variant
  --> crates/borsuk/src/resident_graph_overlay.rs:28:5
   |
28 |     Generation(#[from] ResidentGraphGenerationError),
   |     ^^^^^^^^^^

warning: missing documentation for a variant
  --> crates/borsuk/src/resident_graph_overlay.rs:30:5
   |
30 |     Search(#[from] ResidentFp16Error),
   |     ^^^^^^

warning: missing documentation for a struct
  --> crates/borsuk/src/resident_graph_overlay.rs:34:1
   |
34 | pub struct ResidentGraphOverlayStats {
   | ^^^^^^^^^^^^^^^^^^^^^^^^^^^^^^^^^^^^

warning: missing documentation for a struct field
  --> crates/borsuk/src/resident_graph_overlay.rs:35:5
   |
35 |     pub base_visits: usize,
   |     ^^^^^^^^^^^^^^^^^^^^^^

warning: missing documentation for a struct field
  --> crates/borsuk/src/resident_graph_overlay.rs:36:5
   |
36 |     pub masked_shortlist_rows: usize,
   |     ^^^^^^^^^^^^^^^^^^^^^^^^^^^^^^^^

warning: missing documentation for a struct field
  --> crates/borsuk/src/resident_graph_overlay.rs:37:5
   |
37 |     pub delta_rows_scanned: usize,
   |     ^^^^^^^^^^^^^^^^^^^^^^^^^^^^^

warning: missing documentation for a struct
  --> crates/borsuk/src/resident_graph_overlay.rs:42:1
   |
42 | pub struct ResidentGraphOverlay {
   | ^^^^^^^^^^^^^^^^^^^^^^^^^^^^^^^

warning: missing documentation for a struct
  --> crates/borsuk/src/resident_graph_overlay.rs:53:1
   |
53 | pub struct ResidentGraphOverlayView<'a, 'b> {
   | ^^^^^^^^^^^^^^^^^^^^^^^^^^^^^^^^^^^^^^^^^^^

warning: missing documentation for a method
   --> crates/borsuk/src/resident_graph_overlay.rs:244:5
    |
244 |     pub fn base(&self) -> &ResidentGraphGeneration {
    |     ^^^^^^^^^^^^^^^^^^^^^^^^^^^^^^^^^^^^^^^^^^^^^^

warning: missing documentation for a method
   --> crates/borsuk/src/resident_graph_overlay.rs:248:5
    |
248 |     pub fn base_arc(&self) -> Arc<ResidentGraphGeneration> {
    |     ^^^^^^^^^^^^^^^^^^^^^^^^^^^^^^^^^^^^^^^^^^^^^^^^^^^^^^

warning: missing documentation for a method
   --> crates/borsuk/src/resident_graph_overlay.rs:252:5
    |
252 | /     pub fn bind<'a, 'b>(
253 | |         &'a self,
254 | |         view: &'a Pq64CosineView<'b>,
255 | |     ) -> Result<ResidentGraphOverlayView<'a, 'b>, ResidentGraphOverlayError> {
    | |____________________________________________________________________________^

warning: missing documentation for a method
   --> crates/borsuk/src/resident_graph_overlay.rs:264:5
    |
264 | /     pub fn search(
265 | |         &self,
266 | |         query: &[f32],
267 | |         k: usize,
...   |
270 | |         workspace: &mut GraphSearchWorkspace,
271 | |     ) -> Result<(Vec<u64>, ResidentGraphOverlayStats), ResidentGraphOverlayError> {
    | |_________________________________________________________________________________^

warning: missing documentation for an enum
  --> crates/borsuk/src/resident_graph_store.rs:43:1
   |
43 | pub enum ResidentGraphStoreError {
   | ^^^^^^^^^^^^^^^^^^^^^^^^^^^^^^^^

warning: missing documentation for a variant
  --> crates/borsuk/src/resident_graph_store.rs:45:5
   |
45 |     Store(#[from] object_store::Error),
   |     ^^^^^

warning: missing documentation for a variant
  --> crates/borsuk/src/resident_graph_store.rs:47:5
   |
47 |     Io(#[from] io::Error),
   |     ^^

warning: missing documentation for a variant
  --> crates/borsuk/src/resident_graph_store.rs:49:5
   |
49 |     Task(#[from] tokio::task::JoinError),
   |     ^^^^

warning: missing documentation for a variant
  --> crates/borsuk/src/resident_graph_store.rs:51:5
   |
51 |     Root(#[from] ResidentGraphGenerationError),
   |     ^^^^

warning: missing documentation for a variant
  --> crates/borsuk/src/resident_graph_store.rs:53:5
   |
53 |     Invalid(&'static str),
   |     ^^^^^^^

warning: missing documentation for a struct field
  --> crates/borsuk/src/resident_graph_store.rs:68:5
   |
68 |     pub generation: u64,
   |     ^^^^^^^^^^^^^^^^^^^

warning: missing documentation for a struct field
  --> crates/borsuk/src/resident_graph_store.rs:69:5
   |
69 |     pub root_sha256: String,
   |     ^^^^^^^^^^^^^^^^^^^^^^^

warning: missing documentation for a struct field
  --> crates/borsuk/src/resident_graph_store.rs:70:5
   |
70 |     pub root_bytes: Vec<u8>,
   |     ^^^^^^^^^^^^^^^^^^^^^^^

warning: missing documentation for a struct
   --> crates/borsuk/src/resident_graph_store.rs:133:1
    |
133 | pub struct ResidentGraphHydrationStats {
    | ^^^^^^^^^^^^^^^^^^^^^^^^^^^^^^^^^^^^^^

warning: missing documentation for a struct field
   --> crates/borsuk/src/resident_graph_store.rs:134:5
    |
134 |     pub object_gets: u64,
    |     ^^^^^^^^^^^^^^^^^^^^

warning: missing documentation for a struct field
   --> crates/borsuk/src/resident_graph_store.rs:135:5
    |
135 |     pub response_bytes: u64,
    |     ^^^^^^^^^^^^^^^^^^^^^^^

warning: missing documentation for a variant
  --> crates/borsuk/src/resident_nominee_generation.rs:35:5
   |
35 |     RootHashMismatch,
   |     ^^^^^^^^^^^^^^^^

warning: missing documentation for a variant
  --> crates/borsuk/src/resident_nominee_generation.rs:37:5
   |
37 |     IdentityMismatch,
   |     ^^^^^^^^^^^^^^^^

warning: missing documentation for a variant
  --> crates/borsuk/src/resident_nominee_generation.rs:39:5
   |
39 |     Invalid,
   |     ^^^^^^^

warning: missing documentation for a variant
  --> crates/borsuk/src/resident_nominee_generation.rs:41:5
   |
41 |     Router(Pq64Error),
   |     ^^^^^^

warning: missing documentation for a variant
  --> crates/borsuk/src/resident_nominee_generation.rs:43:5
   |
43 |     Tier(#[from] ResidentFp16Error),
   |     ^^^^

warning: missing documentation for a struct field
  --> crates/borsuk/src/resident_vector_graph.rs:37:5
   |
37 |     pub rows: usize,
   |     ^^^^^^^^^^^^^^^

warning: missing documentation for a struct field
  --> crates/borsuk/src/resident_vector_graph.rs:38:5
   |
38 |     pub base_edges: usize,
   |     ^^^^^^^^^^^^^^^^^^^^^

warning: missing documentation for a struct field
  --> crates/borsuk/src/resident_vector_graph.rs:39:5
   |
39 |     pub min_degree: usize,
   |     ^^^^^^^^^^^^^^^^^^^^^

warning: missing documentation for a struct field
  --> crates/borsuk/src/resident_vector_graph.rs:40:5
   |
40 |     pub max_degree: usize,
   |     ^^^^^^^^^^^^^^^^^^^^^

warning: missing documentation for a struct field
  --> crates/borsuk/src/resident_vector_graph.rs:41:5
   |
41 |     pub min_indegree: usize,
   |     ^^^^^^^^^^^^^^^^^^^^^^^

warning: missing documentation for a struct field
  --> crates/borsuk/src/resident_vector_graph.rs:42:5
   |
42 |     pub max_indegree: usize,
   |     ^^^^^^^^^^^^^^^^^^^^^^^

warning: missing documentation for a struct field
  --> crates/borsuk/src/resident_vector_graph.rs:43:5
   |
43 |     pub below_four_indegree: usize,
   |     ^^^^^^^^^^^^^^^^^^^^^^^^^^^^^^

warning: missing documentation for a struct field
  --> crates/borsuk/src/resident_vector_graph.rs:44:5
   |
44 |     pub reachable: usize,
   |     ^^^^^^^^^^^^^^^^^^^^

warning: missing documentation for a struct field
   --> crates/borsuk/src/resident_vector_graph.rs:962:5
    |
962 |     pub generation: u64,
    |     ^^^^^^^^^^^^^^^^^^^

warning: missing documentation for a struct field
   --> crates/borsuk/src/resident_vector_graph.rs:963:5
    |
963 |     pub rows: usize,
    |     ^^^^^^^^^^^^^^^

warning: missing documentation for a struct field
   --> crates/borsuk/src/resident_vector_graph.rs:964:5
    |
964 |     pub dimensions: usize,
    |     ^^^^^^^^^^^^^^^^^^^^^

warning: missing documentation for a struct field
   --> crates/borsuk/src/resident_vector_graph.rs:965:5
    |
965 |     pub source: [u8; 32],
    |     ^^^^^^^^^^^^^^^^^^^^

warning: missing documentation for a struct field
   --> crates/borsuk/src/resident_vector_graph.rs:966:5
    |
966 |     pub layout: [u8; 32],
    |     ^^^^^^^^^^^^^^^^^^^^

warning: missing documentation for a struct field
   --> crates/borsuk/src/resident_vector_graph.rs:967:5
    |
967 |     pub pq: [u8; 32],
    |     ^^^^^^^^^^^^^^^^

warning: missing documentation for a struct
   --> crates/borsuk/src/resident_vector_graph.rs:977:1
    |
977 | pub struct PqNomination {
    | ^^^^^^^^^^^^^^^^^^^^^^^

warning: missing documentation for a struct field
   --> crates/borsuk/src/resident_vector_graph.rs:978:5
    |
978 |     pub ordinals: Vec<usize>,
    |     ^^^^^^^^^^^^^^^^^^^^^^^^

warning: missing documentation for a struct field
   --> crates/borsuk/src/resident_vector_graph.rs:979:5
    |
979 |     pub evaluations: usize,
    |     ^^^^^^^^^^^^^^^^^^^^^^

warning: missing documentation for a struct field
   --> crates/borsuk/src/resident_vector_graph.rs:980:5
    |
980 |     pub base_visits: usize,
    |     ^^^^^^^^^^^^^^^^^^^^^^

warning: missing documentation for a struct field
   --> crates/borsuk/src/resident_vector_graph.rs:981:5
    |
981 |     pub exhausted: bool,
    |     ^^^^^^^^^^^^^^^^^^^

warning: missing documentation for a struct
   --> crates/borsuk/src/resident_vector_graph.rs:984:1
    |
984 | pub struct PqNominationFailure {
    | ^^^^^^^^^^^^^^^^^^^^^^^^^^^^^^

warning: missing documentation for a struct field
   --> crates/borsuk/src/resident_vector_graph.rs:985:5
    |
985 |     pub error: ResidentFp16Error,
    |     ^^^^^^^^^^^^^^^^^^^^^^^^^^^^

warning: missing documentation for a struct field
   --> crates/borsuk/src/resident_vector_graph.rs:986:5
    |
986 |     pub evaluations: usize,
    |     ^^^^^^^^^^^^^^^^^^^^^^

warning: missing documentation for a method
    --> crates/borsuk/src/resident_vector_graph.rs:1016:5
     |
1016 |     pub fn heap_bytes(&self) -> usize { self.graph.heap_bytes() }
     |     ^^^^^^^^^^^^^^^^^^^^^^^^^^^^^^^^^

warning: missing documentation for a method
    --> crates/borsuk/src/resident_vector_graph.rs:1017:5
     |
1017 |     pub fn identity(&self) -> &PqGraphIdentity { &self.identity }
     |     ^^^^^^^^^^^^^^^^^^^^^^^^^^^^^^^^^^^^^^^^^^

warning: missing documentation for a method
    --> crates/borsuk/src/resident_vector_graph.rs:1021:5
     |
1021 |     pub fn write_authenticated(&self, path: &Path) -> Result<String, ResidentFp16Error> {
     |     ^^^^^^^^^^^^^^^^^^^^^^^^^^^^^^^^^^^^^^^^^^^^^^^^^^^^^^^^^^^^^^^^^^^^^^^^^^^^^^^^^^^

warning: missing documentation for a method
    --> crates/borsuk/src/resident_vector_graph.rs:1162:5
     |
1162 | /     pub fn nominate_pq(&self, query: &[f32], pq: &Pq64Codes, workspace: &mut GraphSearchWorkspace)
1163 | |         -> Result<PqNomination, PqNominationFailure>
     | |____________________________________________________^

warning: missing documentation for a struct field
  --> crates/borsuk/src/returned_sq8.rs:10:5
   |
10 |     pub first_physical_ordinal: usize,
   |     ^^^^^^^^^^^^^^^^^^^^^^^^^^^^^^^^^

warning: missing documentation for a struct field
  --> crates/borsuk/src/returned_sq8.rs:11:5
   |
11 |     pub bytes: &'a [u8],
   |     ^^^^^^^^^^^^^^^^^^^

warning: missing documentation for a struct field
   --> crates/borsuk/src/returned_sq8.rs:110:5
    |
110 |     pub start: usize,
    |     ^^^^^^^^^^^^^^^^

warning: missing documentation for a struct field
   --> crates/borsuk/src/returned_sq8.rs:111:5
    |
111 |     pub bytes: &'a [u8],
    |     ^^^^^^^^^^^^^^^^^^^

warning: missing documentation for a constant
  --> crates/borsuk/src/semantic_cell_overlap.rs:24:1
   |
24 | pub const BUILD_SCHEMA: &str = "borsuk-cell-overlap-build-v1";
   | ^^^^^^^^^^^^^^^^^^^^^^^^^^^^

warning: missing documentation for a constant
  --> crates/borsuk/src/semantic_cell_overlap.rs:25:1
   |
25 | pub const SCHEMA: &str = "borsuk-cell-overlap-v1";
   | ^^^^^^^^^^^^^^^^^^^^^^

warning: missing documentation for a constant
  --> crates/borsuk/src/semantic_cell_overlap.rs:26:1
   |
26 | pub const HEADER_BYTES: usize = 64;
   | ^^^^^^^^^^^^^^^^^^^^^^^^^^^^^

warning: missing documentation for a constant
  --> crates/borsuk/src/semantic_cell_overlap.rs:27:1
   |
27 | pub const MAX_GETS: usize = 32;
   | ^^^^^^^^^^^^^^^^^^^^^^^^^

warning: missing documentation for a constant
  --> crates/borsuk/src/semantic_cell_overlap.rs:28:1
   |
28 | pub const MAX_BYTES: usize = 16 * 1024 * 1024;
   | ^^^^^^^^^^^^^^^^^^^^^^^^^^

warning: missing documentation for a struct field
  --> crates/borsuk/src/semantic_cell_overlap.rs:57:5
   |
57 |     pub schema: String,
   |     ^^^^^^^^^^^^^^^^^^

warning: missing documentation for a struct field
  --> crates/borsuk/src/semantic_cell_overlap.rs:58:5
   |
58 |     pub retained_root: Artifact,
   |     ^^^^^^^^^^^^^^^^^^^^^^^^^^^

warning: missing documentation for a struct field
  --> crates/borsuk/src/semantic_cell_overlap.rs:59:5
   |
59 |     pub original: BuildConfig,
   |     ^^^^^^^^^^^^^^^^^^^^^^^^^

warning: missing documentation for a struct field
  --> crates/borsuk/src/semantic_cell_overlap.rs:60:5
   |
60 |     pub overlap: bool,
   |     ^^^^^^^^^^^^^^^^^

warning: missing documentation for a struct field
  --> crates/borsuk/src/semantic_cell_overlap.rs:61:5
   |
61 |     pub max_resident_payload_bytes: usize,
   |     ^^^^^^^^^^^^^^^^^^^^^^^^^^^^^^^^^^^^^

warning: missing documentation for a struct field
  --> crates/borsuk/src/semantic_cell_overlap.rs:62:5
   |
62 |     pub max_build_payload_bytes: usize,
   |     ^^^^^^^^^^^^^^^^^^^^^^^^^^^^^^^^^^

warning: missing documentation for a struct field
  --> crates/borsuk/src/semantic_cell_overlap.rs:63:5
   |
63 |     pub max_output_bytes: usize,
   |     ^^^^^^^^^^^^^^^^^^^^^^^^^^^

warning: missing documentation for a struct
  --> crates/borsuk/src/semantic_cell_overlap.rs:67:1
   |
67 | pub struct OverlapBuildReceipt {
   | ^^^^^^^^^^^^^^^^^^^^^^^^^^^^^^

warning: missing documentation for a struct field
  --> crates/borsuk/src/semantic_cell_overlap.rs:68:5
   |
68 |     pub root_sha256: String,
   |     ^^^^^^^^^^^^^^^^^^^^^^^

warning: missing documentation for a struct field
  --> crates/borsuk/src/semantic_cell_overlap.rs:69:5
   |
69 |     pub logical_rows: usize,
   |     ^^^^^^^^^^^^^^^^^^^^^^^

warning: missing documentation for a struct field
  --> crates/borsuk/src/semantic_cell_overlap.rs:70:5
   |
70 |     pub physical_rows: usize,
   |     ^^^^^^^^^^^^^^^^^^^^^^^^

warning: missing documentation for a struct field
  --> crates/borsuk/src/semantic_cell_overlap.rs:71:5
   |
71 |     pub proposed: usize,
   |     ^^^^^^^^^^^^^^^^^^^

warning: missing documentation for a struct field
  --> crates/borsuk/src/semantic_cell_overlap.rs:72:5
   |
72 |     pub admitted: usize,
   |     ^^^^^^^^^^^^^^^^^^^

warning: missing documentation for a struct field
  --> crates/borsuk/src/semantic_cell_overlap.rs:73:5
   |
73 |     pub rejected: usize,
   |     ^^^^^^^^^^^^^^^^^^^

warning: missing documentation for a struct field
  --> crates/borsuk/src/semantic_cell_overlap.rs:74:5
   |
74 |     pub cells: usize,
   |     ^^^^^^^^^^^^^^^^

warning: missing documentation for a struct field
  --> crates/borsuk/src/semantic_cell_overlap.rs:75:5
   |
75 |     pub extent_bytes: usize,
   |     ^^^^^^^^^^^^^^^^^^^^^^^

warning: missing documentation for a struct field
  --> crates/borsuk/src/semantic_cell_overlap.rs:76:5
   |
76 |     pub mapping_bytes: usize,
   |     ^^^^^^^^^^^^^^^^^^^^^^^^

warning: missing documentation for a struct field
  --> crates/borsuk/src/semantic_cell_overlap.rs:77:5
   |
77 |     pub boundary_bytes: usize,
   |     ^^^^^^^^^^^^^^^^^^^^^^^^^

warning: missing documentation for a struct field
  --> crates/borsuk/src/semantic_cell_overlap.rs:78:5
   |
78 |     pub output_bytes: usize,
   |     ^^^^^^^^^^^^^^^^^^^^^^^

warning: missing documentation for a struct field
  --> crates/borsuk/src/semantic_cell_overlap.rs:79:5
   |
79 |     pub modeled_build_payload_bytes: usize,
   |     ^^^^^^^^^^^^^^^^^^^^^^^^^^^^^^^^^^^^^^

warning: missing documentation for a struct field
  --> crates/borsuk/src/semantic_cell_overlap.rs:85:5
   |
85 |     pub cell_id: usize,
   |     ^^^^^^^^^^^^^^^^^^

warning: missing documentation for a struct field
  --> crates/borsuk/src/semantic_cell_overlap.rs:86:5
   |
86 |     pub primary_rows: usize,
   |     ^^^^^^^^^^^^^^^^^^^^^^^

warning: missing documentation for a struct field
  --> crates/borsuk/src/semantic_cell_overlap.rs:87:5
   |
87 |     pub replica_rows: usize,
   |     ^^^^^^^^^^^^^^^^^^^^^^^

warning: missing documentation for a struct field
  --> crates/borsuk/src/semantic_cell_overlap.rs:88:5
   |
88 |     pub first_physical_ordinal: usize,
   |     ^^^^^^^^^^^^^^^^^^^^^^^^^^^^^^^^^

warning: missing documentation for a struct field
  --> crates/borsuk/src/semantic_cell_overlap.rs:89:5
   |
89 |     pub offset: usize,
   |     ^^^^^^^^^^^^^^^^^

warning: missing documentation for a struct field
  --> crates/borsuk/src/semantic_cell_overlap.rs:90:5
   |
90 |     pub bytes: usize,
   |     ^^^^^^^^^^^^^^^^

warning: missing documentation for a struct field
  --> crates/borsuk/src/semantic_cell_overlap.rs:91:5
   |
91 |     pub sha256: String,
   |     ^^^^^^^^^^^^^^^^^^

warning: missing documentation for a struct field
   --> crates/borsuk/src/semantic_cell_overlap.rs:521:5
    |
521 |     pub root: ReadStats,
    |     ^^^^^^^^^^^^^^^^^^^

warning: missing documentation for a struct field
   --> crates/borsuk/src/semantic_cell_overlap.rs:522:5
    |
522 |     pub retained_metadata_root: ReadStats,
    |     ^^^^^^^^^^^^^^^^^^^^^^^^^^^^^^^^^^^^^

warning: missing documentation for a struct field
   --> crates/borsuk/src/semantic_cell_overlap.rs:523:5
    |
523 |     pub mapping: ReadStats,
    |     ^^^^^^^^^^^^^^^^^^^^^^

warning: missing documentation for a struct field
   --> crates/borsuk/src/semantic_cell_overlap.rs:524:5
    |
524 |     pub boundaries: ReadStats,
    |     ^^^^^^^^^^^^^^^^^^^^^^^^^

warning: missing documentation for a struct field
   --> crates/borsuk/src/semantic_cell_overlap.rs:525:5
    |
525 |     pub frames: ReadStats,
    |     ^^^^^^^^^^^^^^^^^^^^^

warning: missing documentation for a struct field
   --> crates/borsuk/src/semantic_cell_overlap.rs:526:5
    |
526 |     pub retained_primary_gets: usize,
    |     ^^^^^^^^^^^^^^^^^^^^^^^^^^^^^^^^

warning: missing documentation for a struct field
   --> crates/borsuk/src/semantic_cell_overlap.rs:527:5
    |
527 |     pub retained_primary_bytes: usize,
    |     ^^^^^^^^^^^^^^^^^^^^^^^^^^^^^^^^^

warning: missing documentation for a struct field
   --> crates/borsuk/src/semantic_cell_overlap.rs:528:5
    |
528 |     pub modeled_preload_peak_bytes: usize,
    |     ^^^^^^^^^^^^^^^^^^^^^^^^^^^^^^^^^^^^^

warning: missing documentation for a struct field
   --> crates/borsuk/src/semantic_cell_overlap.rs:529:5
    |
529 |     pub modeled_resident_payload_bytes: usize,
    |     ^^^^^^^^^^^^^^^^^^^^^^^^^^^^^^^^^^^^^^^^^

warning: missing documentation for a struct field
   --> crates/borsuk/src/semantic_cell_overlap.rs:539:5
    |
539 |     pub startup: OverlapStartup,
    |     ^^^^^^^^^^^^^^^^^^^^^^^^^^^

warning: missing documentation for an associated function
   --> crates/borsuk/src/semantic_cell_overlap.rs:556:5
    |
556 |     pub fn read(root: &Artifact, max_resident_payload_bytes: usize) -> Result<Self> {
    |     ^^^^^^^^^^^^^^^^^^^^^^^^^^^^^^^^^^^^^^^^^^^^^^^^^^^^^^^^^^^^^^^^^^^^^^^^^^^^^^^

warning: missing documentation for a method
   --> crates/borsuk/src/semantic_cell_overlap.rs:732:5
    |
732 |     pub fn logical_rows(&self) -> usize {
    |     ^^^^^^^^^^^^^^^^^^^^^^^^^^^^^^^^^^^

warning: missing documentation for a method
   --> crates/borsuk/src/semantic_cell_overlap.rs:735:5
    |
735 |     pub fn dimensions(&self) -> usize {
    |     ^^^^^^^^^^^^^^^^^^^^^^^^^^^^^^^^^

warning: missing documentation for a method
   --> crates/borsuk/src/semantic_cell_overlap.rs:738:5
    |
738 |     pub fn overlap_enabled(&self) -> bool {
    |     ^^^^^^^^^^^^^^^^^^^^^^^^^^^^^^^^^^^^^

warning: missing documentation for a method
   --> crates/borsuk/src/semantic_cell_overlap.rs:741:5
    |
741 |     pub fn primary_root_identity(&self) -> &Artifact {
    |     ^^^^^^^^^^^^^^^^^^^^^^^^^^^^^^^^^^^^^^^^^^^^^^^^

warning: missing documentation for a method
   --> crates/borsuk/src/semantic_cell_overlap.rs:744:5
    |
744 |     pub fn primary_directory(&self) -> &Artifact {
    |     ^^^^^^^^^^^^^^^^^^^^^^^^^^^^^^^^^^^^^^^^^^^^

warning: missing documentation for a method
   --> crates/borsuk/src/semantic_cell_overlap.rs:747:5
    |
747 |     pub fn boundary_sha256(&self) -> &str {
    |     ^^^^^^^^^^^^^^^^^^^^^^^^^^^^^^^^^^^^^

warning: missing documentation for a method
   --> crates/borsuk/src/semantic_cell_overlap.rs:750:5
    |
750 |     pub fn modeled_metadata_payload_bytes(&self) -> usize {
    |     ^^^^^^^^^^^^^^^^^^^^^^^^^^^^^^^^^^^^^^^^^^^^^^^^^^^^^

warning: missing documentation for a method
   --> crates/borsuk/src/semantic_cell_overlap.rs:753:5
    |
753 |     pub fn modeled_resident_payload_bytes(&self) -> usize {
    |     ^^^^^^^^^^^^^^^^^^^^^^^^^^^^^^^^^^^^^^^^^^^^^^^^^^^^^

warning: missing documentation for a method
   --> crates/borsuk/src/semantic_cell_overlap.rs:756:5
    |
756 |     pub fn modeled_preload_peak_bytes(&self) -> usize {
    |     ^^^^^^^^^^^^^^^^^^^^^^^^^^^^^^^^^^^^^^^^^^^^^^^^^

warning: missing documentation for a struct field
   --> crates/borsuk/src/semantic_cell_overlap.rs:767:5
    |
767 |     pub modeled_peak_payload_bytes: usize,
    |     ^^^^^^^^^^^^^^^^^^^^^^^^^^^^^^^^^^^^^

warning: missing documentation for an associated function
   --> crates/borsuk/src/semantic_cell_overlap.rs:770:5
    |
770 | /     pub fn read(
771 | |         control: &Artifact,
772 | |         candidate: &Artifact,
773 | |         per_arm_cap: usize,
...   |
776 | |         query_scratch_bytes: usize,
777 | |     ) -> Result<Self> {
    | |_____________________^

warning: missing documentation for a method
   --> crates/borsuk/src/semantic_cell_overlap.rs:828:5
    |
828 |     pub fn control(&self) -> &OverlapAdmission {
    |     ^^^^^^^^^^^^^^^^^^^^^^^^^^^^^^^^^^^^^^^^^^

warning: missing documentation for a method
   --> crates/borsuk/src/semantic_cell_overlap.rs:831:5
    |
831 |     pub fn candidate(&self) -> &OverlapAdmission {
    |     ^^^^^^^^^^^^^^^^^^^^^^^^^^^^^^^^^^^^^^^^^^^^

warning: missing documentation for a method
   --> crates/borsuk/src/semantic_cell_overlap.rs:834:5
    |
834 |     pub fn open(mut self) -> Result<(OverlapIndex, OverlapIndex)> {
    |     ^^^^^^^^^^^^^^^^^^^^^^^^^^^^^^^^^^^^^^^^^^^^^^^^^^^^^^^^^^^^^

warning: missing documentation for an associated function
   --> crates/borsuk/src/semantic_cell_overlap.rs:850:5
    |
850 |     pub fn open_admitted(mut admission: OverlapAdmission) -> Result<Self> {
    |     ^^^^^^^^^^^^^^^^^^^^^^^^^^^^^^^^^^^^^^^^^^^^^^^^^^^^^^^^^^^^^^^^^^^^^

warning: missing documentation for a method
    --> crates/borsuk/src/semantic_cell_overlap.rs:1054:5
     |
1054 |     pub fn logical_rows(&self) -> usize {
     |     ^^^^^^^^^^^^^^^^^^^^^^^^^^^^^^^^^^^

warning: missing documentation for a method
    --> crates/borsuk/src/semantic_cell_overlap.rs:1057:5
     |
1057 |     pub fn physical_rows(&self) -> usize {
     |     ^^^^^^^^^^^^^^^^^^^^^^^^^^^^^^^^^^^^

warning: missing documentation for a method
    --> crates/borsuk/src/semantic_cell_overlap.rs:1060:5
     |
1060 |     pub fn dimensions(&self) -> usize {
     |     ^^^^^^^^^^^^^^^^^^^^^^^^^^^^^^^^^

warning: missing documentation for a method
    --> crates/borsuk/src/semantic_cell_overlap.rs:1063:5
     |
1063 |     pub fn overlap_enabled(&self) -> bool {
     |     ^^^^^^^^^^^^^^^^^^^^^^^^^^^^^^^^^^^^^

warning: missing documentation for a method
    --> crates/borsuk/src/semantic_cell_overlap.rs:1066:5
     |
1066 |     pub fn primary_root_identity(&self) -> &Artifact {
     |     ^^^^^^^^^^^^^^^^^^^^^^^^^^^^^^^^^^^^^^^^^^^^^^^^

warning: missing documentation for a method
    --> crates/borsuk/src/semantic_cell_overlap.rs:1069:5
     |
1069 |     pub fn router(&self) -> &Prototype {
     |     ^^^^^^^^^^^^^^^^^^^^^^^^^^^^^^^^^^

warning: missing documentation for a method
    --> crates/borsuk/src/semantic_cell_overlap.rs:1072:5
     |
1072 |     pub fn root_sha256(&self) -> &str {
     |     ^^^^^^^^^^^^^^^^^^^^^^^^^^^^^^^^^

warning: missing documentation for a method
    --> crates/borsuk/src/semantic_cell_overlap.rs:1075:5
     |
1075 |     pub fn boundary_sha256(&self) -> &str {
     |     ^^^^^^^^^^^^^^^^^^^^^^^^^^^^^^^^^^^^^

warning: missing documentation for a method
    --> crates/borsuk/src/semantic_cell_overlap.rs:1078:5
     |
1078 |     pub fn replica_destinations(&self) -> &[(usize, Option<usize>)] {
     |     ^^^^^^^^^^^^^^^^^^^^^^^^^^^^^^^^^^^^^^^^^^^^^^^^^^^^^^^^^^^^^^^

warning: missing documentation for a struct
    --> crates/borsuk/src/semantic_cell_overlap.rs:1137:1
     |
1137 | pub struct FetchPlan {
     | ^^^^^^^^^^^^^^^^^^^^

warning: missing documentation for a struct field
    --> crates/borsuk/src/semantic_cell_overlap.rs:1138:5
     |
1138 |     pub root_sha256: String,
     |     ^^^^^^^^^^^^^^^^^^^^^^^

warning: missing documentation for a struct field
    --> crates/borsuk/src/semantic_cell_overlap.rs:1139:5
     |
1139 |     pub query_sha256: String,
     |     ^^^^^^^^^^^^^^^^^^^^^^^^

warning: missing documentation for a struct field
    --> crates/borsuk/src/semantic_cell_overlap.rs:1140:5
     |
1140 |     pub selected: Vec<SelectedCell>,
     |     ^^^^^^^^^^^^^^^^^^^^^^^^^^^^^^^

warning: missing documentation for a struct field
    --> crates/borsuk/src/semantic_cell_overlap.rs:1141:5
     |
1141 |     pub extents: Vec<Extent>,
     |     ^^^^^^^^^^^^^^^^^^^^^^^^

warning: missing documentation for a struct field
    --> crates/borsuk/src/semantic_cell_overlap.rs:1142:5
     |
1142 |     pub bytes: usize,
     |     ^^^^^^^^^^^^^^^^

warning: missing documentation for a method
    --> crates/borsuk/src/semantic_cell_overlap.rs:1154:5
     |
1154 |     pub fn index(&self) -> &Arc<OverlapIndex> {
     |     ^^^^^^^^^^^^^^^^^^^^^^^^^^^^^^^^^^^^^^^^^

warning: missing documentation for a method
    --> crates/borsuk/src/semantic_cell_overlap.rs:1157:5
     |
1157 |     pub fn revision(&self) -> u64 {
     |     ^^^^^^^^^^^^^^^^^^^^^^^^^^^^^

warning: missing documentation for a method
    --> crates/borsuk/src/semantic_cell_overlap.rs:1160:5
     |
1160 |     pub fn delta_sha256(&self) -> &str {
     |     ^^^^^^^^^^^^^^^^^^^^^^^^^^^^^^^^^^

warning: missing documentation for a method
    --> crates/borsuk/src/semantic_cell_overlap.rs:1163:5
     |
1163 |     pub fn delta_is_empty(&self) -> bool {
     |     ^^^^^^^^^^^^^^^^^^^^^^^^^^^^^^^^^^^^

warning: missing documentation for an associated function
    --> crates/borsuk/src/semantic_cell_overlap.rs:1191:5
     |
1191 | /     pub fn new(
1192 | |         index: Arc<OverlapIndex>,
1193 | |         max_delta_rows: usize,
1194 | |         max_delta_bytes: usize,
1195 | |     ) -> Result<Self> {
     | |_____________________^

warning: missing documentation for a method
    --> crates/borsuk/src/semantic_cell_overlap.rs:1213:5
     |
1213 |     pub fn pin(&self) -> OverlapSnapshot {
     |     ^^^^^^^^^^^^^^^^^^^^^^^^^^^^^^^^^^^^

warning: missing documentation for a method
    --> crates/borsuk/src/semantic_cell_overlap.rs:1245:5
     |
1245 |     pub fn delete(&mut self, id: i64) -> Result<u64> {
     |     ^^^^^^^^^^^^^^^^^^^^^^^^^^^^^^^^^^^^^^^^^^^^^^^^

warning: missing documentation for a method
    --> crates/borsuk/src/semantic_cell_overlap.rs:1274:5
     |
1274 |     pub fn unsupported_maintenance(&self) -> Result<()> {
     |     ^^^^^^^^^^^^^^^^^^^^^^^^^^^^^^^^^^^^^^^^^^^^^^^^^^^

warning: missing documentation for a struct
    --> crates/borsuk/src/semantic_cell_overlap.rs:1283:1
     |
1283 | pub struct OverlapQueryAccounting {
     | ^^^^^^^^^^^^^^^^^^^^^^^^^^^^^^^^^

warning: missing documentation for a struct field
    --> crates/borsuk/src/semantic_cell_overlap.rs:1284:5
     |
1284 |     pub payload: ReadStats,
     |     ^^^^^^^^^^^^^^^^^^^^^^

warning: missing documentation for a struct field
    --> crates/borsuk/src/semantic_cell_overlap.rs:1285:5
     |
1285 |     pub dependency_waves: usize,
     |     ^^^^^^^^^^^^^^^^^^^^^^^^^^^

warning: missing documentation for a struct field
    --> crates/borsuk/src/semantic_cell_overlap.rs:1286:5
     |
1286 |     pub max_parallel_gets: usize,
     |     ^^^^^^^^^^^^^^^^^^^^^^^^^^^^

warning: missing documentation for a struct field
    --> crates/borsuk/src/semantic_cell_overlap.rs:1287:5
     |
1287 |     pub physical_records: usize,
     |     ^^^^^^^^^^^^^^^^^^^^^^^^^^^

warning: missing documentation for a struct field
    --> crates/borsuk/src/semantic_cell_overlap.rs:1288:5
     |
1288 |     pub unique_base_rows: usize,
     |     ^^^^^^^^^^^^^^^^^^^^^^^^^^^

warning: missing documentation for a struct field
    --> crates/borsuk/src/semantic_cell_overlap.rs:1289:5
     |
1289 |     pub visible_unique_rows: usize,
     |     ^^^^^^^^^^^^^^^^^^^^^^^^^^^^^^

warning: missing documentation for a struct field
    --> crates/borsuk/src/semantic_cell_overlap.rs:1290:5
     |
1290 |     pub delta_scan_rows: usize,
     |     ^^^^^^^^^^^^^^^^^^^^^^^^^^

warning: missing documentation for a struct field
    --> crates/borsuk/src/semantic_cell_overlap.rs:1291:5
     |
1291 |     pub delta_body_bytes: usize,
     |     ^^^^^^^^^^^^^^^^^^^^^^^^^^^

warning: missing documentation for a struct field
    --> crates/borsuk/src/semantic_cell_overlap.rs:1292:5
     |
1292 |     pub modeled_query_payload_bytes: usize,
     |     ^^^^^^^^^^^^^^^^^^^^^^^^^^^^^^^^^^^^^^

warning: missing documentation for a struct
    --> crates/borsuk/src/semantic_cell_overlap.rs:1295:1
     |
1295 | pub struct OverlapScoredRow {
     | ^^^^^^^^^^^^^^^^^^^^^^^^^^^

warning: missing documentation for a struct field
    --> crates/borsuk/src/semantic_cell_overlap.rs:1296:5
     |
1296 |     pub id: i64,
     |     ^^^^^^^^^^^

warning: missing documentation for a struct field
    --> crates/borsuk/src/semantic_cell_overlap.rs:1297:5
     |
1297 |     pub score_bits: u32,
     |     ^^^^^^^^^^^^^^^^^^^

warning: missing documentation for a struct field
    --> crates/borsuk/src/semantic_cell_overlap.rs:1298:5
     |
1298 |     pub physical_ordinal: Option<usize>,
     |     ^^^^^^^^^^^^^^^^^^^^^^^^^^^^^^^^^^^

warning: missing documentation for a struct field
    --> crates/borsuk/src/semantic_cell_overlap.rs:1299:5
     |
1299 |     pub framed_file_offset: Option<usize>,
     |     ^^^^^^^^^^^^^^^^^^^^^^^^^^^^^^^^^^^^^

warning: missing documentation for a struct
    --> crates/borsuk/src/semantic_cell_overlap.rs:1302:1
     |
1302 | pub struct OverlapSearchTrace {
     | ^^^^^^^^^^^^^^^^^^^^^^^^^^^^^

warning: missing documentation for a struct field
    --> crates/borsuk/src/semantic_cell_overlap.rs:1303:5
     |
1303 |     pub root_sha256: String,
     |     ^^^^^^^^^^^^^^^^^^^^^^^

warning: missing documentation for a struct field
    --> crates/borsuk/src/semantic_cell_overlap.rs:1304:5
     |
1304 |     pub revision: u64,
     |     ^^^^^^^^^^^^^^^^^

warning: missing documentation for a struct field
    --> crates/borsuk/src/semantic_cell_overlap.rs:1305:5
     |
1305 |     pub delta_sha256: String,
     |     ^^^^^^^^^^^^^^^^^^^^^^^^

warning: missing documentation for a struct field
    --> crates/borsuk/src/semantic_cell_overlap.rs:1306:5
     |
1306 |     pub selected: Vec<SelectedCell>,
     |     ^^^^^^^^^^^^^^^^^^^^^^^^^^^^^^^

warning: missing documentation for a struct field
    --> crates/borsuk/src/semantic_cell_overlap.rs:1307:5
     |
1307 |     pub base_ids: Vec<i64>,
     |     ^^^^^^^^^^^^^^^^^^^^^^

warning: missing documentation for a struct field
    --> crates/borsuk/src/semantic_cell_overlap.rs:1308:5
     |
1308 |     pub replica_ids: Vec<i64>,
     |     ^^^^^^^^^^^^^^^^^^^^^^^^^

warning: missing documentation for a struct field
    --> crates/borsuk/src/semantic_cell_overlap.rs:1309:5
     |
1309 |     pub ranked: Vec<OverlapScoredRow>,
     |     ^^^^^^^^^^^^^^^^^^^^^^^^^^^^^^^^^

warning: missing documentation for a struct field
    --> crates/borsuk/src/semantic_cell_overlap.rs:1310:5
     |
1310 |     pub underfill: bool,
     |     ^^^^^^^^^^^^^^^^^^^

warning: missing documentation for a struct field
    --> crates/borsuk/src/semantic_cell_overlap.rs:1311:5
     |
1311 |     pub accounting: OverlapQueryAccounting,
     |     ^^^^^^^^^^^^^^^^^^^^^^^^^^^^^^^^^^^^^^

warning: missing documentation for a struct
    --> crates/borsuk/src/semantic_cell_overlap.rs:1314:1
     |
1314 | pub struct OverlapSearchFailure {
     | ^^^^^^^^^^^^^^^^^^^^^^^^^^^^^^^

warning: missing documentation for a struct field
    --> crates/borsuk/src/semantic_cell_overlap.rs:1315:5
     |
1315 |     pub message: String,
     |     ^^^^^^^^^^^^^^^^^^^

warning: missing documentation for a struct field
    --> crates/borsuk/src/semantic_cell_overlap.rs:1316:5
     |
1316 |     pub accounting: OverlapQueryAccounting,
     |     ^^^^^^^^^^^^^^^^^^^^^^^^^^^^^^^^^^^^^^

warning: missing documentation for an enum
  --> crates/borsuk/src/serving_generation.rs:13:1
   |
13 | pub enum GenerationError {
   | ^^^^^^^^^^^^^^^^^^^^^^^^

warning: missing documentation for a variant
  --> crates/borsuk/src/serving_generation.rs:14:5
   |
14 |     IdentityMismatch,
   |     ^^^^^^^^^^^^^^^^

warning: missing documentation for a method
  --> crates/borsuk/src/serving_generation.rs:28:5
   |
28 |     pub fn router(&self) -> &SourceRouterArtifact {
   |     ^^^^^^^^^^^^^^^^^^^^^^^^^^^^^^^^^^^^^^^^^^^^^

warning: missing documentation for a method
  --> crates/borsuk/src/serving_generation.rs:70:5
   |
70 |     pub fn mirror(&self) -> &MirrorManifest {
   |     ^^^^^^^^^^^^^^^^^^^^^^^^^^^^^^^^^^^^^^^

warning: missing documentation for a method
  --> crates/borsuk/src/serving_generation.rs:73:5
   |
73 |     pub fn pages(&self) -> &PageAuthority {
   |     ^^^^^^^^^^^^^^^^^^^^^^^^^^^^^^^^^^^^^

warning: missing documentation for a method
  --> crates/borsuk/src/serving_generation.rs:76:5
   |
76 |     pub fn object_key(&self) -> &str {
   |     ^^^^^^^^^^^^^^^^^^^^^^^^^^^^^^^^

warning: missing documentation for a method
  --> crates/borsuk/src/serving_generation.rs:79:5
   |
79 |     pub fn etag(&self) -> &str {
   |     ^^^^^^^^^^^^^^^^^^^^^^^^^^

warning: missing documentation for an associated function
  --> crates/borsuk/src/serving_generation.rs:83:5
   |
83 | /     pub fn bind(
84 | |         router: &'a SourceRouterArtifact,
85 | |         row_map: &'a PhysicalRowPermutation,
86 | |         authority: &'a RelayedGenerationAuthority,
87 | |         mirror: &'a MirrorManifest,
88 | |         pages: &'a PageAuthority,
89 | |     ) -> Result<Self, GenerationError> {
   | |______________________________________^

warning: missing documentation for an associated function
   --> crates/borsuk/src/serving_generation.rs:148:5
    |
148 | /     pub fn bind(
149 | |         base: ServingGeneration<'a>,
150 | |         source: &'a NativeSourceTier,
151 | |         map: &'a NativeSourceIdMap,
152 | |     ) -> Result<Self, GenerationError> {
    | |______________________________________^

warning: missing documentation for a method
   --> crates/borsuk/src/serving_generation.rs:164:5
    |
164 |     pub fn base(&self) -> &ServingGeneration<'a> {
    |     ^^^^^^^^^^^^^^^^^^^^^^^^^^^^^^^^^^^^^^^^^^^^

warning: missing documentation for a method
   --> crates/borsuk/src/serving_generation.rs:168:5
    |
168 |     pub fn source(&self) -> &NativeSourceTier {
    |     ^^^^^^^^^^^^^^^^^^^^^^^^^^^^^^^^^^^^^^^^^

warning: missing documentation for a method
   --> crates/borsuk/src/serving_generation.rs:172:5
    |
172 |     pub fn map(&self) -> &NativeSourceIdMap {
    |     ^^^^^^^^^^^^^^^^^^^^^^^^^^^^^^^^^^^^^^^

warning: missing documentation for an enum
 --> crates/borsuk/src/sq8_page_authority.rs:7:1
  |
7 | pub enum PageError {
  | ^^^^^^^^^^^^^^^^^^

warning: missing documentation for a variant
 --> crates/borsuk/src/sq8_page_authority.rs:8:5
  |
8 |     InvalidManifest,
  |     ^^^^^^^^^^^^^^^

warning: missing documentation for a variant
 --> crates/borsuk/src/sq8_page_authority.rs:9:5
  |
9 |     InvalidSidecar,
  |     ^^^^^^^^^^^^^^

warning: missing documentation for a variant
  --> crates/borsuk/src/sq8_page_authority.rs:10:5
   |
10 |     InvalidRange,
   |     ^^^^^^^^^^^^

warning: missing documentation for a variant
  --> crates/borsuk/src/sq8_page_authority.rs:11:5
   |
11 |     InvalidResponse,
   |     ^^^^^^^^^^^^^^^

warning: missing documentation for a variant
  --> crates/borsuk/src/sq8_page_authority.rs:12:5
   |
12 |     HashMismatch,
   |     ^^^^^^^^^^^^

warning: missing documentation for a struct field
  --> crates/borsuk/src/sq8_page_authority.rs:29:5
   |
29 |     pub status: u16,
   |     ^^^^^^^^^^^^^^^

warning: missing documentation for a struct field
  --> crates/borsuk/src/sq8_page_authority.rs:30:5
   |
30 |     pub content_range: &'a str,
   |     ^^^^^^^^^^^^^^^^^^^^^^^^^^

warning: missing documentation for a struct field
  --> crates/borsuk/src/sq8_page_authority.rs:31:5
   |
31 |     pub content_length: usize,
   |     ^^^^^^^^^^^^^^^^^^^^^^^^^

warning: missing documentation for a struct field
  --> crates/borsuk/src/sq8_page_authority.rs:32:5
   |
32 |     pub etag: &'a str,
   |     ^^^^^^^^^^^^^^^^^

warning: missing documentation for a struct field
  --> crates/borsuk/src/sq8_page_authority.rs:33:5
   |
33 |     pub payload: &'a [u8],
   |     ^^^^^^^^^^^^^^^^^^^^^

warning: missing documentation for an associated function
  --> crates/borsuk/src/sq8_page_authority.rs:44:5
   |
44 | /     pub fn load(
45 | |         manifest_json: &[u8],
46 | |         expected_manifest_sha256: &str,
47 | |         sidecar: &[u8],
48 | |     ) -> Result<Self, PageError> {
   | |________________________________^

warning: missing documentation for a method
   --> crates/borsuk/src/sq8_page_authority.rs:222:5
    |
222 |     pub fn generation(&self) -> u64 {
    |     ^^^^^^^^^^^^^^^^^^^^^^^^^^^^^^^

warning: missing documentation for a method
   --> crates/borsuk/src/sq8_page_authority.rs:225:5
    |
225 |     pub fn rows(&self) -> usize {
    |     ^^^^^^^^^^^^^^^^^^^^^^^^^^^

warning: missing documentation for a method
   --> crates/borsuk/src/sq8_page_authority.rs:228:5
    |
228 |     pub fn dimensions(&self) -> usize {
    |     ^^^^^^^^^^^^^^^^^^^^^^^^^^^^^^^^^

warning: missing documentation for a method
   --> crates/borsuk/src/sq8_page_authority.rs:231:5
    |
231 |     pub fn page_rows(&self) -> usize {
    |     ^^^^^^^^^^^^^^^^^^^^^^^^^^^^^^^^

warning: missing documentation for a method
   --> crates/borsuk/src/sq8_page_authority.rs:234:5
    |
234 |     pub fn object_sha256(&self) -> &str {
    |     ^^^^^^^^^^^^^^^^^^^^^^^^^^^^^^^^^^^

warning: missing documentation for a method
   --> crates/borsuk/src/sq8_page_authority.rs:238:5
    |
238 |     pub fn object_bytes(&self) -> usize {
    |     ^^^^^^^^^^^^^^^^^^^^^^^^^^^^^^^^^^^

warning: missing documentation for a method
   --> crates/borsuk/src/sq8_page_authority.rs:242:5
    |
242 | /     pub fn byte_range(
243 | |         &self,
244 | |         first_page: usize,
245 | |         last_page: usize,
246 | |     ) -> Result<Range<usize>, PageError> {
    | |________________________________________^

warning: missing documentation for an enum
  --> crates/borsuk/src/sq8_s3_range.rs:20:1
   |
20 | pub enum RangeFetchError {
   | ^^^^^^^^^^^^^^^^^^^^^^^^

warning: missing documentation for a variant
  --> crates/borsuk/src/sq8_s3_range.rs:21:5
   |
21 |     Store(object_store::Error),
   |     ^^^^^

warning: missing documentation for a variant
  --> crates/borsuk/src/sq8_s3_range.rs:22:5
   |
22 |     Page(PageError),
   |     ^^^^

warning: missing documentation for a variant
  --> crates/borsuk/src/sq8_s3_range.rs:23:5
   |
23 |     Score(Sq8ScoreError),
   |     ^^^^^

warning: missing documentation for a variant
  --> crates/borsuk/src/sq8_s3_range.rs:24:5
   |
24 |     UnexpectedMetadata,
   |     ^^^^^^^^^^^^^^^^^^

warning: missing documentation for a struct field
  --> crates/borsuk/src/sq8_s3_range.rs:31:5
   |
31 |     pub submitted_gets: usize,
   |     ^^^^^^^^^^^^^^^^^^^^^^^^^

warning: missing documentation for a struct field
  --> crates/borsuk/src/sq8_s3_range.rs:32:5
   |
32 |     pub verified_bytes: usize,
   |     ^^^^^^^^^^^^^^^^^^^^^^^^^

warning: missing documentation for a struct field
  --> crates/borsuk/src/sq8_s3_range.rs:33:5
   |
33 |     pub failed_gets: usize,
   |     ^^^^^^^^^^^^^^^^^^^^^^

warning: missing documentation for a struct field
  --> crates/borsuk/src/sq8_s3_range.rs:39:5
   |
39 |     pub candidates: Vec<ScoredNominee>,
   |     ^^^^^^^^^^^^^^^^^^^^^^^^^^^^^^^^^^

warning: missing documentation for a struct field
  --> crates/borsuk/src/sq8_s3_range.rs:40:5
   |
40 |     pub stats: Sq8ReadStats,
   |     ^^^^^^^^^^^^^^^^^^^^^^^

warning: missing documentation for a struct field
  --> crates/borsuk/src/sq8_s3_range.rs:46:5
   |
46 |     pub error: RangeFetchError,
   |     ^^^^^^^^^^^^^^^^^^^^^^^^^^

warning: missing documentation for a struct field
  --> crates/borsuk/src/sq8_s3_range.rs:47:5
   |
47 |     pub stats: Sq8ReadStats,
   |     ^^^^^^^^^^^^^^^^^^^^^^^

warning: missing documentation for a struct field
  --> crates/borsuk/src/sq8_s3_range.rs:52:5
   |
52 |     pub start: usize,
   |     ^^^^^^^^^^^^^^^^

warning: missing documentation for a struct field
  --> crates/borsuk/src/sq8_s3_range.rs:53:5
   |
53 |     pub bytes: Bytes,
   |     ^^^^^^^^^^^^^^^^

warning: missing documentation for a struct field
  --> crates/borsuk/src/sq8_s3_range.rs:67:5
   |
67 |     pub transport_failures: u64,
   |     ^^^^^^^^^^^^^^^^^^^^^^^^^^^

warning: missing documentation for a struct field
  --> crates/borsuk/src/sq8_s3_range.rs:68:5
   |
68 |     pub stream_failures: u64,
   |     ^^^^^^^^^^^^^^^^^^^^^^^^

warning: missing documentation for a struct field
  --> crates/borsuk/src/sq8_s3_range.rs:69:5
   |
69 |     pub consumed_payload_bytes: u64,
   |     ^^^^^^^^^^^^^^^^^^^^^^^^^^^^^^^

warning: missing documentation for an associated function
   --> crates/borsuk/src/sq8_s3_range.rs:273:5
    |
273 |     pub fn new(bucket: &str, region: &str) -> Result<Self, RangeFetchError> {
    |     ^^^^^^^^^^^^^^^^^^^^^^^^^^^^^^^^^^^^^^^^^^^^^^^^^^^^^^^^^^^^^^^^^^^^^^^

warning: missing documentation for a method
   --> crates/borsuk/src/sq8_s3_range.rs:281:5
    |
281 | /     pub async fn fetch_verified_pages(
282 | |         &self,
283 | |         location: &Path,
284 | |         authority: &PageAuthority,
...   |
288 | |         max_bytes: usize,
289 | |     ) -> Result<VerifiedRange, RangeFetchError> {
    | |_______________________________________________^

warning: missing documentation for a struct
  --> crates/borsuk/src/unconstrained_priced_interval.rs:10:1
   |
10 | pub struct UnconstrainedCover {
   | ^^^^^^^^^^^^^^^^^^^^^^^^^^^^^

warning: missing documentation for a struct field
  --> crates/borsuk/src/unconstrained_priced_interval.rs:11:5
   |
11 |     pub intervals: Vec<(usize, usize)>,
   |     ^^^^^^^^^^^^^^^^^^^^^^^^^^^^^^^^^^

warning: missing documentation for a struct field
  --> crates/borsuk/src/unconstrained_priced_interval.rs:12:5
   |
12 |     pub mass: i64,
   |     ^^^^^^^^^^^^^

warning: missing documentation for a struct field
  --> crates/borsuk/src/unconstrained_priced_interval.rs:13:5
   |
13 |     pub units: usize,
   |     ^^^^^^^^^^^^^^^^

warning: missing documentation for a struct field
  --> crates/borsuk/src/unconstrained_priced_interval.rs:14:5
   |
14 |     pub gets: usize,
   |     ^^^^^^^^^^^^^^^

warning: missing documentation for a struct field
  --> crates/borsuk/src/unconstrained_priced_interval.rs:15:5
   |
15 |     pub objective: i64,
   |     ^^^^^^^^^^^^^^^^^^

warning: missing documentation for an enum
  --> crates/borsuk/src/unconstrained_priced_interval.rs:19:1
   |
19 | pub enum CoverError {
   | ^^^^^^^^^^^^^^^^^^^

warning: missing documentation for a variant
  --> crates/borsuk/src/unconstrained_priced_interval.rs:20:5
   |
20 |     InvalidGeometry,
   |     ^^^^^^^^^^^^^^^

warning: missing documentation for a variant
  --> crates/borsuk/src/unconstrained_priced_interval.rs:21:5
   |
21 |     ArithmeticOverflow,
   |     ^^^^^^^^^^^^^^^^^^

warning: missing documentation for a variant
  --> crates/borsuk/src/unconstrained_priced_interval.rs:22:5
   |
22 |     InvalidWitness,
   |     ^^^^^^^^^^^^^^

warning: missing documentation for a variant
  --> crates/borsuk/src/unconstrained_priced_interval.rs:23:5
   |
23 |     NoFeasibleCover,
   |     ^^^^^^^^^^^^^^^

warning: missing documentation for a variant
  --> crates/borsuk/src/unconstrained_priced_interval.rs:24:5
   |
24 |     TraceBudgetExceeded,
   |     ^^^^^^^^^^^^^^^^^^^

warning: missing documentation for an enum
  --> crates/borsuk/src/unit_centroid_graph.rs:19:1
   |
19 | pub enum UnitCentroidGraphError {
   | ^^^^^^^^^^^^^^^^^^^^^^^^^^^^^^^

warning: missing documentation for a variant
  --> crates/borsuk/src/unit_centroid_graph.rs:20:5
   |
20 |     InvalidGeometry,
   |     ^^^^^^^^^^^^^^^

warning: missing documentation for a variant
  --> crates/borsuk/src/unit_centroid_graph.rs:21:5
   |
21 |     InvalidArtifact,
   |     ^^^^^^^^^^^^^^^

warning: missing documentation for a variant
  --> crates/borsuk/src/unit_centroid_graph.rs:22:5
   |
22 |     InvalidQuery,
   |     ^^^^^^^^^^^^

warning: missing documentation for a variant
  --> crates/borsuk/src/unit_centroid_graph.rs:23:5
   |
23 |     ArithmeticOverflow,
   |     ^^^^^^^^^^^^^^^^^^

warning: missing documentation for a variant
  --> crates/borsuk/src/unit_centroid_graph.rs:24:5
   |
24 |     MemoryBudgetExceeded,
   |     ^^^^^^^^^^^^^^^^^^^^

warning: missing documentation for a variant
  --> crates/borsuk/src/unit_centroid_graph.rs:25:5
   |
25 |     Scorer(UnitCentroidError),
   |     ^^^^^^

warning: missing documentation for a struct
  --> crates/borsuk/src/unit_centroid_graph.rs:46:1
   |
46 | pub struct UnitCentroidGraph {
   | ^^^^^^^^^^^^^^^^^^^^^^^^^^^^

warning: missing documentation for a struct
  --> crates/borsuk/src/unit_centroid_graph.rs:58:1
   |
58 | pub struct UnitCentroidGraphSearch {
   | ^^^^^^^^^^^^^^^^^^^^^^^^^^^^^^^^^^

warning: missing documentation for a struct field
  --> crates/borsuk/src/unit_centroid_graph.rs:61:5
   |
61 |     pub unit_evaluations: usize,
   |     ^^^^^^^^^^^^^^^^^^^^^^^^^^^

warning: missing documentation for a struct field
  --> crates/borsuk/src/unit_centroid_graph.rs:64:5
   |
64 |     pub work_exhausted: bool,
   |     ^^^^^^^^^^^^^^^^^^^^^^^^

warning: missing documentation for a struct
  --> crates/borsuk/src/unit_centroid_graph.rs:68:1
   |
68 | pub struct PageDiverseGraphSearch {
   | ^^^^^^^^^^^^^^^^^^^^^^^^^^^^^^^^^

warning: missing documentation for an associated function
   --> crates/borsuk/src/unit_centroid_graph.rs:161:5
    |
161 | /     pub fn build(
162 | |         scorer: &UnitCentroidPages,
163 | |         centroid_blob: &[u8],
164 | |     ) -> Result<Self, UnitCentroidGraphError> {
    | |_____________________________________________^

warning: missing documentation for a method
   --> crates/borsuk/src/unit_centroid_graph.rs:237:5
    |
237 |     pub fn node_count(&self) -> usize {
    |     ^^^^^^^^^^^^^^^^^^^^^^^^^^^^^^^^^

warning: missing documentation for a method
   --> crates/borsuk/src/unit_centroid_graph.rs:354:5
    |
354 |     pub fn encode(&self) -> Result<Vec<u8>, UnitCentroidGraphError> {
    |     ^^^^^^^^^^^^^^^^^^^^^^^^^^^^^^^^^^^^^^^^^^^^^^^^^^^^^^^^^^^^^^^

warning: missing documentation for an associated function
   --> crates/borsuk/src/unit_centroid_graph.rs:400:5
    |
400 | /     pub fn decode(
401 | |         bytes: &[u8],
402 | |         centroid_blob: &[u8],
403 | |         scorer: &UnitCentroidPages,
404 | |     ) -> Result<Self, UnitCentroidGraphError> {
    | |_____________________________________________^

warning: missing documentation for a method
   --> crates/borsuk/src/unit_centroid_graph.rs:515:5
    |
515 | /     pub fn search(
516 | |         &self,
517 | |         scorer: &UnitCentroidPages,
518 | |         query: &[f32],
519 | |         nearest_units: usize,
520 | |         max_evaluations: usize,
521 | |     ) -> Result<UnitCentroidGraphSearch, UnitCentroidGraphError> {
    | |________________________________________________________________^

warning: missing documentation for an enum
  --> crates/borsuk/src/unit_centroid_pages.rs:21:1
   |
21 | pub enum UnitCentroidError {
   | ^^^^^^^^^^^^^^^^^^^^^^^^^^

warning: missing documentation for a variant
  --> crates/borsuk/src/unit_centroid_pages.rs:22:5
   |
22 |     InvalidGeometry,
   |     ^^^^^^^^^^^^^^^

warning: missing documentation for a variant
  --> crates/borsuk/src/unit_centroid_pages.rs:23:5
   |
23 |     InvalidCoefficients,
   |     ^^^^^^^^^^^^^^^^^^^

warning: missing documentation for a variant
  --> crates/borsuk/src/unit_centroid_pages.rs:24:5
   |
24 |     InvalidPayload,
   |     ^^^^^^^^^^^^^^

warning: missing documentation for a variant
  --> crates/borsuk/src/unit_centroid_pages.rs:25:5
   |
25 |     InvalidQuery,
   |     ^^^^^^^^^^^^

warning: missing documentation for a variant
  --> crates/borsuk/src/unit_centroid_pages.rs:26:5
   |
26 |     ArithmeticOverflow,
   |     ^^^^^^^^^^^^^^^^^^

warning: missing documentation for a variant
  --> crates/borsuk/src/unit_centroid_pages.rs:27:5
   |
27 |     Io(std::io::Error),
   |     ^^

warning: missing documentation for a struct
  --> crates/borsuk/src/unit_centroid_pages.rs:48:1
   |
48 | pub struct UnitCentroidPages {
   | ^^^^^^^^^^^^^^^^^^^^^^^^^^^^

warning: missing documentation for a method
   --> crates/borsuk/src/unit_centroid_pages.rs:206:5
    |
206 |     pub fn rows(&self) -> usize {
    |     ^^^^^^^^^^^^^^^^^^^^^^^^^^^

warning: missing documentation for a method
   --> crates/borsuk/src/unit_centroid_pages.rs:210:5
    |
210 |     pub fn blob_sha256(&self) -> &[u8; 32] {
    |     ^^^^^^^^^^^^^^^^^^^^^^^^^^^^^^^^^^^^^^

warning: missing documentation for a method
   --> crates/borsuk/src/unit_centroid_pages.rs:214:5
    |
214 |     pub fn dimensions(&self) -> usize {
    |     ^^^^^^^^^^^^^^^^^^^^^^^^^^^^^^^^^

warning: missing documentation for a method
   --> crates/borsuk/src/unit_centroid_pages.rs:218:5
    |
218 |     pub fn unit_rows(&self) -> usize {
    |     ^^^^^^^^^^^^^^^^^^^^^^^^^^^^^^^^

warning: missing documentation for a method
   --> crates/borsuk/src/unit_centroid_pages.rs:222:5
    |
222 |     pub fn page_rows(&self) -> usize {
    |     ^^^^^^^^^^^^^^^^^^^^^^^^^^^^^^^^

warning: missing documentation for a method
   --> crates/borsuk/src/unit_centroid_pages.rs:231:5
    |
231 |     pub fn unit_count(&self) -> usize {
    |     ^^^^^^^^^^^^^^^^^^^^^^^^^^^^^^^^^

warning: missing documentation for a method
   --> crates/borsuk/src/unit_centroid_pages.rs:235:5
    |
235 |     pub fn unit_centroid(&self, unit: usize) -> Option<&[f32]> {
    |     ^^^^^^^^^^^^^^^^^^^^^^^^^^^^^^^^^^^^^^^^^^^^^^^^^^^^^^^^^^

warning: `borsuk` (lib) generated 1279 warnings (run `cargo clippy --fix --lib -p borsuk -- -D clippy::correctness -D clippy::suspicious` to apply 111 suggestions)
   Compiling heck v0.5.0
    Checking anstyle v1.0.14
    Checking utf8parse v0.2.2
    Checking anstyle-parse v1.0.0
    Checking colorchoice v1.0.5
    Checking anstyle-query v1.1.5
    Checking is_terminal_polyfill v1.70.2
    Checking anstream v1.0.0
    Checking strsim v0.11.1
    Checking clap_lex v1.1.0
    Checking clap_builder v4.6.0
   Compiling clap_derive v4.6.1
    Checking clap v4.6.1
    Checking ciborium-io v0.2.2
    Checking plotters-backend v0.3.7
    Checking plotters-svg v0.3.7
    Checking ciborium-ll v0.2.2
    Checking itertools v0.13.0
    Checking mime v0.3.17
    Checking cast v0.3.0
    Checking criterion-plot v0.6.0
    Checking axum-core v0.5.6
    Checking ciborium v0.2.2
    Checking plotters v0.3.7
    Checking tinytemplate v1.2.1
    Checking serde_path_to_error v0.1.20
    Checking matchit v0.8.4
    Checking oorandom v11.1.5
    Checking anes v0.1.6
    Checking criterion v0.7.0
    Checking axum v0.8.9
    Checking memory-stats v1.2.0
   Compiling target-lexicon v0.13.5
   Compiling pyo3-build-config v0.29.0
    Checking borsuk-v26 v0.0.0 (/mnt/borsuk-reducer/source/crates/borsuk-v26)
   Compiling pyo3-ffi v0.29.0
   Compiling napi-build v2.3.2
    Checking borsuk-v71 v0.0.0 (/mnt/borsuk-reducer/source/crates/borsuk-v71)
   Compiling pyo3 v0.29.0
    Checking predicates-core v1.0.10
   Compiling unicode-segmentation v1.13.3
   Compiling convert_case v0.11.0
   Compiling napi v3.10.0
   Compiling pyo3-macros-backend v0.29.0
    Checking libloading v0.9.0
   Compiling assert_cmd v2.2.2
    Checking difflib v0.4.0
    Checking termtree v0.5.1
    Checking predicates-tree v1.0.13
    Checking predicates v3.1.4
    Checking napi-sys v3.2.2
   Compiling pyo3-macros v0.29.0
   Compiling napi-derive-backend v5.1.0
   Compiling borsuk-node v0.1.0 (/mnt/borsuk-reducer/source/crates/borsuk-node)
   Compiling borsuk-python v0.1.0 (/mnt/borsuk-reducer/source/crates/borsuk-python)
    Checking bstr v1.12.3
    Checking wait-timeout v0.2.1
   Compiling ctor v1.0.7
    Checking nohash-hasher v0.2.0
    Checking rustc-hash v2.1.2
   Compiling napi-derive v3.5.8
    Checking borsuk-cli v0.1.0 (/mnt/borsuk-reducer/source/crates/borsuk-cli)
warning: unused variable: `body`
   --> crates/borsuk/src/bin/build_semantic_unit_router.rs:645:13
    |
645 |         let body = fs::read(output.join("root.bin")).unwrap();
    |             ^^^^ help: if this is intentional, prefix it with an underscore: `_body`
    |
    = note: `#[warn(unused_variables)]` (part of `#[warn(unused)]`) on by default

warning: `borsuk` (bin "build_semantic_unit_router" test) generated 1 warning (run `cargo clippy --fix --bin "build_semantic_unit_router" -p borsuk --tests -- -D clippy::correctness -D clippy::suspicious` to apply 1 suggestion)
warning: using `chunks_exact` with a constant chunk size
   --> crates/borsuk/src/bin/check_cohere_native_baseline.rs:273:53
    |
273 |     for (value, bytes) in values.iter_mut().zip(row.chunks_exact(4)) {
    |                                                     ^^^^^^^^^^^^^^^
    |
help: consider using `as_chunks::<4>()` instead
   --> crates/borsuk/src/bin/check_cohere_native_baseline.rs:273:53
    |
273 |     for (value, bytes) in values.iter_mut().zip(row.chunks_exact(4)) {
    |                                                     ^^^^^^^^^^^^^^^
    = help: for further information visit https://rust-lang.github.io/rust-clippy/rust-1.98.0/index.html#chunks_exact_to_as_chunks
    = note: `-W clippy::chunks-exact-to-as-chunks` implied by `-W clippy::all`
    = help: to override `-W clippy::all` add `#[allow(clippy::chunks_exact_to_as_chunks)]`

warning: using `chunks_exact` with a constant chunk size
   --> crates/borsuk/src/bin/check_cohere_native_baseline.rs:818:26
    |
818 |     for (i, word) in row.chunks_exact(8).enumerate() {
    |                          ^^^^^^^^^^^^^^^ help: consider using `as_chunks` instead: `as_chunks::<8>().0.iter()`
    |
    = help: for further information visit https://rust-lang.github.io/rust-clippy/rust-1.98.0/index.html#chunks_exact_to_as_chunks

warning: using `chunks_exact` with a constant chunk size
    --> crates/borsuk/src/bin/check_cohere_native_baseline.rs:1288:34
     |
1288 |             for (id, row) in raw.chunks_exact(D * 4).enumerate() {
     |                                  ^^^^^^^^^^^^^^^^^^^ help: consider using `as_chunks` instead: `as_chunks::<D * 4>().0.iter()`
     |
     = help: for further information visit https://rust-lang.github.io/rust-clippy/rust-1.98.0/index.html#chunks_exact_to_as_chunks

warning: using `chunks_exact` with a constant chunk size
    --> crates/borsuk/src/bin/check_cohere_native_baseline.rs:1290:22
     |
1290 |                     .chunks_exact(4)
     |                      ^^^^^^^^^^^^^^^ help: consider using `as_chunks` instead: `as_chunks::<4>().0.iter()`
     |
     = help: for further information visit https://rust-lang.github.io/rust-clippy/rust-1.98.0/index.html#chunks_exact_to_as_chunks

warning: using `chunks_exact` with a constant chunk size
    --> crates/borsuk/src/bin/check_cohere_native_baseline.rs:1338:18
     |
1338 |                 .chunks_exact(D + 12)
     |                  ^^^^^^^^^^^^^^^^^^^^ help: consider using `as_chunks` instead: `as_chunks::<D + 12>().0.iter()`
     |
     = help: for further information visit https://rust-lang.github.io/rust-clippy/rust-1.98.0/index.html#chunks_exact_to_as_chunks

warning: using `chunks_exact_mut` with a constant chunk size
    --> crates/borsuk/src/bin/check_cohere_native_baseline.rs:1491:44
     |
1491 |                 for word in bytes[..D * 4].chunks_exact_mut(4) {
     |                                            ^^^^^^^^^^^^^^^^^^^ help: consider using `as_chunks` instead: `as_chunks_mut::<4>().0`
     |
     = help: for further information visit https://rust-lang.github.io/rust-clippy/rust-1.98.0/index.html#chunks_exact_to_as_chunks

warning: `borsuk` (bin "check_cohere_native_baseline" test) generated 6 warnings (run `cargo clippy --fix --bin "check_cohere_native_baseline" -p borsuk --tests -- -D clippy::correctness -D clippy::suspicious` to apply 5 suggestions)
warning: unused import: `object_store::ObjectStore`
    --> crates/borsuk/tests/two_bit_application_ids.rs:1864:9
     |
1864 |     use object_store::ObjectStore;
     |         ^^^^^^^^^^^^^^^^^^^^^^^^^
     |
     = note: `#[warn(unused_imports)]` (part of `#[warn(unused)]`) on by default

warning: unused import: `ObjectStore`
  --> crates/borsuk/tests/two_bit_application_ids.rs:13:5
   |
13 |     ObjectStore, ObjectStoreExt, PutPayload, memory::InMemory, path::Path as ObjectPath,
   |     ^^^^^^^^^^^

warning: using `chunks_exact` with a constant chunk size
   --> crates/borsuk/tests/two_bit_application_ids.rs:851:10
    |
851 |         .chunks_exact(8)
    |          ^^^^^^^^^^^^^^^ help: consider using `as_chunks` instead: `as_chunks::<8>().0.iter()`
    |
    = help: for further information visit https://rust-lang.github.io/rust-clippy/rust-1.98.0/index.html#chunks_exact_to_as_chunks
    = note: `-W clippy::chunks-exact-to-as-chunks` implied by `-W clippy::all`
    = help: to override `-W clippy::all` add `#[allow(clippy::chunks_exact_to_as_chunks)]`

warning: using `chunks_exact` with a constant chunk size
   --> crates/borsuk/tests/two_bit_application_ids.rs:855:10
    |
855 |         .chunks_exact(16)
    |          ^^^^^^^^^^^^^^^^ help: consider using `as_chunks` instead: `as_chunks::<16>().0.iter()`
    |
    = help: for further information visit https://rust-lang.github.io/rust-clippy/rust-1.98.0/index.html#chunks_exact_to_as_chunks

warning: using `chunks_exact` with a constant chunk size
    --> crates/borsuk/tests/two_bit_application_ids.rs:1304:10
     |
1304 |         .chunks_exact(16)
     |          ^^^^^^^^^^^^^^^^ help: consider using `as_chunks` instead: `as_chunks::<16>().0.iter()`
     |
     = help: for further information visit https://rust-lang.github.io/rust-clippy/rust-1.98.0/index.html#chunks_exact_to_as_chunks

warning: the `Err`-variant returned from this closure is very large
    --> crates/borsuk/tests/two_bit_application_ids.rs:1894:37
     |
1894 |       let worker = std::thread::spawn(move || {
     |  _____________________________________^
1895 | |         tokio::runtime::Builder::new_current_thread()
1896 | |             .enable_all()
1897 | |             .build()
...    |
1909 | |             ))
1910 | |     });
     | |_____^ the `Err`-variant is at least 160 bytes
     |
     = help: try reducing the size of `borsuk::two_bit_store::TwoBitStoreError`, for example by boxing large elements or replacing it with `Box<borsuk::two_bit_store::TwoBitStoreError>`
     = help: for further information visit https://rust-lang.github.io/rust-clippy/rust-1.98.0/index.html#result_large_err
     = note: `-W clippy::result-large-err` implied by `-W clippy::all`
     = help: to override `-W clippy::all` add `#[allow(clippy::result_large_err)]`

warning: the `Err`-variant returned from this closure is very large
    --> crates/borsuk/tests/two_bit_application_ids.rs:1979:37
     |
1979 |       let worker = std::thread::spawn(move || {
     |  _____________________________________^
1980 | |         tokio::runtime::Builder::new_current_thread()
1981 | |             .enable_all()
1982 | |             .build()
...    |
1990 | |             ))
1991 | |     });
     | |_____^ the `Err`-variant is at least 160 bytes
     |
     = help: try reducing the size of `borsuk::two_bit_store::TwoBitStoreError`, for example by boxing large elements or replacing it with `Box<borsuk::two_bit_store::TwoBitStoreError>`
     = help: for further information visit https://rust-lang.github.io/rust-clippy/rust-1.98.0/index.html#result_large_err

warning: missing documentation for the crate
    --> crates/borsuk/tests/two_bit_application_ids.rs:1:1
     |
   1 | / mod common;
   2 | |
   3 | | use borsuk::{
   4 | |     exact_sq8_nominee::Sq8Geometry,
...    |
2273 | |     );
2274 | | }
     | |_^
     |
     = note: requested on the command line with `-W missing-docs`

warning: `borsuk` (test "two_bit_application_ids") generated 8 warnings (run `cargo clippy --fix --test "two_bit_application_ids" -p borsuk -- -D clippy::correctness -D clippy::suspicious` to apply 4 suggestions)
warning: using `chunks_exact` with a constant chunk size
  --> crates/borsuk/src/bin/build_two_bit_generation.rs:58:10
   |
58 |         .chunks_exact(8)
   |          ^^^^^^^^^^^^^^^ help: consider using `as_chunks` instead: `as_chunks::<8>().0.iter()`
   |
   = help: for further information visit https://rust-lang.github.io/rust-clippy/rust-1.98.0/index.html#chunks_exact_to_as_chunks
   = note: `-W clippy::chunks-exact-to-as-chunks` implied by `-W clippy::all`
   = help: to override `-W clippy::all` add `#[allow(clippy::chunks_exact_to_as_chunks)]`

warning: `borsuk` (bin "build_two_bit_generation" test) generated 1 warning (run `cargo clippy --fix --bin "build_two_bit_generation" -p borsuk --tests -- -D clippy::correctness -D clippy::suspicious` to apply 1 suggestion)
warning: using `chunks_exact` with a constant chunk size
  --> crates/borsuk/src/bin/v294_rust_source_parity.rs:76:20
   |
76 |     for row in raw.chunks_exact(768 * 4) {
   |                    ^^^^^^^^^^^^^^^^^^^^^ help: consider using `as_chunks` instead: `as_chunks::<768 * 4>().0`
   |
   = help: for further information visit https://rust-lang.github.io/rust-clippy/rust-1.98.0/index.html#chunks_exact_to_as_chunks
   = note: `-W clippy::chunks-exact-to-as-chunks` implied by `-W clippy::all`
   = help: to override `-W clippy::all` add `#[allow(clippy::chunks_exact_to_as_chunks)]`

warning: using `chunks_exact` with a constant chunk size
  --> crates/borsuk/src/bin/v294_rust_source_parity.rs:77:40
   |
77 |         for (coordinate, bytes) in row.chunks_exact(4).enumerate() {
   |                                        ^^^^^^^^^^^^^^^ help: consider using `as_chunks` instead: `as_chunks::<4>().0.iter()`
   |
   = help: for further information visit https://rust-lang.github.io/rust-clippy/rust-1.98.0/index.html#chunks_exact_to_as_chunks

warning: using `chunks_exact` with a constant chunk size
  --> crates/borsuk/src/bin/v294_rust_source_parity.rs:97:10
   |
97 |         .chunks_exact(780)
   |          ^^^^^^^^^^^^^^^^^ help: consider using `as_chunks` instead: `as_chunks::<780>().0.iter()`
   |
   = help: for further information visit https://rust-lang.github.io/rust-clippy/rust-1.98.0/index.html#chunks_exact_to_as_chunks

warning: using `chunks_exact` with a constant chunk size
   --> crates/borsuk/src/bin/v294_rust_source_parity.rs:111:56
    |
111 |             .zip(raw[id * 768 * 4..(id + 1) * 768 * 4].chunks_exact(4))
    |                                                        ^^^^^^^^^^^^^^^
    |
help: consider using `as_chunks::<4>()` instead
   --> crates/borsuk/src/bin/v294_rust_source_parity.rs:111:56
    |
111 |             .zip(raw[id * 768 * 4..(id + 1) * 768 * 4].chunks_exact(4))
    |                                                        ^^^^^^^^^^^^^^^
    = help: for further information visit https://rust-lang.github.io/rust-clippy/rust-1.98.0/index.html#chunks_exact_to_as_chunks

warning: `borsuk` (bin "v294_rust_source_parity" test) generated 4 warnings (run `cargo clippy --fix --bin "v294_rust_source_parity" -p borsuk --tests -- -D clippy::correctness -D clippy::suspicious` to apply 3 suggestions)
warning: manually reimplementing `div_ceil`
   --> crates/borsuk/src/bin/v154_relaion_page_graph.rs:149:58
    |
149 |             .map(|&page| (page * 8..((page + 1) * 8).min((ROWS + 31) / 32)).count())
    |                                                          ^^^^^^^^^^^^^^^^ help: consider using `.div_ceil()`: `ROWS.div_ceil(32)`
    |
    = help: for further information visit https://rust-lang.github.io/rust-clippy/rust-1.98.0/index.html#manual_div_ceil
    = note: `-W clippy::manual-div-ceil` implied by `-W clippy::all`
    = help: to override `-W clippy::all` add `#[allow(clippy::manual_div_ceil)]`

warning: manually reimplementing `div_ceil`
   --> crates/borsuk/src/bin/v154_relaion_page_graph.rs:190:58
    |
190 |             .map(|&page| (page * 8..((page + 1) * 8).min((ROWS + 31) / 32)).count())
    |                                                          ^^^^^^^^^^^^^^^^ help: consider using `.div_ceil()`: `ROWS.div_ceil(32)`
    |
    = help: for further information visit https://rust-lang.github.io/rust-clippy/rust-1.98.0/index.html#manual_div_ceil

warning: manually reimplementing `div_ceil`
   --> crates/borsuk/src/bin/v154_relaion_page_graph.rs:249:45
    |
249 |             (page * 8..((page + 1) * 8).min((ROWS + 31) / 32)).collect::<Vec<_>>()
    |                                             ^^^^^^^^^^^^^^^^ help: consider using `.div_ceil()`: `ROWS.div_ceil(32)`
    |
    = help: for further information visit https://rust-lang.github.io/rust-clippy/rust-1.98.0/index.html#manual_div_ceil

warning: manually reimplementing `div_ceil`
   --> crates/borsuk/src/bin/v154_relaion_page_graph.rs:481:67
    |
481 |             .flat_map(|&(page, _)| page * 8..((page + 1) * 8).min((ROWS + 31) / 32))
    |                                                                   ^^^^^^^^^^^^^^^^ help: consider using `.div_ceil()`: `ROWS.div_ceil(32)`
    |
    = help: for further information visit https://rust-lang.github.io/rust-clippy/rust-1.98.0/index.html#manual_div_ceil

warning: manually reimplementing `div_ceil`
   --> crates/borsuk/src/bin/v154_relaion_page_graph.rs:497:67
    |
497 |             .flat_map(|&(page, _)| page * 8..((page + 1) * 8).min((ROWS + 31) / 32))
    |                                                                   ^^^^^^^^^^^^^^^^ help: consider using `.div_ceil()`: `ROWS.div_ceil(32)`
    |
    = help: for further information visit https://rust-lang.github.io/rust-clippy/rust-1.98.0/index.html#manual_div_ceil

warning: `borsuk` (bin "v154_relaion_page_graph" test) generated 5 warnings (run `cargo clippy --fix --bin "v154_relaion_page_graph" -p borsuk --tests -- -D clippy::correctness -D clippy::suspicious` to apply 5 suggestions)
warning: manually reimplementing `div_ceil`
   --> crates/borsuk/src/bin/v152_cached_page_graph.rs:150:58
    |
150 |             .map(|&page| (page * 8..((page + 1) * 8).min((ROWS + 31) / 32)).count())
    |                                                          ^^^^^^^^^^^^^^^^ help: consider using `.div_ceil()`: `ROWS.div_ceil(32)`
    |
    = help: for further information visit https://rust-lang.github.io/rust-clippy/rust-1.98.0/index.html#manual_div_ceil
    = note: `-W clippy::manual-div-ceil` implied by `-W clippy::all`
    = help: to override `-W clippy::all` add `#[allow(clippy::manual_div_ceil)]`

warning: manually reimplementing `div_ceil`
   --> crates/borsuk/src/bin/v152_cached_page_graph.rs:191:58
    |
191 |             .map(|&page| (page * 8..((page + 1) * 8).min((ROWS + 31) / 32)).count())
    |                                                          ^^^^^^^^^^^^^^^^ help: consider using `.div_ceil()`: `ROWS.div_ceil(32)`
    |
    = help: for further information visit https://rust-lang.github.io/rust-clippy/rust-1.98.0/index.html#manual_div_ceil

warning: manually reimplementing `div_ceil`
   --> crates/borsuk/src/bin/v152_cached_page_graph.rs:250:45
    |
250 |             (page * 8..((page + 1) * 8).min((ROWS + 31) / 32)).collect::<Vec<_>>()
    |                                             ^^^^^^^^^^^^^^^^ help: consider using `.div_ceil()`: `ROWS.div_ceil(32)`
    |
    = help: for further information visit https://rust-lang.github.io/rust-clippy/rust-1.98.0/index.html#manual_div_ceil

warning: manually reimplementing `div_ceil`
   --> crates/borsuk/src/bin/v152_cached_page_graph.rs:458:67
    |
458 |             .flat_map(|&(page, _)| page * 8..((page + 1) * 8).min((ROWS + 31) / 32))
    |                                                                   ^^^^^^^^^^^^^^^^ help: consider using `.div_ceil()`: `ROWS.div_ceil(32)`
    |
    = help: for further information visit https://rust-lang.github.io/rust-clippy/rust-1.98.0/index.html#manual_div_ceil

warning: manually reimplementing `div_ceil`
   --> crates/borsuk/src/bin/v152_cached_page_graph.rs:474:67
    |
474 |             .flat_map(|&(page, _)| page * 8..((page + 1) * 8).min((ROWS + 31) / 32))
    |                                                                   ^^^^^^^^^^^^^^^^ help: consider using `.div_ceil()`: `ROWS.div_ceil(32)`
    |
    = help: for further information visit https://rust-lang.github.io/rust-clippy/rust-1.98.0/index.html#manual_div_ceil

warning: `borsuk` (bin "v152_cached_page_graph" test) generated 5 warnings (run `cargo clippy --fix --bin "v152_cached_page_graph" -p borsuk --tests -- -D clippy::correctness -D clippy::suspicious` to apply 5 suggestions)
warning: using `chunks_exact` with a constant chunk size
   --> crates/borsuk/src/bin/v216_heldout_pq_cosine_graph_100k.rs:113:10
    |
113 |         .chunks_exact(4)
    |          ^^^^^^^^^^^^^^^ help: consider using `as_chunks` instead: `as_chunks::<4>().0.iter()`
    |
    = help: for further information visit https://rust-lang.github.io/rust-clippy/rust-1.98.0/index.html#chunks_exact_to_as_chunks
    = note: `-W clippy::chunks-exact-to-as-chunks` implied by `-W clippy::all`
    = help: to override `-W clippy::all` add `#[allow(clippy::chunks_exact_to_as_chunks)]`

warning: using `chunks_exact` with a constant chunk size
   --> crates/borsuk/src/bin/v216_heldout_pq_cosine_graph_100k.rs:121:10
    |
121 |         .chunks_exact(4)
    |          ^^^^^^^^^^^^^^^ help: consider using `as_chunks` instead: `as_chunks::<4>().0.iter()`
    |
    = help: for further information visit https://rust-lang.github.io/rust-clippy/rust-1.98.0/index.html#chunks_exact_to_as_chunks

warning: `borsuk` (bin "v216_heldout_pq_cosine_graph_100k" test) generated 2 warnings (run `cargo clippy --fix --bin "v216_heldout_pq_cosine_graph_100k" -p borsuk --tests -- -D clippy::correctness -D clippy::suspicious` to apply 2 suggestions)
warning: using `chunks_exact` with a constant chunk size
   --> crates/borsuk/examples/compare_native_replay.rs:875:32
    |
875 |         for pair in args[1..9].chunks_exact(2) {
    |                                ^^^^^^^^^^^^^^^ help: consider using `as_chunks` instead: `as_chunks::<2>().0`
    |
    = help: for further information visit https://rust-lang.github.io/rust-clippy/rust-1.98.0/index.html#chunks_exact_to_as_chunks
    = note: `-W clippy::chunks-exact-to-as-chunks` implied by `-W clippy::all`
    = help: to override `-W clippy::all` add `#[allow(clippy::chunks_exact_to_as_chunks)]`

warning: `borsuk` (example "compare_native_replay") generated 1 warning (run `cargo clippy --fix --example "compare_native_replay" -p borsuk -- -D clippy::correctness -D clippy::suspicious` to apply 1 suggestion)
warning: using `chunks_exact` with a constant chunk size
  --> crates/borsuk/src/bin/v239_graph_containment_100k.rs:92:10
   |
92 |         .chunks_exact(4)
   |          ^^^^^^^^^^^^^^^ help: consider using `as_chunks` instead: `as_chunks::<4>().0.iter()`
   |
   = help: for further information visit https://rust-lang.github.io/rust-clippy/rust-1.98.0/index.html#chunks_exact_to_as_chunks
   = note: `-W clippy::chunks-exact-to-as-chunks` implied by `-W clippy::all`
   = help: to override `-W clippy::all` add `#[allow(clippy::chunks_exact_to_as_chunks)]`

warning: using `chunks_exact` with a constant chunk size
   --> crates/borsuk/src/bin/v239_graph_containment_100k.rs:100:10
    |
100 |         .chunks_exact(4)
    |          ^^^^^^^^^^^^^^^ help: consider using `as_chunks` instead: `as_chunks::<4>().0.iter()`
    |
    = help: for further information visit https://rust-lang.github.io/rust-clippy/rust-1.98.0/index.html#chunks_exact_to_as_chunks

warning: `borsuk` (bin "v239_graph_containment_100k" test) generated 2 warnings (run `cargo clippy --fix --bin "v239_graph_containment_100k" -p borsuk --tests -- -D clippy::correctness -D clippy::suspicious` to apply 2 suggestions)
warning: using `chunks_exact` with a constant chunk size
   --> crates/borsuk/src/bin/v248_build_cohere_graph_100k.rs:103:26
    |
103 |                         .chunks_exact(4)
    |                          ^^^^^^^^^^^^^^^ help: consider using `as_chunks` instead: `as_chunks::<4>().0.iter()`
    |
    = help: for further information visit https://rust-lang.github.io/rust-clippy/rust-1.98.0/index.html#chunks_exact_to_as_chunks
    = note: `-W clippy::chunks-exact-to-as-chunks` implied by `-W clippy::all`
    = help: to override `-W clippy::all` add `#[allow(clippy::chunks_exact_to_as_chunks)]`

warning: using `chunks_exact` with a constant chunk size
   --> crates/borsuk/src/bin/v248_build_cohere_graph_100k.rs:117:21
    |
117 |                 row.chunks_exact(4)
    |                     ^^^^^^^^^^^^^^^ help: consider using `as_chunks` instead: `as_chunks::<4>().0.iter()`
    |
    = help: for further information visit https://rust-lang.github.io/rust-clippy/rust-1.98.0/index.html#chunks_exact_to_as_chunks

warning: `borsuk` (bin "v248_build_cohere_graph_100k" test) generated 2 warnings (run `cargo clippy --fix --bin "v248_build_cohere_graph_100k" -p borsuk --tests -- -D clippy::correctness -D clippy::suspicious` to apply 2 suggestions)
warning: using `chunks_exact` with a constant chunk size
   --> crates/borsuk/src/bin/hierarchical_semantic_cells.rs:188:62
    |
188 |                 let gt = truth[ordinal*400..(ordinal+1)*400].chunks_exact(4)
    |                                                              ^^^^^^^^^^^^^^^ help: consider using `as_chunks` instead: `as_chunks::<4>().0.iter()`
    |
    = help: for further information visit https://rust-lang.github.io/rust-clippy/rust-1.98.0/index.html#chunks_exact_to_as_chunks
    = note: `-W clippy::chunks-exact-to-as-chunks` implied by `-W clippy::all`
    = help: to override `-W clippy::all` add `#[allow(clippy::chunks_exact_to_as_chunks)]`

warning: manual implementation of `.is_multiple_of()`
   --> crates/borsuk/src/bin/hierarchical_semantic_cells.rs:493:43
    |
493 |         require(config.truth.bytes > 0 && config.truth.bytes % 400 == 0
    |                                           ^^^^^^^^^^^^^^^^^^^^^^^^^^^^^ help: replace with: `config.truth.bytes.is_multiple_of(400)`
    |
    = help: for further information visit https://rust-lang.github.io/rust-clippy/rust-1.98.0/index.html#manual_is_multiple_of
    = note: `-W clippy::manual-is-multiple-of` implied by `-W clippy::all`
    = help: to override `-W clippy::all` add `#[allow(clippy::manual_is_multiple_of)]`

warning: using `chunks_exact` with a constant chunk size
   --> crates/borsuk/src/bin/hierarchical_semantic_cells.rs:504:80
    |
504 |             let ids = truth.get(start..end).ok_or("overlap truth row bounds")?.chunks_exact(4)
    |                                                                                ^^^^^^^^^^^^^^^ help: consider using `as_chunks` instead: `as_chunks::<4>().0.iter()`
    |
    = help: for further information visit https://rust-lang.github.io/rust-clippy/rust-1.98.0/index.html#chunks_exact_to_as_chunks

warning: using `chunks_exact` with a constant chunk size
   --> crates/borsuk/src/bin/hierarchical_semantic_cells.rs:835:18
    |
835 |                 .chunks_exact(4)
    |                  ^^^^^^^^^^^^^^^ help: consider using `as_chunks` instead: `as_chunks::<4>().0.iter()`
    |
    = help: for further information visit https://rust-lang.github.io/rust-clippy/rust-1.98.0/index.html#chunks_exact_to_as_chunks

warning: using `chunks_exact` with a constant chunk size
    --> crates/borsuk/src/bin/hierarchical_semantic_cells.rs:1265:10
     |
1265 |     body.chunks_exact(100 * 4)
     |          ^^^^^^^^^^^^^^^^^^^^^ help: consider using `as_chunks` instead: `as_chunks::<100 * 4>().0.iter()`
     |
     = help: for further information visit https://rust-lang.github.io/rust-clippy/rust-1.98.0/index.html#chunks_exact_to_as_chunks

warning: using `chunks_exact` with a constant chunk size
    --> crates/borsuk/src/bin/hierarchical_semantic_cells.rs:1268:18
     |
1268 |                 .chunks_exact(4)
     |                  ^^^^^^^^^^^^^^^ help: consider using `as_chunks` instead: `as_chunks::<4>().0.iter()`
     |
     = help: for further information visit https://rust-lang.github.io/rust-clippy/rust-1.98.0/index.html#chunks_exact_to_as_chunks

warning: manual `RangeInclusive::contains` implementation
    --> crates/borsuk/src/bin/hierarchical_semantic_cells.rs:1470:38
     |
1470 |                     .is_some_and(|v| v >= 0.98 && v <= 1.)
     |                                      ^^^^^^^^^^^^^^^^^^^^ help: use: `(0.98..=1.).contains(&v)`
     |
     = help: for further information visit https://rust-lang.github.io/rust-clippy/rust-1.98.0/index.html#manual_range_contains
     = note: `-W clippy::manual-range-contains` implied by `-W clippy::all`
     = help: to override `-W clippy::all` add `#[allow(clippy::manual_range_contains)]`

warning: using `chunks_exact` with a constant chunk size
    --> crates/borsuk/src/bin/hierarchical_semantic_cells.rs:2157:22
     |
2157 |                     .chunks_exact(15)
     |                      ^^^^^^^^^^^^^^^^ help: consider using `as_chunks` instead: `as_chunks::<15>().0.iter()`
     |
     = help: for further information visit https://rust-lang.github.io/rust-clippy/rust-1.98.0/index.html#chunks_exact_to_as_chunks

warning: using `chunks_exact` with a constant chunk size
    --> crates/borsuk/src/bin/hierarchical_semantic_cells.rs:2166:22
     |
2166 |                     .chunks_exact(15)
     |                      ^^^^^^^^^^^^^^^^ help: consider using `as_chunks` instead: `as_chunks::<15>().0.iter()`
     |
     = help: for further information visit https://rust-lang.github.io/rust-clippy/rust-1.98.0/index.html#chunks_exact_to_as_chunks

warning: using `chunks_exact` with a constant chunk size
    --> crates/borsuk/src/bin/hierarchical_semantic_cells.rs:2196:22
     |
2196 |                     .chunks_exact(15)
     |                      ^^^^^^^^^^^^^^^^ help: consider using `as_chunks` instead: `as_chunks::<15>().0.iter()`
     |
     = help: for further information visit https://rust-lang.github.io/rust-clippy/rust-1.98.0/index.html#chunks_exact_to_as_chunks

warning: using `chunks_exact` with a constant chunk size
    --> crates/borsuk/src/bin/hierarchical_semantic_cells.rs:2209:22
     |
2209 |                     .chunks_exact(14)
     |                      ^^^^^^^^^^^^^^^^ help: consider using `as_chunks` instead: `as_chunks::<14>().0.iter()`
     |
     = help: for further information visit https://rust-lang.github.io/rust-clippy/rust-1.98.0/index.html#chunks_exact_to_as_chunks

warning: using `chunks_exact` with a constant chunk size
    --> crates/borsuk/src/bin/hierarchical_semantic_cells.rs:3054:28
     |
3054 |             assert!(packed.chunks_exact(14).all(|row| row[13] & 0xf0 == 0));
     |                            ^^^^^^^^^^^^^^^^ help: consider using `as_chunks` instead: `as_chunks::<14>().0.iter()`
     |
     = help: for further information visit https://rust-lang.github.io/rust-clippy/rust-1.98.0/index.html#chunks_exact_to_as_chunks

warning: using `chunks_exact` with a constant chunk size
    --> crates/borsuk/src/bin/hierarchical_semantic_cells.rs:3056:18
     |
3056 |                 .chunks_exact(14)
     |                  ^^^^^^^^^^^^^^^^ help: consider using `as_chunks` instead: `as_chunks::<14>().0.iter()`
     |
     = help: for further information visit https://rust-lang.github.io/rust-clippy/rust-1.98.0/index.html#chunks_exact_to_as_chunks

warning: returning the result of a `let` binding from a block
    --> crates/borsuk/src/bin/hierarchical_semantic_cells.rs:3356:9
     |
3354 | / ...   let root = Artifact { path:primary.join("manifest.json"), bytes:fs::metadata(primary.join("manifest.json")).unwrap().len()...
3355 | | ...       sha256:receipt.root_sha256 };
     | |_______________________________________- unnecessary `let` binding
3356 |   ...   root
     |         ^^^^
     |
     = help: for further information visit https://rust-lang.github.io/rust-clippy/rust-1.98.0/index.html#let_and_return
     = note: `-W clippy::let-and-return` implied by `-W clippy::all`
     = help: to override `-W clippy::all` add `#[allow(clippy::let_and_return)]`
help: return the expression directly
     |
3354 ~         
3355 ~         Artifact { path:primary.join("manifest.json"), bytes:fs::metadata(primary.join("manifest.json")).unwrap().len() as usize,
3356 +             sha256:receipt.root_sha256 }
     |

warning: `borsuk` (bin "hierarchical_semantic_cells" test) generated 14 warnings (run `cargo clippy --fix --bin "hierarchical_semantic_cells" -p borsuk --tests -- -D clippy::correctness -D clippy::suspicious` to apply 14 suggestions)
warning: unnecessary `>= y + 1` or `x - 1 >=`
    --> crates/borsuk/src/budget_object_fitter.rs:2089:17
     |
2089 |         assert!(exhausted.work.operations <= result.work.operations - 1);
     |                 ^^^^^^^^^^^^^^^^^^^^^^^^^^^^^^^^^^^^^^^^^^^^^^^^^^^^^^^ help: change it to: `exhausted.work.operations < result.work.operations`
     |
     = help: for further information visit https://rust-lang.github.io/rust-clippy/rust-1.98.0/index.html#int_plus_one
     = note: `-W clippy::int-plus-one` implied by `-W clippy::all`
     = help: to override `-W clippy::all` add `#[allow(clippy::int_plus_one)]`

warning: unnecessary `>= y + 1` or `x - 1 >=`
    --> crates/borsuk/src/hierarchical_semantic_cells.rs:7043:25
     |
7043 |                         depth + 1 <= prototype.manifest.input.max_depth,
     |                         ^^^^^^^^^^^^^^^^^^^^^^^^^^^^^^^^^^^^^^^^^^^^^^^ help: change it to: `depth < prototype.manifest.input.max_depth`
     |
     = help: for further information visit https://rust-lang.github.io/rust-clippy/rust-1.98.0/index.html#int_plus_one

warning: constant `CANDIDATE_WIDTHS` is never used
  --> crates/borsuk/src/v41_forest_probe.rs:23:7
   |
23 | const CANDIDATE_WIDTHS: [usize; 5] = [64, 80, 96, 112, 123];
   |       ^^^^^^^^^^^^^^^^
   |
   = note: `#[warn(dead_code)]` (part of `#[warn(unused)]`) on by default

warning: the `Err`-variant returned from this function is very large
    --> crates/borsuk/src/budget_object_fitter.rs:1070:10
     |
1070 |     ) -> Result<FitResult, FitFailure> {
     |          ^^^^^^^^^^^^^^^^^^^^^^^^^^^^^ the `Err`-variant is at least 408 bytes
     |
     = help: try reducing the size of `budget_object_fitter::FitFailure`, for example by boxing large elements or replacing it with `Box<budget_object_fitter::FitFailure>`
     = help: for further information visit https://rust-lang.github.io/rust-clippy/rust-1.98.0/index.html#result_large_err

warning: the loop variable `k` is used to index `hidden_weights`
    --> crates/borsuk/src/budget_object_selector.rs:2452:22
     |
2452 |             for k in 0..3 {
     |                      ^^^^
     |
     = help: for further information visit https://rust-lang.github.io/rust-clippy/rust-1.98.0/index.html#needless_range_loop
     = note: `-W clippy::needless-range-loop` implied by `-W clippy::all`
     = help: to override `-W clippy::all` add `#[allow(clippy::needless_range_loop)]`
help: consider using an iterator and enumerate()
     |
2452 -             for k in 0..3 {
2452 +             for (k, <item>) in hidden_weights.iter_mut().enumerate().take(3) {
     |

warning: the loop variable `h` is used to index `mixture_weights`
    --> crates/borsuk/src/budget_object_selector.rs:2459:22
     |
2459 |             for h in 0..64 {
     |                      ^^^^^
     |
     = help: for further information visit https://rust-lang.github.io/rust-clippy/rust-1.98.0/index.html#needless_range_loop
help: consider using an iterator and enumerate()
     |
2459 -             for h in 0..64 {
2459 +             for (h, <item>) in mixture_weights.iter_mut().enumerate() {
     |

warning: the loop variable `i` is used to index `first`
    --> crates/borsuk/src/budget_object_selector.rs:2575:18
     |
2575 |         for i in 0..9 {
     |                  ^^^^
     |
     = help: for further information visit https://rust-lang.github.io/rust-clippy/rust-1.98.0/index.html#needless_range_loop
help: consider using an iterator and enumerate()
     |
2575 -         for i in 0..9 {
2575 +         for (i, <item>) in first.iter().enumerate().take(9) {
     |

warning: the loop variable `j` is used to index `second`
    --> crates/borsuk/src/budget_object_selector.rs:2576:22
     |
2576 |             for j in 0..9 {
     |                      ^^^^
     |
     = help: for further information visit https://rust-lang.github.io/rust-clippy/rust-1.98.0/index.html#needless_range_loop
help: consider using an iterator and enumerate()
     |
2576 -             for j in 0..9 {
2576 +             for (j, <item>) in second.iter().enumerate().take(9) {
     |

warning: the loop variable `block` is used to index `digests`
   --> crates/borsuk/src/exact_sq8_mirror.rs:272:30
    |
272 |                 for block in first_block..=last_block {
    |                              ^^^^^^^^^^^^^^^^^^^^^^^^
    |
    = help: for further information visit https://rust-lang.github.io/rust-clippy/rust-1.98.0/index.html#needless_range_loop
help: consider using an iterator and enumerate()
    |
272 -                 for block in first_block..=last_block {
272 +                 for (block, <item>) in digests.iter().enumerate().take(last_block + 1).skip(first_block) {
    |

warning: useless conversion to the same type: `std::ops::Range<u64>`
   --> crates/borsuk/src/graph_serving_generation.rs:788:13
    |
788 |             (0..rows as u64).into_iter(),
    |             ^^^^^^^^^^^^^^^^^^^^^^^^^^^^ help: consider removing `.into_iter()`: `(0..rows as u64)`
    |
    = help: for further information visit https://rust-lang.github.io/rust-clippy/rust-1.98.0/index.html#useless_conversion
    = note: `-W clippy::useless-conversion` implied by `-W clippy::all`
    = help: to override `-W clippy::all` add `#[allow(clippy::useless_conversion)]`

warning: using `chunks_exact` with a constant chunk size
    --> crates/borsuk/src/hierarchical_semantic_cells.rs:3481:14
     |
3481 |             .chunks_exact(14)
     |              ^^^^^^^^^^^^^^^^ help: consider using `as_chunks` instead: `as_chunks::<14>().0.iter()`
     |
     = help: for further information visit https://rust-lang.github.io/rust-clippy/rust-1.98.0/index.html#chunks_exact_to_as_chunks

warning: using `chunks_exact_mut` with a constant chunk size
    --> crates/borsuk/src/hierarchical_semantic_cells.rs:4253:24
     |
4253 |         for row in sq8.chunks_exact_mut(14) {
     |                        ^^^^^^^^^^^^^^^^^^^^ help: consider using `as_chunks` instead: `as_chunks_mut::<14>().0`
     |
     = help: for further information visit https://rust-lang.github.io/rust-clippy/rust-1.98.0/index.html#chunks_exact_to_as_chunks

warning: using `chunks_exact` with a constant chunk size
    --> crates/borsuk/src/hierarchical_semantic_cells.rs:4310:34
     |
4310 |         for (id, row) in mapping.chunks_exact(16).enumerate() {
     |                                  ^^^^^^^^^^^^^^^^ help: consider using `as_chunks` instead: `as_chunks::<16>().0.iter()`
     |
     = help: for further information visit https://rust-lang.github.io/rust-clippy/rust-1.98.0/index.html#chunks_exact_to_as_chunks

warning: using `chunks_exact` with a constant chunk size
    --> crates/borsuk/src/hierarchical_semantic_cells.rs:4339:29
     |
4339 |         for row in original.chunks_exact(14) {
     |                             ^^^^^^^^^^^^^^^^ help: consider using `as_chunks` instead: `as_chunks::<14>().0`
     |
     = help: for further information visit https://rust-lang.github.io/rust-clippy/rust-1.98.0/index.html#chunks_exact_to_as_chunks

warning: using `chunks_exact` with a constant chunk size
    --> crates/borsuk/src/hierarchical_semantic_cells.rs:4348:26
     |
4348 | ...   assert!(original.chunks_exact(14).any(|row| f32::from_le_bytes(row[8..12].try_into().unwrap()).to_bits() != 1_f32.to_bits()));
     |                        ^^^^^^^^^^^^^^^^ help: consider using `as_chunks` instead: `as_chunks::<14>().0.iter()`
     |
     = help: for further information visit https://rust-lang.github.io/rust-clippy/rust-1.98.0/index.html#chunks_exact_to_as_chunks

warning: using `chunks_exact` with a constant chunk size
    --> crates/borsuk/src/hierarchical_semantic_cells.rs:4905:37
     |
4905 |                     .zip(refinement.chunks_exact(14))
     |                                     ^^^^^^^^^^^^^^^^
     |
help: consider using `as_chunks::<14>()` instead
    --> crates/borsuk/src/hierarchical_semantic_cells.rs:4905:37
     |
4905 |                     .zip(refinement.chunks_exact(14))
     |                                     ^^^^^^^^^^^^^^^^
     = help: for further information visit https://rust-lang.github.io/rust-clippy/rust-1.98.0/index.html#chunks_exact_to_as_chunks

warning: using `chunks_exact` with a constant chunk size
    --> crates/borsuk/src/hierarchical_semantic_cells.rs:5118:32
     |
5118 |             for row in encoded.chunks_exact(14) {
     |                                ^^^^^^^^^^^^^^^^ help: consider using `as_chunks` instead: `as_chunks::<14>().0`
     |
     = help: for further information visit https://rust-lang.github.io/rust-clippy/rust-1.98.0/index.html#chunks_exact_to_as_chunks

warning: this `if` statement can be collapsed
    --> crates/borsuk/src/hierarchical_semantic_cells.rs:5282:17
     |
5282 | /                 if let Target::Cell { cell } = &mut node.target {
5283 | |                     if cell.id == selected.cell_id {
5284 | |                         cell.source.sha256 = hash(&bytes[cell.source.offset..cell.source.offset + cell.source.bytes]);
5285 | |                     }
5286 | |                 }
     | |_________________^
     |
     = help: for further information visit https://rust-lang.github.io/rust-clippy/rust-1.98.0/index.html#collapsible_if
help: collapse nested if block
     |
5282 ~                 if let Target::Cell { cell } = &mut node.target
5283 ~                     && cell.id == selected.cell_id {
5284 |                         cell.source.sha256 = hash(&bytes[cell.source.offset..cell.source.offset + cell.source.bytes]);
5285 ~                     }
     |

warning: this `if` statement can be collapsed
    --> crates/borsuk/src/hierarchical_semantic_cells.rs:5299:17
     |
5299 | /                 if let Target::Cell { cell } = &mut node.target {
5300 | |                     if cell.id == selected.cell_id {
5301 | |                         cell.source.sha256 = hash(&bytes[cell.source.offset..cell.source.offset + cell.source.bytes]);
5302 | |                     }
5303 | |                 }
     | |_________________^
     |
     = help: for further information visit https://rust-lang.github.io/rust-clippy/rust-1.98.0/index.html#collapsible_if
help: collapse nested if block
     |
5299 ~                 if let Target::Cell { cell } = &mut node.target
5300 ~                     && cell.id == selected.cell_id {
5301 |                         cell.source.sha256 = hash(&bytes[cell.source.offset..cell.source.offset + cell.source.bytes]);
5302 ~                     }
     |

warning: very complex type used. Consider factoring parts into `type` definitions
    --> crates/borsuk/src/object_native_generation.rs:1091:19
     |
1091 |         requests: Mutex<Vec<(String, bool, Option<std::ops::Range<u64>>)>>,
     |                   ^^^^^^^^^^^^^^^^^^^^^^^^^^^^^^^^^^^^^^^^^^^^^^^^^^^^^^^^
     |
     = help: for further information visit https://rust-lang.github.io/rust-clippy/rust-1.98.0/index.html#type_complexity

warning: using `chunks_exact_mut` with a constant chunk size
    --> crates/borsuk/src/object_native_generation.rs:1303:36
     |
1303 |                 for chunk in bytes.chunks_exact_mut(4) {
     |                                    ^^^^^^^^^^^^^^^^^^^ help: consider using `as_chunks` instead: `as_chunks_mut::<4>().0`
     |
     = help: for further information visit https://rust-lang.github.io/rust-clippy/rust-1.98.0/index.html#chunks_exact_to_as_chunks

warning: this operation has no effect
   --> crates/borsuk/src/pq64_nominee.rs:724:16
    |
724 |         books[(1 * 256 + 1) * 2 + 1] = 3.0;
    |                ^^^^^^^ help: consider reducing it to: `256`
    |
    = help: for further information visit https://rust-lang.github.io/rust-clippy/rust-1.98.0/index.html#identity_op
    = note: `-W clippy::identity-op` implied by `-W clippy::all`
    = help: to override `-W clippy::all` add `#[allow(clippy::identity_op)]`

warning: the loop variable `j` is used to index `predictor`
   --> crates/borsuk/src/pq_residual_four_bit.rs:450:26
    |
450 |                 for j in 0..d {
    |                          ^^^^
    |
    = help: for further information visit https://rust-lang.github.io/rust-clippy/rust-1.98.0/index.html#needless_range_loop
help: consider using an iterator and enumerate()
    |
450 -                 for j in 0..d {
450 +                 for (j, <item>) in predictor.iter().enumerate().take(d) {
    |

warning: using `chunks_exact` with a constant chunk size
    --> crates/borsuk/src/fine_sq8_groups.rs:1533:18
     |
1533 |                 .chunks_exact(14)
     |                  ^^^^^^^^^^^^^^^^ help: consider using `as_chunks` instead: `as_chunks::<14>().0.iter()`
     |
     = help: for further information visit https://rust-lang.github.io/rust-clippy/rust-1.98.0/index.html#chunks_exact_to_as_chunks

warning: items after a test module
    --> crates/borsuk/src/fine_sq8_groups.rs:8366:9
     |
8366 |           mod tests {
     |           ^^^^^^^^^
...
9862 | /         pub fn admit_survival(
9863 | |             body: &[u8],
9864 | |             run_id: &str,
9865 | |             receipt: &SupervisorReceipt,
9866 | |         ) -> Result<()> {
     | |_______________________^
...
9869 |           fn admit_impl(body: &[u8], run_id: &str, receipt: &SupervisorReceipt, learned: bool) -> Result<()> {
     |           ^^^^^^^^^^^^^^^^^^^^^^^^^^^^^^^^^^^^^^^^^^^^^^^^^^^^^^^^^^^^^^^^^^^^^^^^^^^^^^^^^^^^^^^^^^^^^^^^^^
     |
     = help: for further information visit https://rust-lang.github.io/rust-clippy/rust-1.98.0/index.html#items_after_test_module
     = note: `-W clippy::items-after-test-module` implied by `-W clippy::all`
     = help: to override `-W clippy::all` add `#[allow(clippy::items_after_test_module)]`
     = help: move the items to before the test module was defined

warning: using `chunks_exact` with a constant chunk size
    --> crates/borsuk/src/fine_sq8_groups.rs:5324:47
     |
5324 |                     for center in bytes[52..].chunks_exact(4) {
     |                                               ^^^^^^^^^^^^^^^ help: consider using `as_chunks` instead: `as_chunks::<4>().0`
     |
     = help: for further information visit https://rust-lang.github.io/rust-clippy/rust-1.98.0/index.html#chunks_exact_to_as_chunks

warning: using `chunks_exact` with a constant chunk size
    --> crates/borsuk/src/fine_sq8_groups.rs:5516:30
     |
5516 | ...                   .chunks_exact(8)
     |                        ^^^^^^^^^^^^^^^ help: consider using `as_chunks` instead: `as_chunks::<8>().0.iter()`
     |
     = help: for further information visit https://rust-lang.github.io/rust-clippy/rust-1.98.0/index.html#chunks_exact_to_as_chunks

warning: the loop variable `j` is used to index `prepared`
    --> crates/borsuk/src/fine_sq8_groups.rs:5576:38
     |
5576 | ...                   for j in 0..3 {
     |                                ^^^^
     |
     = help: for further information visit https://rust-lang.github.io/rust-clippy/rust-1.98.0/index.html#needless_range_loop
help: consider using an iterator and enumerate()
     |
5576 -                             for j in 0..3 {
5576 +                             for (j, <item>) in prepared.iter().enumerate().take(3) {
     |

warning: the loop variable `axis` is used to index `maps`
    --> crates/borsuk/src/fine_sq8_groups.rs:6879:33
     |
6879 |                     for axis in 0..3 {
     |                                 ^^^^
     |
     = help: for further information visit https://rust-lang.github.io/rust-clippy/rust-1.98.0/index.html#needless_range_loop
help: consider using an iterator and enumerate()
     |
6879 -                     for axis in 0..3 {
6879 +                     for (axis, <item>) in maps.iter().enumerate().take(3) {
     |

warning: the loop variable `b` is used to index `maps`
    --> crates/borsuk/src/fine_sq8_groups.rs:6880:34
     |
6880 |                         for b in 0..256 {
     |                                  ^^^^^^
     |
     = help: for further information visit https://rust-lang.github.io/rust-clippy/rust-1.98.0/index.html#needless_range_loop
help: consider using an iterator and enumerate()
     |
6880 -                         for b in 0..256 {
6880 +                         for (b, <item>) in maps.iter().enumerate().take(256) {
     |

warning: using `chunks_exact` with a constant chunk size
    --> crates/borsuk/src/fine_sq8_groups.rs:8405:47
     |
8405 |                 for (row, vector) in expanded.chunks_exact(15).zip(&vectors) {
     |                                               ^^^^^^^^^^^^^^^^ help: consider using `as_chunks` instead: `as_chunks::<15>().0.iter()`
     |
     = help: for further information visit https://rust-lang.github.io/rust-clippy/rust-1.98.0/index.html#chunks_exact_to_as_chunks

warning: using `chunks_exact` with a constant chunk size
    --> crates/borsuk/src/fine_sq8_groups.rs:8548:49
     |
8548 |                     for (ordinal, row) in bytes.chunks_exact(14).enumerate() {
     |                                                 ^^^^^^^^^^^^^^^^ help: consider using `as_chunks` instead: `as_chunks::<14>().0.iter()`
     |
     = help: for further information visit https://rust-lang.github.io/rust-clippy/rust-1.98.0/index.html#chunks_exact_to_as_chunks

warning: this assertion has a constant value
     --> crates/borsuk/src/fine_sq8_groups.rs:10274:13
      |
10274 |             assert!(17_921_280 > MAX_BYTES);
      |             ^^^^^^^^^^^^^^^^^^^^^^^^^^^^^^^
      |
      = help: consider moving this into a const block: `const { assert!(..) }`
      = help: for further information visit https://rust-lang.github.io/rust-clippy/rust-1.98.0/index.html#assertions_on_constants
      = note: `-W clippy::assertions-on-constants` implied by `-W clippy::all`
      = help: to override `-W clippy::all` add `#[allow(clippy::assertions_on_constants)]`

warning: using `chunks_exact_mut` with a constant chunk size
   --> crates/borsuk/src/pq64_router_artifact.rs:271:36
    |
271 |                 for chunk in bytes.chunks_exact_mut(4) {
    |                                    ^^^^^^^^^^^^^^^^^^^ help: consider using `as_chunks` instead: `as_chunks_mut::<4>().0`
    |
    = help: for further information visit https://rust-lang.github.io/rust-clippy/rust-1.98.0/index.html#chunks_exact_to_as_chunks

warning: very complex type used. Consider factoring parts into `type` definitions
   --> crates/borsuk/src/sq8_s3_range.rs:817:10
    |
817 |       ) -> (
    |  __________^
818 | |         OneAttemptS3,
819 | |         Arc<AtomicBool>,
820 | |         Arc<Mutex<Vec<String>>>,
821 | |         thread::JoinHandle<()>,
822 | |     ) {
    | |_____^
    |
    = help: for further information visit https://rust-lang.github.io/rust-clippy/rust-1.98.0/index.html#type_complexity

warning: very complex type used. Consider factoring parts into `type` definitions
   --> crates/borsuk/src/sq8_s3_range.rs:829:10
    |
829 |       ) -> (
    |  __________^
830 | |         OneAttemptS3,
831 | |         Arc<AtomicBool>,
832 | |         Arc<Mutex<Vec<String>>>,
833 | |         thread::JoinHandle<()>,
834 | |     ) {
    | |_____^
    |
    = help: for further information visit https://rust-lang.github.io/rust-clippy/rust-1.98.0/index.html#type_complexity

warning: using `chunks_exact_mut` with a constant chunk size
   --> crates/borsuk/src/unit_centroid_graph.rs:988:27
    |
988 |         for record in sq8.chunks_exact_mut(13) {
    |                           ^^^^^^^^^^^^^^^^^^^^ help: consider using `as_chunks` instead: `as_chunks_mut::<13>().0`
    |
    = help: for further information visit https://rust-lang.github.io/rust-clippy/rust-1.98.0/index.html#chunks_exact_to_as_chunks

warning: the `Err`-variant returned from this function is very large
   --> crates/borsuk/src/two_bit_generation.rs:629:6
    |
 76 | /     Query {
 77 | |         /// Observed intervals, including failed admitted stages.
 78 | |         stages: QueryStages,
 79 | |         /// Underlying error and incurred I/O charges.
 80 | |         error: Box<TwoBitGenerationError>,
 81 | |     },
    | |_____- the largest variant contains at least 152 bytes
...
629 |   ) -> Result<Vec<(usize, f64)>> {
    |        ^^^^^^^^^^^^^^^^^^^^^^^^^
    |
    = help: try reducing the size of `two_bit_generation::TwoBitGenerationError`, for example by boxing large elements or replacing it with `Box<two_bit_generation::TwoBitGenerationError>`
    = help: for further information visit https://rust-lang.github.io/rust-clippy/rust-1.98.0/index.html#result_large_err

warning: very complex type used. Consider factoring parts into `type` definitions
    --> crates/borsuk/src/two_bit_generation.rs:2240:16
     |
2240 |         reads: std::sync::Mutex<Vec<(String, bool, std::ops::Range<u64>, Option<String>)>>,
     |                ^^^^^^^^^^^^^^^^^^^^^^^^^^^^^^^^^^^^^^^^^^^^^^^^^^^^^^^^^^^^^^^^^^^^^^^^^^^
     |
     = help: for further information visit https://rust-lang.github.io/rust-clippy/rust-1.98.0/index.html#type_complexity

warning: the `Err`-variant returned from this closure is very large
    --> crates/borsuk/src/two_bit_generation.rs:4930:49
     |
  76 | /     Query {
  77 | |         /// Observed intervals, including failed admitted stages.
  78 | |         stages: QueryStages,
  79 | |         /// Underlying error and incurred I/O charges.
  80 | |         error: Box<TwoBitGenerationError>,
  81 | |     },
     | |_____- the largest variant contains at least 152 bytes
...
4930 |           assert!(rank_walked_source(513, &walks, |_| Ok(1.0)).is_err());
     |                                                   ^^^^^^^^^^^
     |
     = help: try reducing the size of `two_bit_generation::TwoBitGenerationError`, for example by boxing large elements or replacing it with `Box<two_bit_generation::TwoBitGenerationError>`
     = help: for further information visit https://rust-lang.github.io/rust-clippy/rust-1.98.0/index.html#result_large_err

warning: the `Err`-variant returned from this closure is very large
    --> crates/borsuk/src/two_bit_generation.rs:4980:55
     |
  76 | /     Query {
  77 | |         /// Observed intervals, including failed admitted stages.
  78 | |         stages: QueryStages,
  79 | |         /// Underlying error and incurred I/O charges.
  80 | |         error: Box<TwoBitGenerationError>,
  81 | |     },
     | |_____- the largest variant contains at least 152 bytes
...
4980 |           assert!(rank_walked_source(1_000_000, &walks, |_| panic!("graph cap relaxed")).is_err());
     |                                                         ^^^^^^^^^^^^^^^^^^^^^^^^^^^^^^^
     |
     = help: try reducing the size of `two_bit_generation::TwoBitGenerationError`, for example by boxing large elements or replacing it with `Box<two_bit_generation::TwoBitGenerationError>`
     = help: for further information visit https://rust-lang.github.io/rust-clippy/rust-1.98.0/index.html#result_large_err

warning: the `Err`-variant returned from this closure is very large
    --> crates/borsuk/src/two_bit_generation.rs:4987:13
     |
  76 | /     Query {
  77 | |         /// Observed intervals, including failed admitted stages.
  78 | |         stages: QueryStages,
  79 | |         /// Underlying error and incurred I/O charges.
  80 | |         error: Box<TwoBitGenerationError>,
  81 | |     },
     | |_____- the largest variant contains at least 152 bytes
...
4987 | /             |unit| {
4988 | |                 assert!(seen.insert(unit), "source unit scored twice");
4989 | |                 Ok(if unit == 4095 { 10. } else { 1. })
4990 | |             },
     | |_____________^
     |
     = help: try reducing the size of `two_bit_generation::TwoBitGenerationError`, for example by boxing large elements or replacing it with `Box<two_bit_generation::TwoBitGenerationError>`
     = help: for further information visit https://rust-lang.github.io/rust-clippy/rust-1.98.0/index.html#result_large_err

warning: the `Err`-variant returned from this closure is very large
    --> crates/borsuk/src/two_bit_generation.rs:5239:64
     |
  76 | /     Query {
  77 | |         /// Observed intervals, including failed admitted stages.
  78 | |         stages: QueryStages,
  79 | |         /// Underlying error and incurred I/O charges.
  80 | |         error: Box<TwoBitGenerationError>,
  81 | |     },
     | |_____- the largest variant contains at least 152 bytes
...
5239 |           let ranked = rank_walked_source(100000, &[(0, units)], |unit| {
     |  ________________________________________________________________^
5240 | |             assert!(seen.insert(unit), "source unit scored twice");
5241 | |             Ok(if unit == 1281 { 10.0 } else { 1.0 })
5242 | |         })
     | |_________^
     |
     = help: try reducing the size of `two_bit_generation::TwoBitGenerationError`, for example by boxing large elements or replacing it with `Box<two_bit_generation::TwoBitGenerationError>`
     = help: for further information visit https://rust-lang.github.io/rust-clippy/rust-1.98.0/index.html#result_large_err

warning: the `Err`-variant returned from this closure is very large
    --> crates/borsuk/src/two_bit_generation.rs:5253:84
     |
  76 | /     Query {
  77 | |         /// Observed intervals, including failed admitted stages.
  78 | |         stages: QueryStages,
  79 | |         /// Underlying error and incurred I/O charges.
  80 | |         error: Box<TwoBitGenerationError>,
  81 | |     },
     | |_____- the largest variant contains at least 152 bytes
...
5253 |           let ranked = rank_walked_source(1000000, &[(0, walk(1)), (0, walk(1265))], |unit| {
     |  ____________________________________________________________________________________^
5254 | |             assert!(seen.insert(unit), "source unit scored twice");
5255 | |             assert!(seen.len() <= 2544, "source row allowance exceeded");
5256 | |             Ok(if unit == 9 { 10.0 } else { 1.0 })
5257 | |         })
     | |_________^
     |
     = help: try reducing the size of `two_bit_generation::TwoBitGenerationError`, for example by boxing large elements or replacing it with `Box<two_bit_generation::TwoBitGenerationError>`
     = help: for further information visit https://rust-lang.github.io/rust-clippy/rust-1.98.0/index.html#result_large_err

warning: the `Err`-variant returned from this closure is very large
    --> crates/borsuk/src/two_bit_generation.rs:5270:78
     |
  76 | /     Query {
  77 | |         /// Observed intervals, including failed admitted stages.
  78 | |         stages: QueryStages,
  79 | |         /// Underlying error and incurred I/O charges.
  80 | |         error: Box<TwoBitGenerationError>,
  81 | |     },
     | |_____- the largest variant contains at least 152 bytes
...
5270 |           let ranked = rank_walked_source(100000, &[(0, units), (0, reverse)], |unit| {
     |  ______________________________________________________________________________^
5271 | |             calls += 1;
5272 | |             Ok(if unit == 1280 { 10.0 } else { 1.0 })
5273 | |         })
     | |_________^
     |
     = help: try reducing the size of `two_bit_generation::TwoBitGenerationError`, for example by boxing large elements or replacing it with `Box<two_bit_generation::TwoBitGenerationError>`
     = help: for further information visit https://rust-lang.github.io/rust-clippy/rust-1.98.0/index.html#result_large_err

warning: the `Err`-variant returned from this closure is very large
    --> crates/borsuk/src/two_bit_generation.rs:5284:72
     |
  76 | /     Query {
  77 | |         /// Observed intervals, including failed admitted stages.
  78 | |         stages: QueryStages,
  79 | |         /// Underlying error and incurred I/O charges.
  80 | |         error: Box<TwoBitGenerationError>,
  81 | |     },
     | |_____- the largest variant contains at least 152 bytes
...
5284 |           let ranked = rank_walked_source(257, &[(1, (0..9).collect())], |unit| {
     |  ________________________________________________________________________^
5285 | |             rows_scored += ((unit + 1) * 32).min(257) - unit * 32;
5286 | |             Ok(if unit == 8 { 2.0 } else { 1.0 })
5287 | |         })
     | |_________^
     |
     = help: try reducing the size of `two_bit_generation::TwoBitGenerationError`, for example by boxing large elements or replacing it with `Box<two_bit_generation::TwoBitGenerationError>`
     = help: for further information visit https://rust-lang.github.io/rust-clippy/rust-1.98.0/index.html#result_large_err

warning: the `Err`-variant returned from this closure is very large
    --> crates/borsuk/src/two_bit_generation.rs:5292:52
     |
  76 | /     Query {
  77 | |         /// Observed intervals, including failed admitted stages.
  78 | |         stages: QueryStages,
  79 | |         /// Underlying error and incurred I/O charges.
  80 | |         error: Box<TwoBitGenerationError>,
  81 | |     },
     | |_____- the largest variant contains at least 152 bytes
...
5292 |               rank_walked_source(1, &[(0, vec![0])], |_| Ok(3.0)).unwrap(),
     |                                                      ^^^^^^^^^^^
     |
     = help: try reducing the size of `two_bit_generation::TwoBitGenerationError`, for example by boxing large elements or replacing it with `Box<two_bit_generation::TwoBitGenerationError>`
     = help: for further information visit https://rust-lang.github.io/rust-clippy/rust-1.98.0/index.html#result_large_err

warning: the `Err`-variant returned from this closure is very large
    --> crates/borsuk/src/two_bit_generation.rs:5305:54
     |
  76 | /     Query {
  77 | |         /// Observed intervals, including failed admitted stages.
  78 | |         stages: QueryStages,
  79 | |         /// Underlying error and incurred I/O charges.
  80 | |         error: Box<TwoBitGenerationError>,
  81 | |     },
     | |_____- the largest variant contains at least 152 bytes
...
5305 |               assert!(rank_walked_source(rows, &walks, |_| panic!("invalid walk scored")).is_err());
     |                                                        ^^^^^^^^^^^^^^^^^^^^^^^^^^^^^^^^^
     |
     = help: try reducing the size of `two_bit_generation::TwoBitGenerationError`, for example by boxing large elements or replacing it with `Box<two_bit_generation::TwoBitGenerationError>`
     = help: for further information visit https://rust-lang.github.io/rust-clippy/rust-1.98.0/index.html#result_large_err

warning: the `Err`-variant returned from this closure is very large
    --> crates/borsuk/src/two_bit_generation.rs:5307:56
     |
  76 | /     Query {
  77 | |         /// Observed intervals, including failed admitted stages.
  78 | |         stages: QueryStages,
  79 | |         /// Underlying error and incurred I/O charges.
  80 | |         error: Box<TwoBitGenerationError>,
  81 | |     },
     | |_____- the largest variant contains at least 152 bytes
...
5307 |           assert!(rank_walked_source(1, &[(0, vec![0])], |_| Ok(f64::NAN)).is_err());
     |                                                          ^^^^^^^^^^^^^^^^
     |
     = help: try reducing the size of `two_bit_generation::TwoBitGenerationError`, for example by boxing large elements or replacing it with `Box<two_bit_generation::TwoBitGenerationError>`
     = help: for further information visit https://rust-lang.github.io/rust-clippy/rust-1.98.0/index.html#result_large_err

warning: using `chunks_exact` with a constant chunk size
   --> crates/borsuk/src/sq8_source.rs:315:14
    |
315 |             .chunks_exact(4)
    |              ^^^^^^^^^^^^^^^ help: consider using `as_chunks` instead: `as_chunks::<4>().0.iter()`
    |
    = help: for further information visit https://rust-lang.github.io/rust-clippy/rust-1.98.0/index.html#chunks_exact_to_as_chunks

warning: using `chunks_exact` with a constant chunk size
   --> crates/borsuk/src/sq8_source.rs:319:32
    |
319 |         for row in values[..6].chunks_exact(2) {
    |                                ^^^^^^^^^^^^^^^ help: consider using `as_chunks` instead: `as_chunks::<2>().0`
    |
    = help: for further information visit https://rust-lang.github.io/rust-clippy/rust-1.98.0/index.html#chunks_exact_to_as_chunks

warning: `borsuk` (lib test) generated 1310 warnings (1259 duplicates) (run `cargo clippy --fix --lib -p borsuk --tests -- -D clippy::correctness -D clippy::suspicious` to apply 22 suggestions)
warning: using `chunks_exact` with a constant chunk size
   --> crates/borsuk/tests/two_bit_source.rs:128:27
    |
128 |     for record in records.chunks_exact(10) {
    |                           ^^^^^^^^^^^^^^^^ help: consider using `as_chunks` instead: `as_chunks::<10>().0`
    |
    = help: for further information visit https://rust-lang.github.io/rust-clippy/rust-1.98.0/index.html#chunks_exact_to_as_chunks
    = note: `-W clippy::chunks-exact-to-as-chunks` implied by `-W clippy::all`
    = help: to override `-W clippy::all` add `#[allow(clippy::chunks_exact_to_as_chunks)]`

warning: missing documentation for the crate
   --> crates/borsuk/tests/two_bit_source.rs:1:1
    |
  1 | / use borsuk::two_bit_source::{TwoBitPlane, TwoBitSource};
  2 | | use sha2::{Digest, Sha256};
  3 | | use std::fs;
...   |
267 | |     assert!(TwoBitPlane::open(&root, &hash(&body), &sq8_sha, 1024 * 1024).is_err());
268 | | }
    | |_^
    |
    = note: requested on the command line with `-W missing-docs`

warning: `borsuk` (test "two_bit_source") generated 2 warnings (run `cargo clippy --fix --test "two_bit_source" -p borsuk -- -D clippy::correctness -D clippy::suspicious` to apply 1 suggestion)
warning: using `chunks_exact` with a constant chunk size
   --> crates/borsuk/src/bin/v287_exact_pq_page.rs:104:29
    |
104 |     for (row, bytes) in sq8.chunks_exact(780).enumerate() {
    |                             ^^^^^^^^^^^^^^^^^ help: consider using `as_chunks` instead: `as_chunks::<780>().0.iter()`
    |
    = help: for further information visit https://rust-lang.github.io/rust-clippy/rust-1.98.0/index.html#chunks_exact_to_as_chunks
    = note: `-W clippy::chunks-exact-to-as-chunks` implied by `-W clippy::all`
    = help: to override `-W clippy::all` add `#[allow(clippy::chunks_exact_to_as_chunks)]`

warning: using `chunks_exact` with a constant chunk size
   --> crates/borsuk/src/bin/v287_exact_pq_page.rs:121:14
    |
121 |             .chunks_exact(4)
    |              ^^^^^^^^^^^^^^^ help: consider using `as_chunks` instead: `as_chunks::<4>().0.iter()`
    |
    = help: for further information visit https://rust-lang.github.io/rust-clippy/rust-1.98.0/index.html#chunks_exact_to_as_chunks

warning: `borsuk` (bin "v287_exact_pq_page" test) generated 2 warnings (run `cargo clippy --fix --bin "v287_exact_pq_page" -p borsuk --tests -- -D clippy::correctness -D clippy::suspicious` to apply 2 suggestions)
warning: manually reimplementing `div_ceil`
   --> crates/borsuk/src/bin/v151_page_seeded_graph.rs:176:45
    |
176 |             (page * 8..((page + 1) * 8).min((ROWS + 31) / 32)).collect::<Vec<_>>()
    |                                             ^^^^^^^^^^^^^^^^ help: consider using `.div_ceil()`: `ROWS.div_ceil(32)`
    |
    = help: for further information visit https://rust-lang.github.io/rust-clippy/rust-1.98.0/index.html#manual_div_ceil
    = note: `-W clippy::manual-div-ceil` implied by `-W clippy::all`
    = help: to override `-W clippy::all` add `#[allow(clippy::manual_div_ceil)]`

warning: manually reimplementing `div_ceil`
   --> crates/borsuk/src/bin/v151_page_seeded_graph.rs:321:67
    |
321 |             .flat_map(|&(page, _)| page * 8..((page + 1) * 8).min((ROWS + 31) / 32))
    |                                                                   ^^^^^^^^^^^^^^^^ help: consider using `.div_ceil()`: `ROWS.div_ceil(32)`
    |
    = help: for further information visit https://rust-lang.github.io/rust-clippy/rust-1.98.0/index.html#manual_div_ceil

warning: `borsuk` (bin "v151_page_seeded_graph" test) generated 2 warnings (run `cargo clippy --fix --bin "v151_page_seeded_graph" -p borsuk --tests -- -D clippy::correctness -D clippy::suspicious` to apply 2 suggestions)
warning: using `chunks_exact` with a constant chunk size
   --> crates/borsuk/src/bin/v219_serve_reachable_graph_1m.rs:112:10
    |
112 |         .chunks_exact(4)
    |          ^^^^^^^^^^^^^^^ help: consider using `as_chunks` instead: `as_chunks::<4>().0.iter()`
    |
    = help: for further information visit https://rust-lang.github.io/rust-clippy/rust-1.98.0/index.html#chunks_exact_to_as_chunks
    = note: `-W clippy::chunks-exact-to-as-chunks` implied by `-W clippy::all`
    = help: to override `-W clippy::all` add `#[allow(clippy::chunks_exact_to_as_chunks)]`

warning: using `chunks_exact` with a constant chunk size
   --> crates/borsuk/src/bin/v219_serve_reachable_graph_1m.rs:120:10
    |
120 |         .chunks_exact(4)
    |          ^^^^^^^^^^^^^^^ help: consider using `as_chunks` instead: `as_chunks::<4>().0.iter()`
    |
    = help: for further information visit https://rust-lang.github.io/rust-clippy/rust-1.98.0/index.html#chunks_exact_to_as_chunks

warning: `borsuk` (bin "v219_serve_reachable_graph_1m" test) generated 2 warnings (run `cargo clippy --fix --bin "v219_serve_reachable_graph_1m" -p borsuk --tests -- -D clippy::correctness -D clippy::suspicious` to apply 2 suggestions)
warning: very complex type used. Consider factoring parts into `type` definitions
  --> crates/borsuk/examples/resident_graph_frontier.rs:32:41
   |
32 | fn vectors(path: &Path, rows: usize) -> Result<Vec<(u64, Vec<f32>)>, Box<dyn Error>> {
   |                                         ^^^^^^^^^^^^^^^^^^^^^^^^^^^^^^^^^^^^^^^^^^^^
   |
   = help: for further information visit https://rust-lang.github.io/rust-clippy/rust-1.98.0/index.html#type_complexity
   = note: `-W clippy::type-complexity` implied by `-W clippy::all`
   = help: to override `-W clippy::all` add `#[allow(clippy::type_complexity)]`

warning: using `chunks_exact` with a constant chunk size
  --> crates/borsuk/examples/resident_graph_frontier.rs:44:14
   |
44 |             .chunks_exact(4)
   |              ^^^^^^^^^^^^^^^ help: consider using `as_chunks` instead: `as_chunks::<4>().0.iter()`
   |
   = help: for further information visit https://rust-lang.github.io/rust-clippy/rust-1.98.0/index.html#chunks_exact_to_as_chunks
   = note: `-W clippy::chunks-exact-to-as-chunks` implied by `-W clippy::all`
   = help: to override `-W clippy::all` add `#[allow(clippy::chunks_exact_to_as_chunks)]`

warning: using `chunks_exact` with a constant chunk size
  --> crates/borsuk/examples/resident_graph_frontier.rs:58:22
   |
58 |     for row in bytes.chunks_exact(DIMS * 4) {
   |                      ^^^^^^^^^^^^^^^^^^^^^^ help: consider using `as_chunks` instead: `as_chunks::<DIMS * 4>().0`
   |
   = help: for further information visit https://rust-lang.github.io/rust-clippy/rust-1.98.0/index.html#chunks_exact_to_as_chunks

warning: using `chunks_exact` with a constant chunk size
  --> crates/borsuk/examples/resident_graph_frontier.rs:60:14
   |
60 |             .chunks_exact(4)
   |              ^^^^^^^^^^^^^^^ help: consider using `as_chunks` instead: `as_chunks::<4>().0.iter()`
   |
   = help: for further information visit https://rust-lang.github.io/rust-clippy/rust-1.98.0/index.html#chunks_exact_to_as_chunks

warning: `borsuk` (example "resident_graph_frontier") generated 4 warnings (run `cargo clippy --fix --example "resident_graph_frontier" -p borsuk -- -D clippy::correctness -D clippy::suspicious` to apply 3 suggestions)
warning: using `chunks_exact` with a constant chunk size
  --> crates/borsuk/src/bin/v217_build_pq_graph_1m.rs:75:17
   |
75 |             row.chunks_exact(4)
   |                 ^^^^^^^^^^^^^^^ help: consider using `as_chunks` instead: `as_chunks::<4>().0.iter()`
   |
   = help: for further information visit https://rust-lang.github.io/rust-clippy/rust-1.98.0/index.html#chunks_exact_to_as_chunks
   = note: `-W clippy::chunks-exact-to-as-chunks` implied by `-W clippy::all`
   = help: to override `-W clippy::all` add `#[allow(clippy::chunks_exact_to_as_chunks)]`

warning: `borsuk` (bin "v217_build_pq_graph_1m" test) generated 1 warning (run `cargo clippy --fix --bin "v217_build_pq_graph_1m" -p borsuk --tests -- -D clippy::correctness -D clippy::suspicious` to apply 1 suggestion)
warning: using `chunks_exact` with a constant chunk size
  --> crates/borsuk/src/bin/v218_build_reachable_graph_100k.rs:88:21
   |
88 |                 row.chunks_exact(4)
   |                     ^^^^^^^^^^^^^^^ help: consider using `as_chunks` instead: `as_chunks::<4>().0.iter()`
   |
   = help: for further information visit https://rust-lang.github.io/rust-clippy/rust-1.98.0/index.html#chunks_exact_to_as_chunks
   = note: `-W clippy::chunks-exact-to-as-chunks` implied by `-W clippy::all`
   = help: to override `-W clippy::all` add `#[allow(clippy::chunks_exact_to_as_chunks)]`

warning: `borsuk` (bin "v218_build_reachable_graph_100k" test) generated 1 warning (run `cargo clippy --fix --bin "v218_build_reachable_graph_100k" -p borsuk --tests -- -D clippy::correctness -D clippy::suspicious` to apply 1 suggestion)
warning: using `chunks_exact` with a constant chunk size
  --> crates/borsuk/src/bin/v219_build_reachable_graph_1m.rs:89:21
   |
89 |                 row.chunks_exact(4)
   |                     ^^^^^^^^^^^^^^^ help: consider using `as_chunks` instead: `as_chunks::<4>().0.iter()`
   |
   = help: for further information visit https://rust-lang.github.io/rust-clippy/rust-1.98.0/index.html#chunks_exact_to_as_chunks
   = note: `-W clippy::chunks-exact-to-as-chunks` implied by `-W clippy::all`
   = help: to override `-W clippy::all` add `#[allow(clippy::chunks_exact_to_as_chunks)]`

warning: `borsuk` (bin "v219_build_reachable_graph_1m" test) generated 1 warning (run `cargo clippy --fix --bin "v219_build_reachable_graph_1m" -p borsuk --tests -- -D clippy::correctness -D clippy::suspicious` to apply 1 suggestion)
warning: using `chunks_exact` with a constant chunk size
   --> crates/borsuk/src/bin/v248_serve_cohere_graph_100k.rs:130:14
    |
130 |             .chunks_exact(4)
    |              ^^^^^^^^^^^^^^^ help: consider using `as_chunks` instead: `as_chunks::<4>().0.iter()`
    |
    = help: for further information visit https://rust-lang.github.io/rust-clippy/rust-1.98.0/index.html#chunks_exact_to_as_chunks
    = note: `-W clippy::chunks-exact-to-as-chunks` implied by `-W clippy::all`
    = help: to override `-W clippy::all` add `#[allow(clippy::chunks_exact_to_as_chunks)]`

warning: using `chunks_exact` with a constant chunk size
   --> crates/borsuk/src/bin/v248_serve_cohere_graph_100k.rs:134:14
    |
134 |             .chunks_exact(4)
    |              ^^^^^^^^^^^^^^^ help: consider using `as_chunks` instead: `as_chunks::<4>().0.iter()`
    |
    = help: for further information visit https://rust-lang.github.io/rust-clippy/rust-1.98.0/index.html#chunks_exact_to_as_chunks

warning: using `chunks_exact` with a constant chunk size
   --> crates/borsuk/src/bin/v248_serve_cohere_graph_100k.rs:138:14
    |
138 |             .chunks_exact(4)
    |              ^^^^^^^^^^^^^^^ help: consider using `as_chunks` instead: `as_chunks::<4>().0.iter()`
    |
    = help: for further information visit https://rust-lang.github.io/rust-clippy/rust-1.98.0/index.html#chunks_exact_to_as_chunks

warning: using `chunks_exact` with a constant chunk size
   --> crates/borsuk/src/bin/v248_serve_cohere_graph_100k.rs:180:14
    |
180 |             .chunks_exact(DIMS)
    |              ^^^^^^^^^^^^^^^^^^ help: consider using `as_chunks` instead: `as_chunks::<DIMS>().0.iter()`
    |
    = help: for further information visit https://rust-lang.github.io/rust-clippy/rust-1.98.0/index.html#chunks_exact_to_as_chunks

warning: using `chunks_exact` with a constant chunk size
   --> crates/borsuk/src/bin/v248_serve_cohere_graph_100k.rs:306:10
    |
306 |         .chunks_exact(4)
    |          ^^^^^^^^^^^^^^^ help: consider using `as_chunks` instead: `as_chunks::<4>().0.iter()`
    |
    = help: for further information visit https://rust-lang.github.io/rust-clippy/rust-1.98.0/index.html#chunks_exact_to_as_chunks

warning: using `chunks_exact` with a constant chunk size
   --> crates/borsuk/src/bin/v248_serve_cohere_graph_100k.rs:314:10
    |
314 |         .chunks_exact(4)
    |          ^^^^^^^^^^^^^^^ help: consider using `as_chunks` instead: `as_chunks::<4>().0.iter()`
    |
    = help: for further information visit https://rust-lang.github.io/rust-clippy/rust-1.98.0/index.html#chunks_exact_to_as_chunks

warning: `borsuk` (bin "v248_serve_cohere_graph_100k" test) generated 6 warnings (run `cargo clippy --fix --bin "v248_serve_cohere_graph_100k" -p borsuk --tests -- -D clippy::correctness -D clippy::suspicious` to apply 6 suggestions)
warning: using `chunks_exact` with a constant chunk size
  --> crates/borsuk/src/bin/v212_rust_resident_100k.rs:61:10
   |
61 |         .chunks_exact(4)
   |          ^^^^^^^^^^^^^^^ help: consider using `as_chunks` instead: `as_chunks::<4>().0.iter()`
   |
   = help: for further information visit https://rust-lang.github.io/rust-clippy/rust-1.98.0/index.html#chunks_exact_to_as_chunks
   = note: `-W clippy::chunks-exact-to-as-chunks` implied by `-W clippy::all`
   = help: to override `-W clippy::all` add `#[allow(clippy::chunks_exact_to_as_chunks)]`

warning: using `chunks_exact` with a constant chunk size
  --> crates/borsuk/src/bin/v212_rust_resident_100k.rs:73:10
   |
73 |         .chunks_exact(4)
   |          ^^^^^^^^^^^^^^^ help: consider using `as_chunks` instead: `as_chunks::<4>().0.iter()`
   |
   = help: for further information visit https://rust-lang.github.io/rust-clippy/rust-1.98.0/index.html#chunks_exact_to_as_chunks

warning: `borsuk` (bin "v212_rust_resident_100k" test) generated 2 warnings (run `cargo clippy --fix --bin "v212_rust_resident_100k" -p borsuk --tests -- -D clippy::correctness -D clippy::suspicious` to apply 2 suggestions)
warning: using `chunks_exact` with a constant chunk size
  --> crates/borsuk/src/bin/v295_rust_two_bit_route.rs:43:10
   |
43 |         .chunks_exact(4)
   |          ^^^^^^^^^^^^^^^ help: consider using `as_chunks` instead: `as_chunks::<4>().0.iter()`
   |
   = help: for further information visit https://rust-lang.github.io/rust-clippy/rust-1.98.0/index.html#chunks_exact_to_as_chunks
   = note: `-W clippy::chunks-exact-to-as-chunks` implied by `-W clippy::all`
   = help: to override `-W clippy::all` add `#[allow(clippy::chunks_exact_to_as_chunks)]`

warning: using `chunks_exact` with a constant chunk size
  --> crates/borsuk/src/bin/v295_rust_two_bit_route.rs:89:59
   |
89 |             for record in records[first * 200..end * 200].chunks_exact(200) {
   |                                                           ^^^^^^^^^^^^^^^^^ help: consider using `as_chunks` instead: `as_chunks::<200>().0`
   |
   = help: for further information visit https://rust-lang.github.io/rust-clippy/rust-1.98.0/index.html#chunks_exact_to_as_chunks

warning: `borsuk` (bin "v295_rust_two_bit_route" test) generated 2 warnings (run `cargo clippy --fix --bin "v295_rust_two_bit_route" -p borsuk --tests -- -D clippy::correctness -D clippy::suspicious` to apply 2 suggestions)
warning: missing documentation for the crate
   --> crates/borsuk/tests/exact_sq8_mirror_direct.rs:1:1
    |
  1 | / use borsuk::exact_sq8_mirror::{ExactSq8Mirror, MirrorManifest, Placement};
  2 | | use borsuk::exact_sq8_nominee::Sq8Geometry;
  3 | | use sha2::{Digest, Sha256};
  4 | | use std::fs::{self, OpenOptions};
...   |
129 | |     fs::remove_dir_all(root).unwrap();
130 | | }
    | |_^
    |
    = note: requested on the command line with `-W missing-docs`

warning: `borsuk` (test "exact_sq8_mirror_direct") generated 1 warning
warning: using `chunks_exact` with a constant chunk size
   --> crates/borsuk/src/bin/v282_local_falsifier.rs:104:14
    |
104 |             .chunks_exact(4)
    |              ^^^^^^^^^^^^^^^ help: consider using `as_chunks` instead: `as_chunks::<4>().0.iter()`
    |
    = help: for further information visit https://rust-lang.github.io/rust-clippy/rust-1.98.0/index.html#chunks_exact_to_as_chunks
    = note: `-W clippy::chunks-exact-to-as-chunks` implied by `-W clippy::all`
    = help: to override `-W clippy::all` add `#[allow(clippy::chunks_exact_to_as_chunks)]`

warning: `borsuk` (bin "v282_local_falsifier" test) generated 1 warning (run `cargo clippy --fix --bin "v282_local_falsifier" -p borsuk --tests -- -D clippy::correctness -D clippy::suspicious` to apply 1 suggestion)
warning: missing documentation for the crate
   --> crates/borsuk/tests/resident_graph_api.rs:1:1
    |
  1 | / use std::{fs, sync::Barrier, thread};
  2 | |
  3 | | use borsuk::{
  4 | |     resident_graph_build::build_graph_generation,
...   |
112 | |     assert!(!path.exists());
113 | | }
    | |_^
    |
    = note: requested on the command line with `-W missing-docs`

warning: `borsuk` (test "resident_graph_api") generated 1 warning
warning: using `chunks_exact` with a constant chunk size
    --> crates/borsuk/tests/two_bit_generation.rs:1577:36
     |
1577 |     for (ordinal, pair) in records.chunks_exact(2).enumerate() {
     |                                    ^^^^^^^^^^^^^^^ help: consider using `as_chunks` instead: `as_chunks::<2>().0.iter()`
     |
     = help: for further information visit https://rust-lang.github.io/rust-clippy/rust-1.98.0/index.html#chunks_exact_to_as_chunks
     = note: `-W clippy::chunks-exact-to-as-chunks` implied by `-W clippy::all`
     = help: to override `-W clippy::all` add `#[allow(clippy::chunks_exact_to_as_chunks)]`

warning: missing documentation for the crate
    --> crates/borsuk/tests/two_bit_generation.rs:1:1
     |
   1 | / use borsuk::two_bit_build::TwoBitGenerationBuilder;
   2 | | use borsuk::two_bit_store::{publish_two_bit_generation, read_two_bit_head};
   3 | | use borsuk::{
   4 | |     two_bit_generation::{TwoBitGeneration, TwoBitGenerationLimits},
...    |
2225 | |     assert!(!corrupt.exists());
2226 | | }
     | |_^
     |
     = note: requested on the command line with `-W missing-docs`

warning: `borsuk` (test "two_bit_generation") generated 2 warnings (run `cargo clippy --fix --test "two_bit_generation" -p borsuk -- -D clippy::correctness -D clippy::suspicious` to apply 1 suggestion)
warning: using `chunks_exact` with a constant chunk size
  --> crates/borsuk/src/bin/v214_build_pq_graph_100k.rs:75:17
   |
75 |             row.chunks_exact(4)
   |                 ^^^^^^^^^^^^^^^ help: consider using `as_chunks` instead: `as_chunks::<4>().0.iter()`
   |
   = help: for further information visit https://rust-lang.github.io/rust-clippy/rust-1.98.0/index.html#chunks_exact_to_as_chunks
   = note: `-W clippy::chunks-exact-to-as-chunks` implied by `-W clippy::all`
   = help: to override `-W clippy::all` add `#[allow(clippy::chunks_exact_to_as_chunks)]`

warning: `borsuk` (bin "v214_build_pq_graph_100k" test) generated 1 warning (run `cargo clippy --fix --bin "v214_build_pq_graph_100k" -p borsuk --tests -- -D clippy::correctness -D clippy::suspicious` to apply 1 suggestion)
warning: this `if` statement can be collapsed
   --> crates/borsuk/src/bin/v202_two_cap_cover_preflight.rs:192:9
    |
192 | /         if let Some(ref candidate) = chosen {
193 | |             if !matches(&plan.optional_risk, candidate) {
194 | |                 return Err(format!("V202 exact feasible witness differs at {index} tier {tier}: actual {:?} vs reference {:?}",
195 | |                     candidate.intervals, plan.optional_risk.intervals).into());
196 | |             }
197 | |         }
    | |_________^
    |
    = help: for further information visit https://rust-lang.github.io/rust-clippy/rust-1.98.0/index.html#collapsible_if
    = note: `-W clippy::collapsible-if` implied by `-W clippy::all`
    = help: to override `-W clippy::all` add `#[allow(clippy::collapsible_if)]`
help: collapse nested if block
    |
192 ~         if let Some(ref candidate) = chosen
193 ~             && !matches(&plan.optional_risk, candidate) {
194 |                 return Err(format!("V202 exact feasible witness differs at {index} tier {tier}: actual {:?} vs reference {:?}",
195 |                     candidate.intervals, plan.optional_risk.intervals).into());
196 ~             }
    |

warning: `borsuk` (bin "v202_two_cap_cover_preflight" test) generated 1 warning (run `cargo clippy --fix --bin "v202_two_cap_cover_preflight" -p borsuk --tests -- -D clippy::correctness -D clippy::suspicious` to apply 1 suggestion)
warning: missing documentation for the crate
   --> crates/borsuk/tests/two_bit_gc_delayed_delete.rs:1:1
    |
  1 | / mod common;
  2 | |
  3 | | use borsuk::{
  4 | |     two_bit_gc::{TwoBitGcLimits, collect_two_bit_garbage},
...   |
305 | |     assert!(operations.matching_paths(|_, _| true).is_empty());
306 | | }
    | |_^
    |
    = note: requested on the command line with `-W missing-docs`

warning: `borsuk` (test "two_bit_gc_delayed_delete") generated 1 warning
warning: using `chunks_exact` with a constant chunk size
   --> crates/borsuk/src/bin/v218_serve_reachable_graph_100k.rs:112:10
    |
112 |         .chunks_exact(4)
    |          ^^^^^^^^^^^^^^^ help: consider using `as_chunks` instead: `as_chunks::<4>().0.iter()`
    |
    = help: for further information visit https://rust-lang.github.io/rust-clippy/rust-1.98.0/index.html#chunks_exact_to_as_chunks
    = note: `-W clippy::chunks-exact-to-as-chunks` implied by `-W clippy::all`
    = help: to override `-W clippy::all` add `#[allow(clippy::chunks_exact_to_as_chunks)]`

warning: using `chunks_exact` with a constant chunk size
   --> crates/borsuk/src/bin/v218_serve_reachable_graph_100k.rs:120:10
    |
120 |         .chunks_exact(4)
    |          ^^^^^^^^^^^^^^^ help: consider using `as_chunks` instead: `as_chunks::<4>().0.iter()`
    |
    = help: for further information visit https://rust-lang.github.io/rust-clippy/rust-1.98.0/index.html#chunks_exact_to_as_chunks

warning: `borsuk` (bin "v218_serve_reachable_graph_100k" test) generated 2 warnings (run `cargo clippy --fix --bin "v218_serve_reachable_graph_100k" -p borsuk --tests -- -D clippy::correctness -D clippy::suspicious` to apply 2 suggestions)
warning: using `chunks_exact` with a constant chunk size
  --> crates/borsuk/src/bin/v296_two_bit_validation_plans.rs:53:52
   |
53 |         for row in records[first * 200..end * 200].chunks_exact(200) {
   |                                                    ^^^^^^^^^^^^^^^^^ help: consider using `as_chunks` instead: `as_chunks::<200>().0`
   |
   = help: for further information visit https://rust-lang.github.io/rust-clippy/rust-1.98.0/index.html#chunks_exact_to_as_chunks
   = note: `-W clippy::chunks-exact-to-as-chunks` implied by `-W clippy::all`
   = help: to override `-W clippy::all` add `#[allow(clippy::chunks_exact_to_as_chunks)]`

warning: using `chunks_exact` with a constant chunk size
   --> crates/borsuk/src/bin/v296_two_bit_validation_plans.rs:109:10
    |
109 |         .chunks_exact(4)
    |          ^^^^^^^^^^^^^^^ help: consider using `as_chunks` instead: `as_chunks::<4>().0.iter()`
    |
    = help: for further information visit https://rust-lang.github.io/rust-clippy/rust-1.98.0/index.html#chunks_exact_to_as_chunks

warning: the loop variable `ordinal` is used to index `requests`
   --> crates/borsuk/src/bin/v296_two_bit_validation_plans.rs:128:20
    |
128 |     for ordinal in input.first..input.first + input.count {
    |                    ^^^^^^^^^^^^^^^^^^^^^^^^^^^^^^^^^^^^^^
    |
    = help: for further information visit https://rust-lang.github.io/rust-clippy/rust-1.98.0/index.html#needless_range_loop
    = note: `-W clippy::needless-range-loop` implied by `-W clippy::all`
    = help: to override `-W clippy::all` add `#[allow(clippy::needless_range_loop)]`
help: consider using an iterator and enumerate()
    |
128 -     for ordinal in input.first..input.first + input.count {
128 +     for (ordinal, <item>) in requests.iter().enumerate().skip(input.first).take(input.count) {
    |

warning: `borsuk` (bin "v296_two_bit_validation_plans" test) generated 3 warnings (run `cargo clippy --fix --bin "v296_two_bit_validation_plans" -p borsuk --tests -- -D clippy::correctness -D clippy::suspicious` to apply 2 suggestions)
warning: using `chunks_exact` with a constant chunk size
   --> crates/borsuk/src/bin/v291_rust_sq8_parity.rs:102:14
    |
102 |             .chunks_exact(4)
    |              ^^^^^^^^^^^^^^^ help: consider using `as_chunks` instead: `as_chunks::<4>().0.iter()`
    |
    = help: for further information visit https://rust-lang.github.io/rust-clippy/rust-1.98.0/index.html#chunks_exact_to_as_chunks
    = note: `-W clippy::chunks-exact-to-as-chunks` implied by `-W clippy::all`
    = help: to override `-W clippy::all` add `#[allow(clippy::chunks_exact_to_as_chunks)]`

warning: `borsuk` (bin "v291_rust_sq8_parity" test) generated 1 warning (run `cargo clippy --fix --bin "v291_rust_sq8_parity" -p borsuk --tests -- -D clippy::correctness -D clippy::suspicious` to apply 1 suggestion)
warning: using `chunks_exact` with a constant chunk size
   --> crates/borsuk/src/bin/v214_serve_pq_graph_100k.rs:119:10
    |
119 |         .chunks_exact(4)
    |          ^^^^^^^^^^^^^^^ help: consider using `as_chunks` instead: `as_chunks::<4>().0.iter()`
    |
    = help: for further information visit https://rust-lang.github.io/rust-clippy/rust-1.98.0/index.html#chunks_exact_to_as_chunks
    = note: `-W clippy::chunks-exact-to-as-chunks` implied by `-W clippy::all`
    = help: to override `-W clippy::all` add `#[allow(clippy::chunks_exact_to_as_chunks)]`

warning: using `chunks_exact` with a constant chunk size
   --> crates/borsuk/src/bin/v214_serve_pq_graph_100k.rs:127:10
    |
127 |         .chunks_exact(4)
    |          ^^^^^^^^^^^^^^^ help: consider using `as_chunks` instead: `as_chunks::<4>().0.iter()`
    |
    = help: for further information visit https://rust-lang.github.io/rust-clippy/rust-1.98.0/index.html#chunks_exact_to_as_chunks

warning: `borsuk` (bin "v214_serve_pq_graph_100k" test) generated 2 warnings (run `cargo clippy --fix --bin "v214_serve_pq_graph_100k" -p borsuk --tests -- -D clippy::correctness -D clippy::suspicious` to apply 2 suggestions)
warning: using `chunks_exact` with a constant chunk size
   --> crates/borsuk/src/bin/check_semantic_router_scorer.rs:154:34
    |
154 |     for (physical, word) in body.chunks_exact(8).enumerate() {
    |                                  ^^^^^^^^^^^^^^^ help: consider using `as_chunks` instead: `as_chunks::<8>().0.iter()`
    |
    = help: for further information visit https://rust-lang.github.io/rust-clippy/rust-1.98.0/index.html#chunks_exact_to_as_chunks
    = note: `-W clippy::chunks-exact-to-as-chunks` implied by `-W clippy::all`
    = help: to override `-W clippy::all` add `#[allow(clippy::chunks_exact_to_as_chunks)]`

warning: `borsuk` (bin "check_semantic_router_scorer" test) generated 1 warning (run `cargo clippy --fix --bin "check_semantic_router_scorer" -p borsuk --tests -- -D clippy::correctness -D clippy::suspicious` to apply 1 suggestion)
warning: this `if` statement can be collapsed
   --> crates/borsuk/src/bin/v201_relaxed_cover_preflight.rs:175:9
    |
175 | /         if let Some(ref candidate) = chosen {
176 | |             if !matches(&plan.optional_risk, candidate) {
177 | |                 return Err(format!("V201 exact feasible witness differs at {index} tier {tier}: actual {:?} vs reference {:?}",
178 | |                     candidate.intervals, plan.optional_risk.intervals).into());
179 | |             }
180 | |         }
    | |_________^
    |
    = help: for further information visit https://rust-lang.github.io/rust-clippy/rust-1.98.0/index.html#collapsible_if
    = note: `-W clippy::collapsible-if` implied by `-W clippy::all`
    = help: to override `-W clippy::all` add `#[allow(clippy::collapsible_if)]`
help: collapse nested if block
    |
175 ~         if let Some(ref candidate) = chosen
176 ~             && !matches(&plan.optional_risk, candidate) {
177 |                 return Err(format!("V201 exact feasible witness differs at {index} tier {tier}: actual {:?} vs reference {:?}",
178 |                     candidate.intervals, plan.optional_risk.intervals).into());
179 ~             }
    |

warning: `borsuk` (bin "v201_relaxed_cover_preflight" test) generated 1 warning (run `cargo clippy --fix --bin "v201_relaxed_cover_preflight" -p borsuk --tests -- -D clippy::correctness -D clippy::suspicious` to apply 1 suggestion)
warning: using `chunks_exact` with a constant chunk size
  --> crates/borsuk/src/bin/v199_live_s3_resident_fp16.rs:95:10
   |
95 |         .chunks_exact(4)
   |          ^^^^^^^^^^^^^^^ help: consider using `as_chunks` instead: `as_chunks::<4>().0.iter()`
   |
   = help: for further information visit https://rust-lang.github.io/rust-clippy/rust-1.98.0/index.html#chunks_exact_to_as_chunks
   = note: `-W clippy::chunks-exact-to-as-chunks` implied by `-W clippy::all`
   = help: to override `-W clippy::all` add `#[allow(clippy::chunks_exact_to_as_chunks)]`

warning: `borsuk` (bin "v199_live_s3_resident_fp16" test) generated 1 warning (run `cargo clippy --fix --bin "v199_live_s3_resident_fp16" -p borsuk --tests -- -D clippy::correctness -D clippy::suspicious` to apply 1 suggestion)
warning: missing documentation for the crate
  --> crates/borsuk/tests/rotated_two_bit.rs:1:1
   |
 1 | / use borsuk::rotated_two_bit::RotatedTwoBitCodec;
 2 | | use sha2::{Digest, Sha256};
 3 | |
 4 | | #[test]
...  |
49 | |     assert!(RotatedTwoBitCodec::new(&[f32::INFINITY], 7).is_err());
50 | | }
   | |_^
   |
   = note: requested on the command line with `-W missing-docs`

warning: `borsuk` (test "rotated_two_bit") generated 1 warning
warning: using `chunks_exact` with a constant chunk size
  --> crates/borsuk/src/bin/v150_unit_centroid_graph.rs:91:10
   |
91 |         .chunks_exact(4)
   |          ^^^^^^^^^^^^^^^ help: consider using `as_chunks` instead: `as_chunks::<4>().0.iter()`
   |
   = help: for further information visit https://rust-lang.github.io/rust-clippy/rust-1.98.0/index.html#chunks_exact_to_as_chunks
   = note: `-W clippy::chunks-exact-to-as-chunks` implied by `-W clippy::all`
   = help: to override `-W clippy::all` add `#[allow(clippy::chunks_exact_to_as_chunks)]`

warning: `borsuk` (bin "v150_unit_centroid_graph" test) generated 1 warning (run `cargo clippy --fix --bin "v150_unit_centroid_graph" -p borsuk --tests -- -D clippy::correctness -D clippy::suspicious` to apply 1 suggestion)
warning: using `chunks_exact` with a constant chunk size
  --> crates/borsuk/src/bin/v213_resident_graph_100k.rs:99:17
   |
99 |             row.chunks_exact(4)
   |                 ^^^^^^^^^^^^^^^ help: consider using `as_chunks` instead: `as_chunks::<4>().0.iter()`
   |
   = help: for further information visit https://rust-lang.github.io/rust-clippy/rust-1.98.0/index.html#chunks_exact_to_as_chunks
   = note: `-W clippy::chunks-exact-to-as-chunks` implied by `-W clippy::all`
   = help: to override `-W clippy::all` add `#[allow(clippy::chunks_exact_to_as_chunks)]`

warning: `borsuk` (bin "v213_resident_graph_100k" test) generated 1 warning (run `cargo clippy --fix --bin "v213_resident_graph_100k" -p borsuk --tests -- -D clippy::correctness -D clippy::suspicious` to apply 1 suggestion)
warning: using `chunks_exact` with a constant chunk size
   --> crates/borsuk/src/bin/v217_serve_pq_graph_1m.rs:112:10
    |
112 |         .chunks_exact(4)
    |          ^^^^^^^^^^^^^^^ help: consider using `as_chunks` instead: `as_chunks::<4>().0.iter()`
    |
    = help: for further information visit https://rust-lang.github.io/rust-clippy/rust-1.98.0/index.html#chunks_exact_to_as_chunks
    = note: `-W clippy::chunks-exact-to-as-chunks` implied by `-W clippy::all`
    = help: to override `-W clippy::all` add `#[allow(clippy::chunks_exact_to_as_chunks)]`

warning: using `chunks_exact` with a constant chunk size
   --> crates/borsuk/src/bin/v217_serve_pq_graph_1m.rs:120:10
    |
120 |         .chunks_exact(4)
    |          ^^^^^^^^^^^^^^^ help: consider using `as_chunks` instead: `as_chunks::<4>().0.iter()`
    |
    = help: for further information visit https://rust-lang.github.io/rust-clippy/rust-1.98.0/index.html#chunks_exact_to_as_chunks

warning: `borsuk` (bin "v217_serve_pq_graph_1m" test) generated 2 warnings (run `cargo clippy --fix --bin "v217_serve_pq_graph_1m" -p borsuk --tests -- -D clippy::correctness -D clippy::suspicious` to apply 2 suggestions)
warning: this `if` statement can be collapsed
   --> crates/borsuk/src/bin/v205_dual_certificate_preflight.rs:223:9
    |
223 | /         if let Some(ref candidate) = chosen {
224 | |             if !matches(&plan.optional_risk, candidate) {
225 | |                 return Err(format!("V205 exact feasible witness differs at {index} tier {tier}: actual {:?} vs reference {:?}",
226 | |                     candidate.intervals, plan.optional_risk.intervals).into());
227 | |             }
228 | |         }
    | |_________^
    |
    = help: for further information visit https://rust-lang.github.io/rust-clippy/rust-1.98.0/index.html#collapsible_if
    = note: `-W clippy::collapsible-if` implied by `-W clippy::all`
    = help: to override `-W clippy::all` add `#[allow(clippy::collapsible_if)]`
help: collapse nested if block
    |
223 ~         if let Some(ref candidate) = chosen
224 ~             && !matches(&plan.optional_risk, candidate) {
225 |                 return Err(format!("V205 exact feasible witness differs at {index} tier {tier}: actual {:?} vs reference {:?}",
226 |                     candidate.intervals, plan.optional_risk.intervals).into());
227 ~             }
    |

warning: `borsuk` (bin "v205_dual_certificate_preflight" test) generated 1 warning (run `cargo clippy --fix --bin "v205_dual_certificate_preflight" -p borsuk --tests -- -D clippy::correctness -D clippy::suspicious` to apply 1 suggestion)
warning: this `if` statement can be collapsed
   --> crates/borsuk/src/bin/prepare_cohere_native_cohort.rs:525:21
    |
525 | /                     if let Some(part) = part {
526 | |                         if id < 9 {
527 | |                             self.integers[part][id] = Some(value);
528 | |                         }
529 | |                     }
    | |_____________________^
    |
    = help: for further information visit https://rust-lang.github.io/rust-clippy/rust-1.98.0/index.html#collapsible_if
    = note: `-W clippy::collapsible-if` implied by `-W clippy::all`
    = help: to override `-W clippy::all` add `#[allow(clippy::collapsible_if)]`
help: collapse nested if block
    |
525 ~                     if let Some(part) = part
526 ~                         && id < 9 {
527 |                             self.integers[part][id] = Some(value);
528 ~                         }
    |

warning: very complex type used. Consider factoring parts into `type` definitions
    --> crates/borsuk/src/bin/prepare_cohere_native_cohort.rs:1087:29
     |
1087 |     static SOURCE_MUTATION: std::cell::RefCell<Option<(PathBuf, Vec<u8>, Vec<u8>)>> = const { std::cell::RefCell::new(None) };
     |                             ^^^^^^^^^^^^^^^^^^^^^^^^^^^^^^^^^^^^^^^^^^^^^^^^^^^^^^^
     |
     = help: for further information visit https://rust-lang.github.io/rust-clippy/rust-1.98.0/index.html#type_complexity
     = note: `-W clippy::type-complexity` implied by `-W clippy::all`
     = help: to override `-W clippy::all` add `#[allow(clippy::type_complexity)]`

warning: using `chunks_exact` with a constant chunk size
    --> crates/borsuk/src/bin/prepare_cohere_native_cohort.rs:1630:30
     |
1630 |         for query in queries.chunks_exact(2) {
     |                              ^^^^^^^^^^^^^^^ help: consider using `as_chunks` instead: `as_chunks::<2>().0`
     |
     = help: for further information visit https://rust-lang.github.io/rust-clippy/rust-1.98.0/index.html#chunks_exact_to_as_chunks
     = note: `-W clippy::chunks-exact-to-as-chunks` implied by `-W clippy::all`
     = help: to override `-W clippy::all` add `#[allow(clippy::chunks_exact_to_as_chunks)]`

warning: using `chunks_exact` with a constant chunk size
    --> crates/borsuk/src/bin/prepare_cohere_native_cohort.rs:1672:14
     |
1672 |             .chunks_exact(8)
     |              ^^^^^^^^^^^^^^^ help: consider using `as_chunks` instead: `as_chunks::<8>().0.iter()`
     |
     = help: for further information visit https://rust-lang.github.io/rust-clippy/rust-1.98.0/index.html#chunks_exact_to_as_chunks

warning: `borsuk` (bin "prepare_cohere_native_cohort" test) generated 4 warnings (run `cargo clippy --fix --bin "prepare_cohere_native_cohort" -p borsuk --tests -- -D clippy::correctness -D clippy::suspicious` to apply 3 suggestions)
warning: using `chunks_exact` with a constant chunk size
   --> crates/borsuk/src/bin/v209_resident_nominee_1m.rs:108:10
    |
108 |         .chunks_exact(4)
    |          ^^^^^^^^^^^^^^^ help: consider using `as_chunks` instead: `as_chunks::<4>().0.iter()`
    |
    = help: for further information visit https://rust-lang.github.io/rust-clippy/rust-1.98.0/index.html#chunks_exact_to_as_chunks
    = note: `-W clippy::chunks-exact-to-as-chunks` implied by `-W clippy::all`
    = help: to override `-W clippy::all` add `#[allow(clippy::chunks_exact_to_as_chunks)]`

warning: `borsuk` (bin "v209_resident_nominee_1m" test) generated 1 warning (run `cargo clippy --fix --bin "v209_resident_nominee_1m" -p borsuk --tests -- -D clippy::correctness -D clippy::suspicious` to apply 1 suggestion)
warning: using `chunks_exact` with a constant chunk size
  --> crates/borsuk/src/bin/v292_centroid_route.rs:63:10
   |
63 |         .chunks_exact(780)
   |          ^^^^^^^^^^^^^^^^^ help: consider using `as_chunks` instead: `as_chunks::<780>().0.iter()`
   |
   = help: for further information visit https://rust-lang.github.io/rust-clippy/rust-1.98.0/index.html#chunks_exact_to_as_chunks
   = note: `-W clippy::chunks-exact-to-as-chunks` implied by `-W clippy::all`
   = help: to override `-W clippy::all` add `#[allow(clippy::chunks_exact_to_as_chunks)]`

warning: using `chunks_exact` with a constant chunk size
   --> crates/borsuk/src/bin/v292_centroid_route.rs:124:14
    |
124 |             .chunks_exact(4)
    |              ^^^^^^^^^^^^^^^ help: consider using `as_chunks` instead: `as_chunks::<4>().0.iter()`
    |
    = help: for further information visit https://rust-lang.github.io/rust-clippy/rust-1.98.0/index.html#chunks_exact_to_as_chunks

warning: `borsuk` (bin "v292_centroid_route" test) generated 2 warnings (run `cargo clippy --fix --bin "v292_centroid_route" -p borsuk --tests -- -D clippy::correctness -D clippy::suspicious` to apply 2 suggestions)
warning: using `chunks_exact` with a constant chunk size
   --> crates/borsuk/src/bin/v215_serve_pq_cosine_graph_100k.rs:119:10
    |
119 |         .chunks_exact(4)
    |          ^^^^^^^^^^^^^^^ help: consider using `as_chunks` instead: `as_chunks::<4>().0.iter()`
    |
    = help: for further information visit https://rust-lang.github.io/rust-clippy/rust-1.98.0/index.html#chunks_exact_to_as_chunks
    = note: `-W clippy::chunks-exact-to-as-chunks` implied by `-W clippy::all`
    = help: to override `-W clippy::all` add `#[allow(clippy::chunks_exact_to_as_chunks)]`

warning: using `chunks_exact` with a constant chunk size
   --> crates/borsuk/src/bin/v215_serve_pq_cosine_graph_100k.rs:127:10
    |
127 |         .chunks_exact(4)
    |          ^^^^^^^^^^^^^^^ help: consider using `as_chunks` instead: `as_chunks::<4>().0.iter()`
    |
    = help: for further information visit https://rust-lang.github.io/rust-clippy/rust-1.98.0/index.html#chunks_exact_to_as_chunks

warning: `borsuk` (bin "v215_serve_pq_cosine_graph_100k" test) generated 2 warnings (run `cargo clippy --fix --bin "v215_serve_pq_cosine_graph_100k" -p borsuk --tests -- -D clippy::correctness -D clippy::suspicious` to apply 2 suggestions)
warning: `borsuk` (bin "v294_rust_source_parity") generated 4 warnings (4 duplicates)
warning: `borsuk` (bin "v216_heldout_pq_cosine_graph_100k") generated 2 warnings (2 duplicates)
warning: `borsuk` (bin "v214_serve_pq_graph_100k") generated 2 warnings (2 duplicates)
warning: `borsuk` (bin "v151_page_seeded_graph") generated 2 warnings (2 duplicates)
warning: `borsuk` (bin "v219_build_reachable_graph_1m") generated 1 warning (1 duplicate)
warning: `borsuk` (bin "v201_relaxed_cover_preflight") generated 1 warning (1 duplicate)
warning: `borsuk` (bin "v282_local_falsifier") generated 1 warning (1 duplicate)
warning: `borsuk` (bin "v287_exact_pq_page") generated 2 warnings (2 duplicates)
warning: `borsuk` (bin "v291_rust_sq8_parity") generated 1 warning (1 duplicate)
warning: `borsuk` (bin "v154_relaion_page_graph") generated 5 warnings (5 duplicates)
warning: `borsuk` (bin "v219_serve_reachable_graph_1m") generated 2 warnings (2 duplicates)
warning: `borsuk` (bin "v217_serve_pq_graph_1m") generated 2 warnings (2 duplicates)
warning: `borsuk` (bin "v239_graph_containment_100k") generated 2 warnings (2 duplicates)
warning: `borsuk` (bin "v213_resident_graph_100k") generated 1 warning (1 duplicate)
warning: `borsuk` (bin "v199_live_s3_resident_fp16") generated 1 warning (1 duplicate)
warning: `borsuk` (bin "check_semantic_router_scorer") generated 1 warning (1 duplicate)
warning: `borsuk` (bin "v296_two_bit_validation_plans") generated 3 warnings (3 duplicates)
warning: `borsuk` (bin "v150_unit_centroid_graph") generated 1 warning (1 duplicate)
warning: `borsuk` (bin "v218_build_reachable_graph_100k") generated 1 warning (1 duplicate)
warning: `borsuk` (bin "v248_serve_cohere_graph_100k") generated 6 warnings (6 duplicates)
warning: `borsuk` (bin "v212_rust_resident_100k") generated 2 warnings (2 duplicates)
warning: `borsuk` (bin "v292_centroid_route") generated 2 warnings (2 duplicates)
warning: `borsuk` (bin "v205_dual_certificate_preflight") generated 1 warning (1 duplicate)
warning: `borsuk` (bin "hierarchical_semantic_cells") generated 7 warnings (7 duplicates)
warning: `borsuk` (bin "v217_build_pq_graph_1m") generated 1 warning (1 duplicate)
warning: `borsuk` (bin "v248_build_cohere_graph_100k") generated 2 warnings (2 duplicates)
warning: `borsuk` (bin "v218_serve_reachable_graph_100k") generated 2 warnings (2 duplicates)
warning: `borsuk` (bin "v215_serve_pq_cosine_graph_100k") generated 2 warnings (2 duplicates)
warning: `borsuk` (bin "v214_build_pq_graph_100k") generated 1 warning (1 duplicate)
warning: `borsuk` (bin "v202_two_cap_cover_preflight") generated 1 warning (1 duplicate)
warning: `borsuk` (bin "v295_rust_two_bit_route") generated 2 warnings (2 duplicates)
warning: `borsuk` (bin "v209_resident_nominee_1m") generated 1 warning (1 duplicate)
warning: `borsuk` (bin "prepare_cohere_native_cohort") generated 1 warning (1 duplicate)
warning: `borsuk` (bin "v152_cached_page_graph") generated 5 warnings (5 duplicates)
warning: `borsuk` (bin "check_cohere_native_baseline") generated 2 warnings (2 duplicates)
warning: `borsuk` (bin "build_two_bit_generation") generated 1 warning (1 duplicate)
    Checking borsuk-v41 v0.0.0 (/mnt/borsuk-reducer/source/crates/borsuk-v41)
    Checking borsuk-v25 v0.0.0 (/mnt/borsuk-reducer/source/crates/borsuk-v25)
    Finished `dev` profile [unoptimized + debuginfo] target(s) in 4m 30s
